CD + digital,LOCAL,ARTIST,ALBUM,Label,ADDED,promoter,FCC Warnings,Rec. Tracks,GENRE,RIYL,Rating/predicted popularity,approx. REMOVE DATE
digital,,DJ Harrison,Tales From The Old Dominion,Stones Throw,1/11/2022,Co-Sign,,"4, 2","Neo-Soul, Instrumental Hip-Hop","Madlib, Mndsgn, Knxwledge, Ohbliv, Butcher Brown",★★★★,3/11/2022
digital,,Mary Akpa,Nnoo,Self-Released,1/11/2022,Co-Sign,,"2, 3","Neo-Soul, R&B","Sade, Kelsey Lu, Erykah Badu, Solange, Melanie Charles",★★★,3/11/2022
digital,,Frozen Inertia,After the Circus,Self-Released,1/11/2022,Pirate!,,"1, 2, 4, 5, 9","Indie Rock, Psychedelic Rock","Loma, King Gizzard, The Antlers, Sigur Ros",★★★,3/11/2022
digital,,Jeremiah Furr,Catch A Ride to the Unknown,Self-Released,1/11/2022,Pirate!,,"1, 3","Noise Rock, Garage Rock, Heavy Psych","Ty Segall, Thee Oh Sees, Black Lips",★★★★,3/11/2022
digital,,North Arm,Bring The Daylight,Broken Stone Records,1/11/2022,Pirate!,,"1, 9, 2, 3",Indie Folk,"Cass McCombs, Sam Evian, Hovvdy, Kurt Vile",★★★,3/11/2022
digital,,Toby Jenkins,Island of Terror,Boggles Records,1/11/2022,Pirate!,,"2, 6",Psychedelic Pop,"Sparks, MGMT, Alex Cameron, Giorgio Moroder, Serge Gainsbourg, Wendy Carlos, Syd Barret",★★★,3/11/2022
digital,,Aeon Station,Observatory,Sub Pop,1/11/2022,Shine On,,"6, 3, 2, 10, 5",Indie Rock,"The Wrens [duh], Broken Social Scene, Wolf Parade",★★★★,3/11/2022
digital,,Alice Phoebe Lou,Child's Play,Self-Released,1/11/2022,Shine On,,"1, 10",Indie Pop,"strongboi [duh], Angel Olsen, Laura Marling, Julia Jacklin, Big Thief",★★★,3/11/2022
digital,,Bent Arcana,Gong Splat,Castle Face,1/11/2022,Shine On,,"1, 5","Jazz Fusion, Psychedelic Rock","John Dwyer, CAN, Boredoms, Thurston Moore, The Mekons",★★★★★,3/11/2022
digital,x,Pedazo De Carne Con Ojo,All I Know [single],Fire Talk,1/11/2022,Terrorbird,,,Hip-House,,★★★★,5/11/2022
digital,,Widowspeak,Everything Is Simple [single],Captured Tracks,1/11/2022,Terrorbird,,,"Indie Rock, Dream Pop",,★★★★,3/11/2022
digital,,Yarn.,I Said Goodbye and Then...,Self-Released,1/11/2022,Terrorbird,"5, 7","1, 2",Indie Pop,"Arlo Parks, Mae Powell, Clairo",★★★,3/11/2022
digital,,Let's Eat Grandma,Happy New Year [single],Transgressive / [PIAS],1/11/2022,Terrorbird / Syndicate / Planetary,,,Indie Pop,,★★★★,3/11/2022
digital,,Sis,Gnani [EP],Native Cat,1/11/2022,Tiger Bomb,,"1, 2","Exp. Pop, Avant-Folk","Flock Of Dimes, Bedouine, Cassandra Jenkins",★★★★,3/11/2022
digital,x,22º Halo,Garden Bed,Lost Sound Tapes,1/11/2022,,,,Indie Rock,,★★★★,5/11/2022
digital,x,Elison Jackson,Off Brand / Rain [single],Spectral Evidence,1/11/2022,,,,Indie Folk,,★★★★,5/11/2022
digital,x,Jo Kusy,Roller Rink Holiday,Kooze Kastle,1/11/2022,,,,"Lo-Fi Indie Rock, Garage Rock, Psych Pop",,★★★★,5/11/2022
digital,x,Jo Kusy,Sixteen Wierd & Wild Lo-Fi Hits Vol,Kooze Kastle,1/11/2022,,,,"Lo-Fi Indie Rock, Garage Rock, Psych Pop",,★★★★,5/11/2022
digital,x,Knifeplay,Hurt Someone / Ornament,Born Losers,1/11/2022,,,,Shoegaze,,★★★★,5/11/2022
digital,x,Laikamori,Kháos / Arka,Self-Released,1/11/2022,,,,"Darkwave, Dream Pop",,★★★★,5/11/2022
digital,x,Laikamori,AMOK / HYPNO,Self-Released,1/11/2022,,,,"Dream Pop, Darkwave",,★★★★,5/11/2022
digital,x,Return to Zion,"There, there Little Lamb! Paradise Awaits You",Cult Recordings,1/11/2022,,,,"Art Rock, Post-Rock",,★★★★,5/11/2022
digital,x,Wives,Wivez,Self-Released,1/11/2022,,"3, (others TBD)",,Noise Rock,,★★★★,5/11/2022
digital,x,ylayali,caterpillar graveyard,Self-Released,1/11/2022,,,,"Lo-Fi Indie Rock, Dream Pop",,★★★★,5/11/2022
digital,x,ylayali,shadow on the grass,Self-Released,1/11/2022,,,,"Lo-Fi Indie Rock, Dream Pop",,★★★★,5/11/2022
digital,x,ylayali,magic eye,Self-Released,1/11/2022,,,,"Lo-Fi Indie Rock, Dream Pop",,★★★★,5/11/2022
digital,x,ylayali,magic eye live,Self-Released,1/11/2022,,,,"Lo-Fi Indie Rock, Dream Pop",,★★★★,5/11/2022
digital,,Aldous Harding,Lawn [single],4AD,1/18/2022,Beggars,,,"Singer/Songwriter, Indie Folk","Big Thief, Julia Jacklin, Hand Habits",★★★★,3/18/2022
digital,,Parquet Courts,Watching Strangers Smile [single],Rough Trade,1/18/2022,Beggars,,,"Indie Rock, Garage Rock","Goat Girl, Iceage, Omni, Shame",★★★★★,3/18/2022
digital,,Bonobo,Fragments,Ninja Tune,1/18/2022,Co-Sign,,"2, 3, 4, 5","Downtempo, Future Garage","Four Tet, Maribou State, Khruangbin, DJ Shadow",★★★,3/18/2022
digital,,Fontaines D.C.,Jackie Down the Line [single],Paristan,1/18/2022,Co-Sign,,,"Post-Punk, Jangle Pop","IDLES, Shame, The Pogues, Nick Cave, Rolling Blackouts CF, Protomartyr",★★★★★,3/18/2022
digital,,Broken Social Scene,Old Dead Young: B-Sides & Rarities,Arts & Crafts,1/18/2022,Pirate!,"2, 3, 5, 7","9, 10, 13, 14",Indie Rock,"Feist, Dirty Projectors, Stars, New Pornographers, Wolf Parade",★★★,3/18/2022
digital,,Darksoft,Cryo,Look Up,1/18/2022,Pirate!,,"2, 1, 5, 6",Dream Pop,"Wild Nothing, Swervedriver, My Bloody Valentine, Slowdive, Teenage Wrist, DIIV",★★★,3/18/2022
digital,x,Empath,Passing Stranger [single],Fat Possum,1/18/2022,Planetary,,,Noise Pop,"No Age, Spirit of the Beehive, FEELS, Perfect Pussy, Control Top, Katie Day",★★★★★,5/18/2022
digital,,Fazer,Plex,City Slang,1/18/2022,Planetary,,"3, 4, 7, 11","Free Jazz, Nu Jazz","Nate Smith, Christian Scott aTunde Adjuah, Snarky Puppy, Alfa Mist",★★★,3/18/2022
digital,,Royal Chant,Shoot The Messenger,Dirty Mab,1/18/2022,Planetary,,"2, 3, 4","Alt. Rock, Garage Rock","Guided by Voices, Royal Headache, Sebadoh, Soul Asylum, Buffalo Tom",★★★,3/18/2022
digital,,Sham Family,Sham Family [EP],Wavy Haze,1/18/2022,Planetary,4,"2, 3",Post-Punk,"Born Ruffians, Iceage, IDLES, Shame, Protomartyr",★★★★,3/18/2022
digital,,Warmduscher,Fatso [single],Bella Union / PIAS,1/18/2022,Planetary,,,"Funk Rock, Dance-Punk","Parquet Courts, Fat White Family, Moonlandingz",★★★★,3/18/2022
digital,,shame,This Side of the Sun [single],Dead Oceans,1/18/2022,Secretly,,,"Post-Punk, Art Punk","IDLES, Preoccupations, Viagra Boys",★★★★★,3/18/2022
digital,,They Hate Change,1000 Horses (feat. Sarge) [single],Jagjaguwar,1/18/2022,Secretly,use clean edit!,,Experimental Hip-Hop,"JPEGMAFIA, Injury Reserve, Danny Brown",★★★★,3/18/2022
digital,,Guerilla Toss,Cannibal Capital [single],Sub Pop,1/18/2022,Shine On,,,"Neo-Psychedelia, Dance-Punk","Deerhoof, Ought, Brainiac, Battles",★★★★★,3/18/2022
digital,,Lael Neale,Hotline [single],Sub Pop,1/18/2022,Shine On,,,Dream Pop,"U.S. Girls, Mazzy Star, Faye Webster, Angel Olsen",★★★★,3/18/2022
digital,,LIFE,Friends Without Names [single],The Liquid Label,1/18/2022,Shine On,,,"Post-Punk, Indie Rock","Protomartyr, Yard Act, Squid, Fontaines D.C., Iceage",★★★★,3/18/2022
digital,,Passed Out,"Well Enough, For Now [EP]",Admirable Traits,1/18/2022,Shine On,,"1, 2","Emo-Pop, Midwest Emo","Wild Pink, Desaparecidos, American Football, Alex G",★★★,3/18/2022
digital,,Softcult,Gaslight [single],Easy Life,1/18/2022,Shine On,,,"Dream Pop, Indie Rock","Snail Mail, Slowdive, Soccer Mommy, Pale Waves",★★★★,3/18/2022
digital + CD,,Cat Power,Covers,Domino,1/18/2022,Terrorbird,,"1, 3, 8","Indie Rock, Indie Pop","PJ Harvey, Sharon Van Etten, Mazzy Star",★★★★,3/18/2022
digital,,Sun June,Somewhere (Expanded),Run For Cover,1/18/2022,Terrorbird,,"1, 12, 14","Indie Pop, Dream Pop","Lomelda, Girlpool, Tomberlin, Madeline Kenney",★★★★,3/18/2022
digital,,Yeule,Too Dead Inside [single],Bayonet,1/18/2022,Terrorbird,,,Art Pop,"Zsela, FKA Twigs, Eartheater",★★★★,3/18/2022
digital,,Connie Roses,"There's a light inside the tunnel, come and grab my hand",Self-Released,1/18/2022,,"1, 4, 6","2, 3",Abstract Hip-Hop,"Open Mike Eagle, Milo/R.A.P. Ferreira, Mac Miller",★★★,3/18/2022
digital,,Foxtails,fawn,Skeletal Lightning,1/18/2022,,"1, 3","8, 2, 4, 9","Screamo, Post-Hardcore","The Fall of Troy, Slint, City of Caterpillar",★★★★,3/18/2022
digital,x,Jim Rats,rotten [EP],Self-Released,1/18/2022,,TBD,,Post-Punk,"The Serfs, DIAT, Sweeping Promises, EXEK",★★★★,5/18/2022
digital,x,Torcomian,For Reasons Undefined,Self-Released,1/18/2022,,5 (bitch),"1, 2, 3",Alternative Rock,"Red Hot Chili Peppers, System of a Down",★★★,5/18/2022
digital,,Big Thief,Simulation Swarm [single],4AD,1/25/2022,Beggars,,,Indie Folk,"Aldous Harding, Lomelda, Hand Habits",★★★★,3/25/2022
digital,,Darkside,Ecdysis! [single],Matador,1/25/2022,Beggars,,,"Neo-Psychedelia, Krautrock","Squid, Burial, Nicolas Jaar, Floating Points",★★★★,3/25/2022
digital,,Eric Scott Stevens,The Indelible Afterimage,Self-Released,1/25/2022,Pirate!,,,"Folk Rock, Dream Pop","Low, Bonnie Prince Billy, The Wallflowers ",★★★,3/25/2022
digital,,Yard Act,The Overload,Zen F.C.,1/25/2022,Planetary,"1, 2, 4, 5, 7, 8, 10, 11 (edits available)","1*, 3, 4*, 7*","Post-Punk, Art Punk","Fontaines D.C., Fat White Family, Courting",★★★★,3/25/2022
digital + CD,,Grace Cummings,Storm Queen,ATO,1/25/2022,Shine On,,"1, 7, 10","Singer/Songwriter, Cont. Folk","Weyes Blood, Aldous Harding, TORRES, Mega Bog",★★★,3/25/2022
digital + CD,,Pedro the Lion,Havasu,Polyvinyl,1/25/2022,Shine On,,"3, 4, 6, 5",Indie Rock,"David Bazan, Advance Base, Cursive, Owen, Conor Oberst/Bright Eyes",★★★★,3/25/2022
digital + CD,,Boris,W.,Sacred Bones,1/25/2022,Terrorbird,,"3, 6, 2","Post-Rock, Neo-Psych","King Woman, Planning For Burial, Sunn O))), Earth",★★★★,3/25/2022
digital,,Camp Cope,Blue [single],Run For Cover,1/25/2022,Terrorbird,,,Indie Rock,"Diet Cig, Alex Lahey, The Beths, Remember Sports",★★★★,3/25/2022
digital,,Cloakroom,Dissolution Wave,Relapse,1/25/2022,Terrorbird,,"3, 1, 5",Shoegaze,"NOTHING, Hum, Narrow Head, Greet Death",★★★★★,3/25/2022
digital,,Hatchie,Quicksand [single],Secretly,1/25/2022,Terrorbird,,,Indie Pop,"Jay Som, Japanese Breakfast, Let's Eat Grandma",★★★★,3/25/2022
digital + CD,,Reptaliens,Multiverse,Captured Tracks,1/25/2022,Terrorbird,"1, 2","3, 4, 5",Indie Pop,"Cate Le Bon, Alvvays, La Luz, Slow Pulp,",★★★★,3/25/2022
digital,,BODEGA,Thrown [single],What's Your Rupture,1/25/2022,The Syndicate,,,Art Punk,"Omni, Wire, Do Nothing, Yard Act, Snapped Ankles",★★★★,3/25/2022
digital,,FKA twigs,CAPRISONGS,Young / Atlantic,1/25/2022,The Syndicate,"1, 2, 3, 4, 5, 9, 11","10, 15, 12, 16","Alt. R&B, UK Bass, UK Hip-Hop","Shygirl, Arca, Charli XCX, Rina Sawayama, Yves Tumor",★★★★,3/25/2022
digital,,allie,cast iron // infinite jesters [single],Saddle Creek,1/25/2022,,,,"Singer/Songwriter, Indie Folk","Hovvdy, Claud, Clairo, Tomberlin, Girlpool, Soccer Mommy",★★★,3/25/2022
digital,x,"Depression, Mom",Once in California / Like A Drug [single],Self-Released,1/25/2022,,,,Indie Pop,"Japanese Breakfast, Bleachers, Hana Vu",★★★★,5/25/2022
digital,,Elena Setién,Unfamiliar Minds,Thrill Jockey,1/25/2022,,,,"Singer/Songwriter, Indie Folk",,★★★,3/25/2022
digital,,Flood Twin,Flood Twin,Self-Released,1/25/2022,,7,"1, 4, 8","Post-Punk, Art Punk","Protomartyr, Nick Cave / The Birthday Party, The Fall, IDLES",★★★★,3/25/2022
digital,,The Body & OAA,Barren of Joy [single],Thrill Jockey,1/25/2022,,,,Drone Metal,"Full of Hell, Uniform, Swans, Boris",★★★★,3/25/2022
digital,,Combo Chimbita,IRE,ANTI-,2/1/2022,AMAPAC / Pirate,,,"Latin Folk, Cumbia, Neo-Psychedelia","Very Be Careful, Goat, Tropa Magica, Bicicletas Por La Paz, Dengue Fever, Parquet Courts",★★★,4/1/2022
digital,,Steve Gunn,Nakama [EP],Matador,2/1/2022,Beggars,,,Folk Rock,,★★★★,4/1/2022
digital,,Marissa Burwell,Bittersweet,Grind Central,2/1/2022,Pirate!,,"1, 4, 7",Indie Folk,"Phoebe Bridgers, Taylor Janzen, Big Thief, Lucy Dacus, Hannah Georgas ",★★★★,4/1/2022
digital,,Wet Leg,Too Late Now / Oh No [single],Domino,2/1/2022,Pirate!,"1, 2 (edits available)","1*, 2*, 3, 4","Post-Punk, Dream Pop","Dry Cleaning, Goat Girl, Sorry, Pip Blom, Mitski",★★★★★,4/1/2022
digital,,Alcopops,Devil EP [EP],Kangalls Krall Records,2/1/2022,Planetary,,"1, 4","Indie Rock, Shoegaze","Mo Troper, White Reaper, Camp Trash, Floating Room, Dazy, Wavves",★★★★,4/1/2022
digital,,EELS,Extreme Witchcraft,E-Works / PIAS,2/1/2022,Planetary,11,"2, 4, 7, 1",Indie Rock,"The Dandy Warhols, Gomez, Sparklehorse, The Flaming Lips, Supergrass",★★★★,4/1/2022
digital,,Hater,Something [single],Fire Records,2/1/2022,Planetary,,,Indie Pop,"FEWS, Julia Shapiro, Snail Mail",★★★★,4/1/2022
digital,,Pom Poko,This Is Our House [EP],Bella Union / PIAS,2/1/2022,Planetary,,"1, 4","Indie Rock, Noise Pop","Crying, Superorganism, Let’s Eat Grandma, U.S. Girls, Bad Sounds, Alvvays",★★★★★,4/1/2022
digital,,The Weather Station,Endless Time [single],Fat Possum,2/1/2022,Planetary,,,Singer/Songwriter,"Julia Holter, Jessica Pratt, Aldous Harding, Weyes Blood, Cate le Bon",★★★★,4/1/2022
digital,,Neil Frances,There is no Neil Frances,Nettwerk,2/1/2022,Planetary / Terrorbird,"2, 13","4, 7, 8, 11","Indie Pop, Nu-Disco","Sam Evian, LEISURE, MorMor, Porches, Mild High Club, Homeshake",★★★,4/1/2022
digital,,King Gizzard & the Lizard Wizard,Butterfly 3001,KGLW,2/1/2022,Shine On,,,Neo-Psychedelia,"Peaches, The Scientist, Thee Oh Sees / OSees, Ty Segall",★★★★★,4/1/2022
digital,,Underpass,Deluxe Industrial,No Sun Recordings,2/1/2022,Shine On,,"1, 2, 4","Indie Pop, Noise Pop","The Drums, Rolling Blackouts Coastal Fever, Jesus And Mary Chain, Beach Fossils",★★★,4/1/2022
digital,,Walt Disco,How Cool Are You? [single],Lucky Number,2/1/2022,Shine On,USE CLEAN EDIT,,"Synthpop, New Wave, Art Pop","David Bowie, of Montreal, HMLTD, Sparks, Porches",★★★★,4/1/2022
digital + CD,,A Place to Bury Strangers,I'm Hurt [single],Self-Released,2/1/2022,Terrorbird,,,Industrial Rock,"Ringo Deathstarr, The Jesus and Mary Chain, True Widow, and My Bloody Valentine",★★★★,4/1/2022
digital,,Bnny,I'm Just Fine [single],Fire Talk,2/1/2022,Terrorbird,,,Indie Rock,"Dehd, Mitski, Lala Lala, Mia Joy",★★★★,4/1/2022
digital,,Spaceface,Anemoia,Mothland,2/1/2022,Terrorbird,6,"2, 3, 4",Indie Pop," Beck, MGMT, Flaming Lips ",★★★★,4/1/2022
digital,,waveform*,Last Room,Run For Cover,2/1/2022,Terrorbird,,"1, 4, 7, 2","Indie Rock, Indie Folk","Alex G., Horse Jumper of Love, Emily Yacina, Milly",★★★★,4/1/2022
digital,,Anaïs Mitchell,Anaïs Mitchell,BMG,2/1/2022,The Syndicate,,"2, 1, 6",Cont. Folk,,★★★,4/1/2022
digital,,Jeremiah Moon,Sputnik,Enci,2/1/2022,Vitriol,,"3, 2, 4, 1","Indie Folk, Experimental Pop","Elliott Smith, Father John Misty, Sufjan Stevens, Thom Yorke",★★★,4/1/2022
vinyl (12) + digital,,Alpha Hopper,Aloha Hopper,Radical Empathy / Swimming In Faith,2/1/2022,,TBD,,"Noise Punk, Post-Hardcore",,★★★★★,4/1/2022
vinyl (7),,Aneurysm,Stop this ride [EP],Puritan Candy,2/1/2022,,,,"Noise Rock, Garage Rock",,★★★★,4/1/2022
vinyl (12),,Avery R. Young,Tubman.,FPE Records,2/1/2022,,TBD,,Soul,,★★★,4/1/2022
vinyl (12),,Bafus/Brewer/Raskin,Hornets/Queasy,Lather Records,2/1/2022,,clean!,,"Exp. Rock, Jazz Fusion, Free Jazz meets noise rock",,★★★★★,4/1/2022
digital,,Daniel Blumberg,The World to Come,Mute,2/1/2022,,,,Modern Classical,"Josephine Foster, Peter Brötzmann",★★★,4/1/2022
vinyl (12) + digital,,Darling Little Jackhammer,Pain Hurts,JoJoJr. Records,2/1/2022,,TBD,,"Noise Pop, Math Rock","Palm, The Brave Little Abacus, Glass Beach",★★★★,4/1/2022
vinyl (12),x,Destroying Angels,Making Beds In A Burning House,FDH Records,2/1/2022,,TBD,,"Chamber Pop, Indie Pop, Post-Punk",,★★★★,6/1/2022
vinyl (12),,Don Telling's Island Mysteries,Don Telling's Island Mysteries,Self-Released,2/1/2022,,clean!,,Hawaiian Lounge Music???,,★★★,4/1/2022
vinyl (12),,It Thing,Kensington Way Revisited,Etown Records,2/1/2022,,TBD,,Lo-Fi Indie Rock / Indie Pop,,★★★★,4/1/2022
digital,,Josephine Foster,Godmother,Fire Records,2/1/2022,,,"3, 8","Baroque Pop, Avant-Folk","Joanna Newsom, Marissa Nadler, Cate Le Bon",★★★★,4/1/2022
vinyl (12) + digital,x,Joy On Fire,Thunderdome [single],Self-Released,2/1/2022,,clean!,,Jazz-Punk,Writhing Squares,★★★★★,6/1/2022
vinyl (12),,Le Tour,Terra Eyes,Self-Released,2/1/2022,,TBD,,"Noise Punk, Art Punk","Black Eyes, Squid, Slint",★★★★,4/1/2022
digital,,Lewsberg,Six Hills [single],Speedy Wunderground,2/1/2022,,,,Post-Punk,"The Velvet Underground, Silverbacks, the Cool Greenhouse",★★★★★,4/1/2022
digital,x,Mark Feehan,MF VII: Through The Dark Past,Self-Released,2/1/2022,,,,Experimental Rock,,★★★★,6/1/2022
digital,x,Mark Feehan,MF VIII: Solstice,Self-Released,2/1/2022,,,,Experimental Rock,,★★★★,6/1/2022
vinyl (12),,Miss June,Bad Luck Party,Frenchkiss Records,2/1/2022,,TBD,,"Punk Rock, Noise Pop",,★★★★,4/1/2022
digital,x,"Nyxy Nyx, Sun Organ, & Sandcastle",Made For This Life [singles],Blight Records,2/1/2022,,1,"5, 7, 10","Exp. Rock, Shoegaze, Noise Pop","Spirit of the Beehive, Empath, My Bloody Valentine",★★★★,6/1/2022
vinyl (12),,Pas Musique,Amateur Radio,Alrealon Musique,2/1/2022,,,,"Krautrock, Ambient, Art Rock",,★★★★,4/1/2022
vinyl (12) + digital,,Pas Musique,Psychedelic Tailsmans,Alrealon Musique,2/1/2022,,,,"Ambient, Electro-psych (?), Krautrock",,★★★,4/1/2022
vinyl (12),,Pascale Project,Be Urself,Orange Milk,2/1/2022,,TBD,,Dance/House,,★★★,4/1/2022
digital,x,Poppy,Brilliant Volume [EP],Self-Released,2/1/2022,,,,Alt. Rock,,★★★★,6/1/2022
vinyl (7),,Projections on a Wall,"Particles b​/​w Capgun Halloween, Railroad [single]",Justaphine Records,2/1/2022,,,,"Post-Punk, Alt. Rock",,★★★,4/1/2022
vinyl (10),,Rich Medina,Dick's Beat Market: The King's Instincts / Dr. Feeling It [single],RBMBoots,2/1/2022,,,,Deep House,,★★★★,4/1/2022
digital,x,Sparrow Steeple,Return to Universe pt. 1,Self-Released,2/1/2022,,,,Folk Rock,,★★★★,6/1/2022
digital,x,Sparrow Steeple,Return to Universe pt. 2,Self-Released,2/1/2022,,,,Folk Rock,,★★★★,6/1/2022
vinyl (12),,Special Vices,Special Vices,Gold Watch Records,2/1/2022,,TBD,,"Punk Rock, Afropunk",,★★★,4/1/2022
digital,x,Spirit of the Beehive,The Door Is Open / The Door Is Closing [single],Saddle Creek,2/1/2022,,,,"Neo-Psychedelia, Noise Pop, Experimental Rock","Animal Collective, Palm, Black Midi, Empath",★★★★★,6/1/2022
digital,,Thank,Thoughtless Cruelty [singles],Exploding In Sound,2/1/2022,,,,Post-Punk,"USA Nails, Famous, Legss, DITZ, IDLES",★★★★,4/1/2022
vinyl (12),,The Cherry Blossoms,Mystery Meet,Feeding Tube,2/1/2022,,TBD,,"Experimental Folk, Avant-Folk",,★★★★,4/1/2022
vinyl (12) + digital,,The Gerunds,"Hitsville, PA",Uranium Rush Records,2/1/2022,,TBD,"1, 2","Alt. Rock, Post-Punk","Dag Nasty, Joy Division, Wire",★★★,4/1/2022
digital,,The Shifters,Open Vault,Adagio 380,2/1/2022,,,,Art Punk,"UV Race, Constant Mongrel, Alien Nosejob",★★★★,4/1/2022
vinyl (7),,Twïnn,Lovebird [EP],Self-Released,2/1/2022,,,,Dream Pop,,★★★★,4/1/2022
vinyl (12) + digital,,"Black Country, New Road",Ants From Up There,Ninja Tune,2/8/2022,Co-Sign,,"2, 3, 5, 4","Post-Rock, Chamber Pop","black midi, Squid, Xiu Xiu, Spirit of the Beehive",★★★★★,4/8/2022
digital,,Los Bitchos,Let the Festivities Begin!,City Slang,2/8/2022,Co-Sign,,"7, 3, 6","Cumbia, Surf Rock","Khruangbin, La Luz, Bomba Estéreo, Combo Chimbita, Altin Gün",★★★★,4/8/2022
digital,,Mitski,Laurel Hell,Dead Oceans,2/8/2022,Co-Sign,,"2, 6, 5, 7","Synthpop, Art Pop, Art Rock","Snail Mail, Japanese Breakfast, Frankie Cosmos",★★★★★,4/8/2022
digital,,Sweat,Gotta Give It Up,Pirates Press,2/8/2022,Pirate!,"1, 2, 3, 4, 6, 10 (edits avail)","1*, 2*, 3*, 5",Punk Rock,"Mannequin Pu*sy, Wipers, Rival Mob, Sheer Mag, Dangers, Hot Snakes, Graf Orlock",★★★,4/8/2022
digital,,Arlo Parks,Softly [single],Transgressive / PIAS,2/8/2022,Planetary,,,Bedroom Pop,"Nilüfer Yanya, Soccer Mommy, Jamila Woods, Helena Deland, Lianne La Havas",★★★★,4/8/2022
digital,,Hippo Campus,LP3,Grand Jury,2/8/2022,Planetary,"1, 2, 3, 4, 7, 8","5, 6, 9",Indie Pop/Rock,"Vampire Weekend, Vacation Manor, COIN, JR JR, Sure Sure",★★★,4/8/2022
digital,,Modern Nature,Island of Noise,Bella Union / PIAS,2/8/2022,Planetary,,"7, 3, 6","Psychedelic Folk, Chamber Pop","Big Thief, Sufjan Stevens, Tomberlin, Anna St. Louis, Itasca",★★★★,4/8/2022
digital + CD,,The Applesauce Tears,Scores,Black Cottage,2/8/2022,Shine On,,"5, 6, 7","Alt. Rock, Neo-Psychedelia","The Avalanches, Tobacco, Flaming Lips, Boards Of Canada",★★★,4/8/2022
digital,x,Loveseat Pete,"God Damn, Give Up (God Damn is an FCC violation, don't say on air!)",Self-Released,2/8/2022,Terrorbird,3 + TITLE!,"1, 4, 2","Indie Rock, Garage Rock","Wavves, LVL Up, White Reaper",★★★★,6/8/2022
digital,,Yeule,Glitch Princess,Bayonet,2/8/2022,Terrorbird,"1, 4, 5, 8, 11, 12 (edits avail)","6, 8*, 11*","Glitch Pop, Art Pop","Purity Ring, CHVRCHES, Sassy009, Jessy Lanza",★★★★,4/8/2022
digital + CD,,Animal Collective,Time Skiffs,Domino,2/8/2022,The Syndicate,,"3, 5, 4","Neo-Psychedelia, Psychedelic Pop","Dirty Projectors, Deerhunter, The Unicorns",★★★★,4/8/2022
digital,,Mythless,We [EP],Joyful Noise,2/8/2022,Tiger Bomb,,"1, 2, 3","Neo-Psychedelia, Exp. Rock","Fang Island, Maps & Atlases, Oneida",★★★,4/8/2022
digital,,CARTHIEFSCHOOL,Thug Machine [single],Transduction,2/8/2022,,,,"Noise Rock, Post-Hardcore","Boris, tricot, Melt Banana, black midi",★★★★,4/8/2022
digital,,Marbled Eye,Dirty Water [single],Flemish Eye,2/8/2022,,,,Post-Punk,"DIAT, Low Life, Lithics, Crack Cloud",,4/8/2022
digital,x,Sunchoke,Slobs,Self-Released,2/8/2022,,"1, 3, 4, 8",,"Indie Rock, Post-Punk, Midwest Emo","Cheekface, Turnstile, glass beach",★★★,6/8/2022
digital,,Thank,Thoughtless Cruelty,Exploding In Sound,2/8/2022,,,"4, 5",Post-Punk,"USA Nails, Famous, Legss, DITZ, IDLES",★★★★,4/8/2022
digital,,Caroline,Good morning (red) [single],Rough Trade,2/15/2022,Beggars,,,Post-Rock,"Black Country, New Road, deathcrash, Ethan P. Flynn",★★★★,4/15/2022
digital,,Crystal Murray,Twisted Bases [EP],Because Music,2/15/2022,Co-Sign,use clean edits,"3, 5, 8",Neo-Soul,"hygirl, Greentea Peng, Aluna, Kelis, Jamila Woods",★★★,4/15/2022
digital,,The Simps,Siblings,Lex,2/15/2022,Co-Sign,2,"1, 7, 5, 10","Dream Pop, Indie Rock","Eyedress, zzzahara, DIIV, The Garden, TV Girl",★★★★,4/15/2022
digital,,Lady Pills,What I Want,Plastic Miracles,2/15/2022,Pirate!,,"3, 5, 6, 9, 1",Indie Rock,"Rosie Tucker, Ratboys, Colleen Green, Angel Olsen, Tacocat, Hop Along, Wednesday",★★★★,4/15/2022
digital,,Night Shop,Forever Night,Dangerbird,2/15/2022,Pirate!,,"1, 3, 8, 4","Alt-Country, Folk Rock","Woods, Cut Worms, Nap Eyes, Cass McCombs, Real Estate, Kurt Vile ",★★★,4/15/2022
digital,,OMBIIGIZI,Sewn Back Together,Arts & Crafts,2/15/2022,Pirate!,8,"2, 1, 6, 3, 5","Indie Rock, Experimental Pop","Zoon, Rostam, Yves Jarvis, Widowspeak, Chad VanGaalen",★★★,4/15/2022
digital,,Cate Le Bon,Pompeii,Mexican Summer,2/15/2022,Planetary,,"2, 6, 8","Art Pop, Neo-Psychedelia","Julia Holter, Aldous Harding, Jessica Pratt, Weyes Blood",★★★★,4/15/2022
digital,x,Empath,Visitor,Fat Possum,2/15/2022,Planetary,,"2, 3, 4, 7",Noise Pop,"Lucinda Williams, No Age, The Spirit of the Beehive, FEELS",★★★★★,6/15/2022
digital,,Eric Schroeder,The Crucifixion of Eric Schroeder,Earth Libraries,2/15/2022,Planetary,"2, 7","5, 1, 6","Garage Rock, Folk Rock","Kevin Morby, Kurt Vile, Wilco, The Lemonheads, Neil Young, Woods, Cass McCombs",★★★,4/15/2022
digital + CD,,Softcult,Year of the Snake [EP],Easy Life,2/15/2022,Shine On,"1, 11","5, 12, 4, 9","Dream Pop, Indie Rock","Snail Mail, Slowdive, Soccer Mommy, Pale Waves, Bebadoobee",★★★★,4/15/2022
digital,,A Place to Bury Strangers,See Through You,Dedstrange,2/15/2022,Terrorbird,,"2, 3, 5, 11","Noise Rock, Post-Punk","Ringo Deathstarr, The Jesus and Mary Chain, True Widow, My Bloody Valentine",★★★★★,4/15/2022
digital,,Erasers,Constant Connection [single],Fire Talk / Night School,2/15/2022,Terrorbird,,,Minimal Synth,,★★★★,4/15/2022
digital,,Erasers,Constant Connection [advance tracks],Fire Talk / Night School,2/15/2022,Terrorbird,,,Minimal Synth,,★★★★,4/15/2022
digital,,Gully Boys,Favorite Sun [EP],Get Better Records,2/15/2022,Terrorbird,1,"2, 4, 5","Indie Rock, Pop Punk","VIAL, Bad Waitress, Dazey and the Scouts",★★★,4/15/2022
digital + CD,,Shamir,Heterosexuality,AntiFragile Music,2/15/2022,Terrorbird,"1, 2, 3, 5, 6, 8 (edits avail.)","1, 2, 9","Indie Rock, Noise Pop","Yves Tumor, Robyn, Empress Of, Georgia",★★★★,4/15/2022
digital,,Dropper,Don't Talk to Me,Dirt Dog,2/15/2022,Tiger Bomb,"5, 6, 9","2, 4, 7, 8","Post-Punk, Indie Rock","Wet Leg, La Luz, Stef Chura, Pip Blom",★★★★,4/15/2022
digital,x,Big Chungus,Pee Mine [EP],Wet Cassettes,2/15/2022,,"1, 4","2, 3","Synth Punk, Synthpop",,★★★★,4/15/2022
digital,,Boat Water,Ambrosia! Ambrosia! You'll live forever but no one will know ya!,Grand Compliant,2/15/2022,,,"2, 3, 6",Indie Rock,,★★★★,4/15/2022
digital,,Big Thief,Dragon New Warm Mountain I Believe in You,4AD,2/22/2022,Beggars,,"17, 7, 4, 13","Indie Folk, Folk Rock","Aldous Harding, Lomelda, Hand Habits",★★★★★,4/22/2022
digital,,Jane Inc.,Contortionists [single],Telephone Explosion,2/22/2022,Co-Sign,,,"New Wave, Art Pop","Cate Le Bon, St. Vincent, U.S. Girls, Mega Bog, Land of Talk",★★★★,4/22/2022
digital,,"Jean Carne, Adrian Younge & Ali Shaheed Muhammad",Come As You Are [single],Jazz Is Dead,2/22/2022,Co-Sign,,,Jazz-Funk,"Nancy Wilson, Herbie Hancock, Bobby McFerrin, Esperanza Spalding",★★★★,4/22/2022
digital,,Metronomy,Small World,Because Music,2/22/2022,Co-Sign / Pirate,,"3, 2, 7","Indie Pop, Indietronica","Hot Chip, LCD Soundsystem, Caribou, Tame Impala, Phoenix",★★★,4/22/2022
digital,,Howless,To Repel Ghosts,Static Blooms,2/22/2022,Force Field,,"2, 3, 4","Noise Pop, Dream Pop","Empath, PVA, Mandy, Indiana",★★★★,4/22/2022
digital,,Alice Glass,PREY // IVY,Eating Glass,2/22/2022,Pirate!,3 (edit avail.),"5, 8, 2, 4, 3*","Electropop, Post-Industrial","Crystal Castles, Grimes, Fever Ray, Purity Ring, Yeule",★★★★,4/22/2022
digital,,Duquette Johnson,The Social Animals,Single Lock,2/22/2022,Pirate!,,"11, 3, 6, 8, 9","Folk Rock, Psychedelic Folk","Jeff Tweedy, Grizfolk, Band of Horses, Calexico",★★★,4/22/2022
digital,,Frank Turner,FTHC,Xtra Mile,2/22/2022,Pirate!,"1, 4, 9, 10, 11, 17","2, 3, 7, 8, 12",Folk Punk,"Lucero, Billy Bragg, Brian Fallon, Laura Jane Grace, Dave Hause, The Menzingers, Hot Water Music",★★★,4/22/2022
digital,x,Gregor Barnett,Don't Go Throwing Roses In My Grave,Epitaph,2/22/2022,Pirate!,9,"6, 2, 3",Singer/Songwriter,"The Hold Steady, The Menzingers, Laura Jane Grace, Dave Hause",★★★,6/22/2022
digital,,Ben Auld,Lemongrass,Earth Libraries,2/22/2022,Planetary,,"5, 6, 3",Psychedelic Rock/Pop,"Big Star, Drugdealer, Shoes, the dBs, Mo Troper, Todd Rundgren, The Lemon Twigs, Tom Petty",★★★★,4/22/2022
digital,,Foxes,The Kick,PIAS,2/22/2022,Planetary,,"1, 5, 7, 11",Dance-Pop,"Charli XCX, Carly Rae Jepsen, Caroline Polachek, CHVRCHES, HAIM",★★★,4/22/2022
digital,,MAITA,I Just Want To Be Wild For You ,Kill Rock Stars,2/22/2022,Planetary,"1, 8, 11","2, 3, 5, 7",Indie Rock,"Mitski, Lucy Dacus, Black Belt Eagle Scout, Summer Cannibals",★★★★,4/22/2022
digital,,Beach House,Once Twice Melody,Sub Pop,2/22/2022,Shine On,,"1, 2, 7, 8, 5, 10, 12, 16","Dream Pop, Neo-Psychedelia","My Bloody Valentine, Low, Grizzly Bear, Cults, Lower Dens",★★★★★,4/22/2022
digital,x,Kurt Vile,Like Exploding Stones [single],Verve,2/22/2022,Shine On,,,"Folk Rock, Indie Rock","Courtney Barnett, The War On Drugs, Neil Young",★★★★,6/22/2022
digital,,Paupière,Sade Sati,Lisbon Lux,2/22/2022,Shine On,,"10, 2","French Pop, Electropop","Julia Daigle [duh], Handsome Furs, Stars, Chairlift, Caroline Polachek",★★★★,4/22/2022
digital,x,The Mary Veils,Bone Blossom Green [single],PNKSLM,2/22/2022,Shine On,,,Garage Rock,"Wand, Cory Hanson, Ty Segall, King Gizzard",★★★★,6/22/2022
digital,,Various Artists,Ocean Child: Songs of Yoko Ono Tribute Compilation,Canvasback/Atlantic,2/22/2022,Syndicate,,"1, 4, 7, 11, 12, 2",,,,4/22/2022
digital,,Cults,Cults (10th Anniversary Edition),Self-Released,2/22/2022,Terrorbird,"6, 10, 14","2, 9, 13",Indie Pop,"Youth Lagoon, Beach House, Varsity",★★★★,4/22/2022
digital,,Hatchie,Giving the World Away [single],Secretly,2/22/2022,Terrorbird,,,"Neo-Psychedelia, Dream Pop","Jay Som, Soccer Mommy, Snail Mail, Hovvdy",★★★★,4/22/2022
digital,,Liam Benzvi,Acts of Service,Terrible Records,2/22/2022,Terrorbird,3,"5, 2, 6","Dream Pop, Neo-Psychedelia","SPIRIT OF THE BEEHIVE, Yves Tumor, Beach House",★★★★,4/22/2022
digital,,Methyl Ethel,Are You Haunted?,Future Classic,2/22/2022,Terrorbird,1,"2, 4, 7",Psychedelic Pop,"Alex Lahey, Middle Kids, Gang of Youths, Arctic Monkeys",★★★,4/22/2022
digital,,Sinead O'Brien,Holy Country [single],Chess Club,2/22/2022,Terrorbird,,,"Post-Punk, Art Rock","The Cool Greenhouse, English Teacher, Famous",★★★★★,4/22/2022
digital,,Snapped Ankles,Barbecue In Brazil [single],The Leaf Label,2/22/2022,Terrorbird,,,"Post-Punk, Dance Punk","Uranium Club, Crack Cloud, Working Men's Club",★★★★★,4/22/2022
CD + digital,,Widowspeak,The Jacket [single],Captured Tracks,2/22/2022,Terrorbird,,,"Indie Rock, Dream Pop","Wild Nothing, Woods, DIIV, Tennis, Jay Som",★★★★,4/22/2022
digital,,Deserta,"Every Moment, Everything You Need",Felte,2/22/2022,Tiger Bomb,,"1, 2, 3, 6, 7","Shoegaze, Dream Pop","Slowdive, M83, Cocteau Twins, Mogwai",★★★★,4/22/2022
digital,,Future Kult,Future Kult,Action Wolf/AWAL,2/22/2022,Tiger Bomb,"2, 3","1, 5, 6, 7","Exp. Pop, Synth Punk","Gorillaz, Sleaford Mods, Crack Cloud",★★★,4/22/2022
digital,,Sunset Honor Unit,Sunset Honor Unit [EP],Marching Banana,2/22/2022,Tiger Bomb,,"1, 2, 5",Jangle Pop,"Teenage Fanclub, Big Star, Pernice Brothers, The Byrds",★★★★,4/22/2022
digital,,Dehd,Bad Love [single],Fat Possum,2/22/2022,,,,Indie Rock/Pop,"Chastity Belt, Omni, Mannequin Pussy, Deeper, Flasher",★★★★,4/22/2022
digital,,Die! Die! Die!,This Is Not An Island Anymore,Self-Released,2/22/2022,,9,"1, 4, 5","Post-Hardcore, Noise Rock","Black Eyes, Landowner, exhalants, Shellac",★★★★,4/22/2022
digital,,Dreamtigers,Ellapsis,Skeletal Lightning,2/22/2022,,TBD,"1, 2","Shoegaze, Indie Rock","Cloakroom, Slowdive, Constantines",★★★★,4/22/2022
digital,x,Echo Kid,Lonely Tree [single],Self-Released,2/22/2022,,,,Indie Rock,,★★★,6/22/2022
digital + vinyl (12),x,Heavenly Bodies,Universal Resurrection [single],Petty Bunco,2/22/2022,,,,"Drone, Exp. Rock",,★★★★,6/22/2022
digital + CD,,Kids On A Crime Spree,Fall In Love Not In Line,Slumberland,2/22/2022,,,"9, 4, 5",Noise Pop,"Empath, Cindy, Ducks Ltd., Colleen Green",★★★★,4/22/2022
digital,x,Lydia Blair,All the Nice Things [single],All the Nice Things,2/22/2022,,,,"Dance-Pop, Indie Pop",,★★★,6/22/2022
digital,,Modern Studies,We Are There,Fire Records,2/22/2022,,,"2, 5, 8",Alt. Rock,"Low, Talk Talk, Jim O'Rourke, Fleetwood Mac",★★★,4/22/2022
digital,,Rudimentary Peni,Death Church (reissue - originally from 1983),La Vida Es Un Mus,2/22/2022,,TBD,,"Anarcho-Punk, Hardcore Punk",,★★★★,4/22/2022
digital,,The Body & OAA,Enemy Of Love,Thrill Jockey,2/22/2022,,,,Drone Metal,"Full of Hell, Uniform, Swans, Boris",★★★★,4/22/2022
digital + CD,,Immortal Rotting,Devilish Incantations,CCG Productions,2/23/2022,,TBD - definitely some,,Death Metal,,★★★,4/23/2022
digital + CD,,Kids On A Crime Spree,Fall In Love Not In Line,Slumberland,2/23/2022,,,"9, 4, 5",Noise Pop,"Empath, Cindy, Ducks Ltd., Colleen Green",★★★★,4/23/2022
vinyl (12),,Worm,Foreverglade,20 Buck Spin,2/23/2022,,TBD,,"Black Metal, Death Metal",,★★★,4/23/2022
digital,,Mdou Moctar,Nakanegh Dich [single],Matador,3/1/2022,Beggars,,,"Psychedelic Rock, Taureg Blues","Kikagaku Moyo, King Gizzard..., Allah-Las",★★★★,5/1/2022
digital,,Just Mustard,I Am You b/w Still [single],Partisan,3/1/2022,Co-Sign,,,"Shoegaze, Post-Punk","Sorry, Dry Cleaning, Sunflower Bean, Dream Wife, Fontaines D.C.",★★★★,5/1/2022
digital,,My Idea,Cry MFer [single],Hardly Art,3/1/2022,Co-Sign,,,Indie Pop,"Lily Konigsberg, Palberta, Frankie Cosmos, Girlpool",★★★★,5/1/2022
digital,,Robert Glasper,Black Radio III,Loma Vista,3/1/2022,Co-Sign,use clean edits,"2, 3, 5, 4, 6","Neo-Soul, Jazz Rap","Esperanza Spalding, Jose James, Raphael Saadiq, Kamasi Washington, The Roots",★★★★,5/1/2022
digital + CD,,Superchunk,Wild Loneliness,Merge,3/1/2022,Co-Sign,,"3, 2, 6",Indie Rock,"The Thermals, Dinosaur Jr., Guided By Voices",★★★★,5/1/2022
digital,,MOsley WOtta,IT’s NOT THE YEAR IT’s YOU,Wake,3/1/2022,Pirate!,use clean edits!,"6, 2, 3, 4",Exp. Hip-Hop,"Open Mike Eagle, Shabazz Palaces, JPEGMAFIA, clipping., Gorillaz, Aesop Rock, Run The Jewels ",★★★,5/1/2022
digital,,NOBRO,Live Your Truth Shred Some Gnar,Dine Alone,3/1/2022,Pirate!,"1*, 2*, 3*, 4*, 6, 7","edits of 1, 2, 3, 4",Garage Punk,"The Linda Lindas, Bully, Bad Waitress, Potty Mouth, THICK, The Coathangers",★★★★,5/1/2022
digital,,String Machine,Hallelujah Hell Yeah,Know Hope,3/1/2022,Pirate!,,"3, 7, 8, 2, 5",Indie Folk,"Neutral Milk Hotel, Fleet Foxes, Alex G, Great Grandpa, Big Thief, Pinegrove, Arcade Fire",★★★★,5/1/2022
digital,,Dream Phases,New Distractions,Nomad Eel / Lunar Ruins,3/1/2022,Planetary,,"3, 5, 7",Psychedelic Pop,"Levitation Room, King Gizzard & The Lizard Wizard, Zig Zags, Imaad Wasif",★★★,5/1/2022
digital,,Enumclaw,2002 [single],Luminelle,3/1/2022,Planetary,,,"Indie Rock, Noise Pop","Sonic Youth, Strange Ranger, Built To Spill, Editirix, Floatie",★★★★,5/1/2022
digital,,Leah Senior,Song Selection,Flightless,3/1/2022,Planetary,,"1, 2, 5","Folk Pop, Psychedelic Folk","King Gizzard & The Lizard Wizard, Angel Olsen, Weyes Blood",★★★,5/1/2022
digital,,OSKA,"My world, My love, Paris ",Nettwerk,3/1/2022,Planetary,"6, 8 (edits. avail)","3, 4, 6*, 7, 8*",Folk Pop,"Florist, Lomelda, Clairo, Kacey Musgraves",★★★,5/1/2022
digital,,Pitted,So Pitted,Self-Released,3/1/2022,Planetary,,"1, 2, 3","Surf Rock, Post-Rock","Man Or Astro-Man?, Los Straitjackets, Chillingsworth, Captain Rico & The Ghost Band, The Surfaris, Dick Dale",★★★★,5/1/2022
digital,,Various Artists,Covers of Covers,American Laundromat,3/1/2022,Planetary,19,"1, 2, 5, 7, 10, 12",Indie Rock/Pop,"feat. Piroshka, Alex Lahey, Oceanator, Peter Bjorn & John, and more",★★★,5/1/2022
digital,,White Lies,As I Try Not To Fall Apart,PIAS,3/1/2022,Planetary,10,"1, 2, 4","Post-Punk Revival, Alt. Rock","LCD Soundsystem, Hot Chip, TV On the Radio, Blossoms",★★★,5/1/2022
digital,,Charlie Gabriel,89,Sub Pop,3/1/2022,Shine On,,"3, 4, 7, 8",New Orleans Jazz,"Preservation Hall Jazz Band, Louis Armstrong, Trombone Shorty",★★★,5/1/2022
digital + CD,,Ex Norwegian,Spook Du Jour,Think Like A Key,3/1/2022,Shine On,,"1, 2, 6, 10",Indie Rock/Pop,"of Montreal, Rolling Blackouts Coastal Fever, Lemon Twigs, Foxygen",★★★,5/1/2022
digital,,ADULT.,Becoming Undone,Dais,3/1/2022,Terrorbird,,"1, 3, 5","EBM, Synth Punk","Boy Harsher, Cold Cave, Throbbing Gristle, Cabaret Voltaire",★★★,5/1/2022
digital + CD,,Caroline Loveglow,Strawberry,100% Electronica,3/1/2022,Terrorbird,,"2, 3, 4, 6","Dream Pop, Chillwave","Hatchie, Magdalena Bay, MUNYA",★★★★,5/1/2022
digital + CD,,SASAMI,Squeeze,Domino,3/1/2022,Terrorbird,1,"3, 2, 7","Noise Pop, Indie Pop, Industrial Rock","Ian Sweet, Lala Lala, Wednesday, Spirit of the Beehive",★★★★,5/1/2022
digital,,Carson McHone,Still Life,Merge,3/1/2022,Tiger Bomb,,"1, 2, 7","Folk Rock, Americana","Julie Doiron, Waxahatchee, Charlotte Cornfield, Lily Hiatt",★★★,5/1/2022
digital,,King Pari,Mary [EP],Acrophase,3/1/2022,Tiger Bomb,,"6, 2, 5","Psychedelic Pop, Electro-R&B","Tom Misch, Parcels, Video Age",★★★,5/1/2022
digital,,Come,Peel Sessions,Fire Records,3/1/2022,,,"1, 9",Indie Rock,"Polvo, Lungfish, Chris Brokaw, Silkworm",★★★★,5/1/2022
digital,,Triple Sod,Twiddler's Elbow [EP],,3/1/2022,,,"1, 5","Downtempo, Trip Hop, Chillwave",,★★★★,5/1/2022
CD,,Scenic,Incident at Cima,Independent Project Records,3/8/2022,A man A plan A canal,FCC CLEAN,"2, 3, 8, 9, 11, 13",,,,5/8/2022
digital + CD,,The Ophelias,Rare Bodkin,Independent Project,3/8/2022,AMAPAC,,,Indie Rock,,★★★,5/8/2022
digital,,caroline,caroline,Rough Trade,3/8/2022,Beggars,,,Post-Rock,"Black Country, New Road, deathcrash, Ethan P. Flynn",★★★★,5/8/2022
digital,,Jordan Rakei,Bruises [EP],Ninja Tune,3/8/2022,Co-Sign,,"2, 1, 3",Neo-Soul,"Tom Misch, Benny Sings, Alfa Mist, Maverick Sabre",★★★,5/8/2022
digital,,Maylee Todd,Maloo,Stones Throw,3/8/2022,Co-Sign,,"6, 8, 9, 3",Neo-Soul,"Little Dragon, Mazzy Star, Beach House, Men I Trust, Jerry Paper, Sade",★★★,5/8/2022
digital,x,Ceramic Animal,Sweet Unknown,Easy Eye Sound / Concord,3/8/2022,Pirate!,,"1, 7, 6, 9","Psychedelic Rock, Folk Rock","Kurt Vile, Strand of Oaks, Pond, The War on Drugs, Foxygen, Wand",★★★★,7/8/2022
digital,,Elijah Wolf,The Brighter Lighting Demos [EP],Trash Casual,3/8/2022,Pirate!,,,"Indie Folk, Indie Rock","Foxwarren, Saintseneca, Sea Wolf, Hovvdy, Bon Iver, Fruit Bats",★★★★,5/8/2022
digital,,Madi Diaz,"Same History, New Feelings [EP]",ANTI-,3/8/2022,Pirate!,3,"1, 2, 4","Indie Folk, Singer/Songwriter","Angel Olsen, Phoebe Bridgers, Snail Mail, Half Waif",★★★,5/8/2022
digital,,supernowhere,Skinless Takes A Flight,Topshelf,3/8/2022,Pirate!,,"4, 7, 2, 6","Math Rock, Indie Rock","Mothers, Great Grandpa, Duster, Palm, Moontype",★★★★,5/8/2022
digital,,Wet Leg,Angelica [single],Domino,3/8/2022,Pirate!,,,,,,5/8/2022
digital,,Fieh,In the Sun in the Rain,Jansen Records,3/8/2022,Planetary,7,"3, 5, 6",Neo-Soul,"Hiatus Kaiyote, Rubblebucket, Unknown Mortal Orchestra, Khraungbin, Vulfpeck, The Internet, Thundercat",★★★,5/8/2022
digital,,Guided By Voices,Crystal Nuns Cathedral,GBVInc,3/8/2022,Planetary,6,"4, 9, 3, 7, 8",Indie Rock,"Car Seat Headrest, Ty Segall, Bob Mould, Superchunk, Sebadoh, The Who, Big Star, Wire",★★★★,5/8/2022
digital,,Luna Li,Duality,In Real Life / AWAL,3/8/2022,Planetary,,"1, 4, 5, 6, 7","Indie Pop, Psychedelic Pop","Forth Wanderers, MS MR, Emilie Zoé,",★★★★,5/8/2022
digital,,The Weather Station,How Is It That I Should Look At The Stars,Fat Possum,3/8/2022,Planetary,,"2, 5",Singer/Songwriter,"Julia Holter, Jessica Pratt, Aldous Harding, Weyes Blood, Cate le Bon, Sharon Van Etten, St. Vincent, Angel Olsen",★★★★,5/8/2022
digital,,Dana Gavanski,Indigo Highway [single],Flemish Eye,3/8/2022,Shine On,,,"Art Pop, Folk Pop","Cate Le Bon, Stereolab, Broadcast, Vanishing Twin",★★★★,5/8/2022
CD,,Guano Padano,Back & Forth [EP],Ponderosa Music Records,3/8/2022,Shine On,,,,,,5/8/2022
digital + CD,,Letting Up Despite Great Faults ,IV,Self-Released,3/8/2022,Shine On,,"7, 2, 5, 4",Dream Pop,"Pains of Being Pure At Heart, Beach House, Wild Nothing, The Radio Dept",★★★,5/8/2022
digital,,Sally Shapiro,Sad Cities,Italians Do It Better,3/8/2022,Shine On,,"2, 1, 3, 11, 10","Synthpop, Italo-Disco","Toro Y Moi, Hot Chip, Saint Etienne, Chromatics, Au Revoir Simone",★★★,5/8/2022
digital,,SAVAK,No Blues b/w Empathy [single],Peculiar Works,3/8/2022,Shine On,,,Indie Rock,"Obits, Hot Snakes, Sonic Youth, Eddy Current Suppression Ring",★★★★,5/8/2022
digital,,Babehoven,Sunk [EP],Double Double Whammy,3/8/2022,Terrorbird,,"1, 3, 5","Indie Folk, Slowcore","Adult Mom, Skullcrusher, Katy Kirby, TORRES",★★★★,5/8/2022
digital,,fanclubwallet,Gr8 Timing [single],AWAL,3/8/2022,Terrorbird,,,Indie Rock/Pop,,★★★★,5/8/2022
CD + digital,,Nilüfer Yanya,Painless,ATO,3/8/2022,Terrorbird,10,"1, 3, 12, 6","Indie Rock, Art Rock, Indie Pop","Tirzah, Jay Som, Lala Lala",★★★★★,5/8/2022
digital,,No Swoon,Wait to See [single],Self-Released,3/8/2022,Terrorbird,,,Dream Pop,,★★★★,5/8/2022
digital,,PENDANT,Static Dream [single],Saddle Creek,3/8/2022,Terrorbird,,,Synthpop,,★★★★,5/8/2022
digital,,Pond,Lights of Leeming [single],Spinning Top,3/8/2022,Terrorbird,,,Neo-Psychedelia,,★★★★,5/8/2022
digital,,THUS LOVE,Inamorato [single],Captured Tracks,3/8/2022,Terrorbird,,,Post-Punk,,★★★★,5/8/2022
digital,,Ho99o9,Skin [Advance Tracks],DTA,3/8/2022,The Syndicate,USE CLEAN EDITS,,Digital Hardcore,,★★★★,5/8/2022
digital,,Sevdaliza,Raving Dahlia,Twisted Elegance,3/8/2022,The Syndicate,6,"2, 3, 1","Electronic, Art Pop","FKA twigs, Yves Tumor, Blood Orange",★★★★,5/8/2022
digital,,Chief Cleopatra,Luna,Park the Van,3/8/2022,Tiger Bomb,"4, 5","1, 2, 3","Alt. R&B, Alt. Dance, Soul/Rock","Santigold, Blood Orange, Thundercat",★★★★,5/8/2022
digital,,Cy Dune,Against Face,Lightning Studios,3/8/2022,Tiger Bomb,,"1, 2, 3, 6","Garage Rock, Punk Rock","The Stooges, John Dwyer/Oh Sees, Wire",★★★★,5/8/2022
digital,,El Ten Eleven,New Year's Eve,Joyful Noise,3/8/2022,Tiger Bomb,,"1, 2, 3",Post-Rock,"Maserati, The Album Leaf, Tortoise",★★★,5/8/2022
digital,,Francis of Delirium,The Funhouse [single],Dalliance,3/8/2022,Vitriol,,,"Indie Rock, Post-Punk",,★★★★★,5/8/2022
7in,,Abi Ooze,RIP,Aklasan Records,3/8/2022,,,,,,,5/8/2022
CD,,Ravens Moreland,The Death of the Guardians of the State,Self-Released,3/8/2022,,,,,,,5/8/2022
CD,,Skeleton Shaving Cream,2021: A Space Odyssey,Self-Released,3/8/2022,,,"Electronic, Noise",,,,5/8/2022
digital,,Still Corners,Far Rider [single],Wrecking Light,3/8/2022,,,,"Indie Pop, Blues Rock (kind of?)",,★★★★,5/8/2022
7in,,Street Eaters,Punk is Dead,Nervous Intent Records,3/8/2022,,,,,,,5/8/2022
7in,,The Dead Milkmen,(We Don't Need This) Fascist Groove Thang,The Giving Groove,3/8/2022,,,,,,,5/8/2022
CD,,Various Artists,Source: The Independent Project Records Collection,Independent Project Records,3/8/2022,,,,,,,5/8/2022
CD,,William St Hugh,The Cracking Ship,Self-Released,3/8/2022,,,,,,,5/8/2022
digital,,Automatic,New Beginning [single],Stones Throw,3/15/2022,Co-Sign,,,"Post-Punk, Minimal Synth","Sorry, Sweeping Promises, Wet Leg, Sneaks",★★★★★,5/15/2022
digital,,Floating Points,Vocoder [single],Ninja Tune,3/15/2022,Co-Sign,,,Tech House,"Four Tet, Leon Vynehall, Flying Lotus, Jon Hopkins, Daniel Avery",★★★★,5/15/2022
digital,,Fly Anakin,Frank,Lex Records,3/15/2022,Co-Sign,USE CLEAN EDITS,"11, 7, 8, 3","Southern Hip-Hop, Jazz Rap","Pink Siifu, Freddie Gibbs, Dilated Peoples, Roc Marciano, Mike",★★★★,5/15/2022
digital,,Maia Friedman,Under the New Light,Last Gang,3/15/2022,Co-Sign,,"2, 1, 10, 6",Singer/Songwriter,"Weyes Blood, Cat Power, Sharon Van Etten, Bedouine",★★★,5/15/2022
digital,,Dead Tooth,Pig Pile [EP],Trash Casual,3/15/2022,Pirate!,,"6, 3, 1, 4","Art Rock, Post-Punk","A Place To Bury Strangers, Viagra Boys, Protomartyr, Gustaf, Current Joys",★★★★,5/15/2022
digital,,Early Eyes,Look Alive!,Epitaph,3/15/2022,Pirate!,"2, 4, 5, 8","3, 7, 6, 1, 10",Indie Pop/Rock,"Hippo Campus, Wallows, Vampire Weekend, Arlie, Portugal The Man",★★★,5/15/2022
digital,x,The Warhawks,This Ain't Art [EP],New Rivals,3/15/2022,Pirate!,1 (edit avail.),"2, 3, 6, 1*",Indie Rock,"Beach Slang, July Talk, Brian Fallon, Grizfolk",★★★★,7/15/2022
digital,,Morgan Harper-Jones,While You Lay Sound Asleep,PIAS,3/15/2022,Planetary,,"1, 3, 6",Singer/Songwriter,"Imogen Heap, Valley Queen, Nilüfer Yanya, Cat Power, Joni Mitchell, Bon Iver",★★★,5/15/2022
digital,,Still,A Symptom of Fate [EP],Self-Released,3/15/2022,Planetary,,1,"Post-Punk, Dream Pop","Interpol, Drab Majesty, Pale Waves, Beach Fossils, Psychedelic Furs, Mew",★★★★,5/15/2022
digital,,The Chats,Struck By Lightning [single],Bargain Bin,3/15/2022,Planetary,,,Garage Punk,"FIDLAR, The Dune Rats, WAAX, Amyl and The Sniffers, Skegss",★★★★,5/15/2022
digital,,The Districts,Great American Painting,Fat Possum,3/15/2022,Planetary,,"8, 3, 6, 2",Indie Rock,"Arcade Fire, Foxing, Radiohead, Bartees Strange, The Strokes",★★★,5/15/2022
digital,,Warmduscher,Twitchin' in the Kitchen [single],Bella Union,3/15/2022,Planetary,use edit,,"Funk Rock, Dance-Punk","Parquet Courts, Fat White Family, Moonlandingz",★★★★,5/15/2022
digital,,Oceanator,Nothing's Ever Fine [advance tracks],Polyvinyl,3/15/2022,Riot Act,,,Indie Rock,,★★★★★,5/15/2022
digital,,Alex Cameron,Oxy Music,Secretly Canadian,3/15/2022,Secretly,"2, 4, 6, 7, 8, 9 - edits avail.",,"Soft Rock, New Wave","Kirin J Callinan, Destroyer, Richard Dawson",★★★,5/15/2022
CD + digital,,A/lpaca,Make It Better,WWNBB,3/15/2022,Shine On,,"1, 2, 7",Garage Rock,"Thee Oh Sees, Ty Segall, King Gizzard & the Lizard Wizard",★★★★,5/15/2022
digital,,Raays,Innervzm [EP],Leaving,3/15/2022,Shine On,,,Ambient,,★★★★,5/15/2022
CD + digital,,System Exclusive,System Exclusive,Castle Face,3/15/2022,Shine On,2,"6, 4",Synthpop,"Lower Dens, Warpaint, !!!, Kraftwerk, Total Control",★★★★,5/15/2022
digital,,Hot Flash Heat Wave,Sportswear,Park the Van,3/15/2022,Terrorbird,,"3, 4, 5, 6, 7","Psychedelic Pop, Indie Rock","Homeshake, Mild Highclub, Inner Wave",★★★★,5/15/2022
digital,,Orion Sun,Getaway,Mom + Pop,3/15/2022,Terrorbird,"3, 4 (edits available)","3*, 4*, 2",Indie Pop,"Clairo, Jenny Hval, Omar Apollo",★★★,5/15/2022
CD + digital,,Widowspeak,The Jacket,Captured Tracks,3/15/2022,Terrorbird,,"5, 2, 1","Dream Pop, Indie Rock","Wild Nothing, Tennis, TOPS",★★★★,5/15/2022
digital,,Wombo,Below the House [single],Fire Talk,3/15/2022,Terrorbird,,,"Indie Rock, Post-Punk",,★★★★,5/15/2022
digital,,Young Guv,Guv III,Run For Cover,3/15/2022,Terrorbird,,"2, 4, 5, 6",Power Pop,"Kiwi Jr, 2nd Grade, Hovvdy",★★★★,5/15/2022
digital,,BODEGA,Broken Equipment,What's Your Rupture?,3/15/2022,The Syndicate,10,"1, 2, 7","Indie Rock, Art Punk","Omni, Gustaf, Snapped Ankles, Yard Act",★★★★,5/15/2022
digital,x,Devil Master,Acid Black Mass [single],Relapse,3/15/2022,The Syndicate,,,"Hardcore Punk, Black n' Roll",,★★★★,7/15/2022
digital,,Ho99o9,SKIN,DTA,3/15/2022,The Syndicate,USE CLEAN EDITS,"10, 2, 1, 9","Hardcore Punk, Digital Hardcore","Backxwash, Trash Talk, Show Me the Body",★★★★,5/15/2022
digital,,N8NOFACE,Homicide,SIN CARA Records,3/15/2022,US / THEM,all except recommended,"2, 5, 6, 8, 15, 16, 17",Synth Punk,"Ho99o9, Show Me The Body, Suicide",★★★,5/15/2022
digital,,Linqua Franqa,Bellringer (feat. Jeff Rosenstock) [single],Ernest Jenning,3/15/2022,Vitriol,use clean edit,,Alt. Hip-Hop,"Noname, Jay Electronica, Immortal Technique",★★★,5/15/2022
digital + CD,,Artsick,Fingers Crossed,Slumberland Records,3/15/2022,,,4,"Noise Pop, Indie Punk","Empath, Kids On A Crime Spree, April Magazine",★★★★,5/15/2022
CD,,Black Crayon,Weekend At Matt's,Self-Released,3/15/2022,,use CD! edited (3 is still explicit tho),,"Lo-Fi Indie Rock, Noise Rock, Garage Rock",,★★★★,5/15/2022
12in,,Cookie Jar,Cookie Jar,Official Memoribilia,3/15/2022,,TBD,,Funk Rock,,★★★★,5/15/2022
digital + CD,,creeping charlie,How to Kill Creeping Charlie,Self-Released,3/15/2022,,5,,Indie Pop,,★★★,5/15/2022
digital + CD,,Dead Horse One,When Love Runs Dry,Requiem Pour Un Twister,3/15/2022,,,"2, 3, 1","Shoegaze, Gothic Rock",,★★★★,5/15/2022
digital,,Delia Meshlir,Calling the Unknown,Ba Da Bing!,3/15/2022,,,"5, 2, 4","Indie Pop, Dream Pop","Sharon Van Etten, PJ Harvey, Tomberlin",★★★★,5/15/2022
digital + CD,,Funny Face,Dog In Hell,Youth Riot,3/15/2022,,TBD,"2, 8","Power Pop, Garage Rock","Pavement, Osees, Skegss",★★★,5/15/2022
digital,,Honeyglaze,Female Lead [single],Speedy Wunderground,3/15/2022,,,,"Broadcast, Cate Le Bon, Wet Leg, Big Thief",,★★★★★,5/15/2022
digital + CD,,Hudson Bell,Psychic Breaks,Self-Released,3/15/2022,,,"1, 5, 8","Lo-Fi Indie Rock, Avant-Folk",,★★★,5/15/2022
digital,,José González,El Invento [EP],Mute,3/15/2022,,,,Indie Folk,,★★★,5/15/2022
digital + CD,,Joy Cleaner,Spent Flowers,Jigsaw Records,3/15/2022,,12,,Power Pop,"Guided By Voices, Weezer, Lemonheads",★★★,5/15/2022
digital,,Mom Jeans.,Sweet Tooth,Many Hats Endeavor,3/15/2022,,"2, 8, 9, 10",,Emo-Pop,,★★★★,5/15/2022
12in,,Ornaments,...As Is,Official Memoribilia,3/15/2022,,TBD,,Indie Pop,,★★★,5/15/2022
digital,,Sam Jr.,Sam Jr.,Arts & Crafts,3/15/2022,,7,,"Psychedelic Rock, Garage Rock","Black Angels, Brian Jonestown Massacre, Spiriualized",★★★★,5/15/2022
12in,,Savoy Motel,Love Your Face,Official Memoribilia,3/15/2022,,TBD,,Glam Rock,,★★★,5/15/2022
digital + CD,,St. Paul & the Broken Bones,The Alien Coast,ATO,3/15/2022,,,,"Rhythm & Blues, Soul",,★★★,5/15/2022
digital + 12in,,The Maples,Nocturnal Play,Blade Records,3/15/2022,,TBD,"3, 4, 1",Indie Rock,,★★★★,5/15/2022
digital + CD,,"The Reds, Pinks, & Purples",Summer At Land's End,Slumberland Records,3/15/2022,,,"1, 6, 2","Indie Pop, Dream Pop","The Television Personalities, The Smiths, Galaxie 500",★★★,5/15/2022
CD,,Various Artists,Leviathan pt. 2,Holy Crap Records,3/15/2022,,,,Various,,★★★,5/15/2022
CD,,Various Artists,Leviathan pt. 1,Holy Crap Records,3/15/2022,,,,Various,,★★★,5/15/2022
digital,,Folly Group,Human and Kind [EP],Technicolour,3/22/2022,Co-Sign,,"3, 2, 1","Art Punk, Post-Punk","Squid, Working Men's Club, Yard Act, Bodega, Do Nothing",★★★★★,5/22/2022
digital,,Charger,Warhorse,Pirates Press,3/22/2022,Pirate!,3 (edit avail.),"3*, 4, 1, 5","Punk Rock, Crossover Thrash","Black Sabbath, High On Fire, Rancid, Motorhead",★★★,5/22/2022
digital,,Hovvdy,Everything [single],Grand Jury,3/22/2022,Planetary,,,Indie Folk,"Spencer Radcliffe, Alex G, Horse Jumper of Love, Field Medic",★★★★,5/22/2022
digital,,Mush,Get On Yer Soapbox [single],Memphis Industries,3/22/2022,Planetary,,,Art Punk,"Parquet Courts, Uranium Club, Yard Act, Pardoner, Cheekface",★★★★★,5/22/2022
digital,,Coral Collapse,Symmetries,Admirable Traits,3/22/2022,Shine On,,"1, 2, 4","Dream Pop, Indie Folk","Wild Nothing, Beach Fossils, DIIV, Small Black, The Drums",★★★,5/22/2022
digital,,EXEK,Advertise Here,Castle Face,3/22/2022,Shine On,TBD,"2, 4","Post-Punk, Exp. Rock","Preoccupations, Viet Cong, Women, Total Control",★★★★★,5/22/2022
digital,,No One Sphere,Isn't Everything About Something [EP],Broken Sound Tapes,3/22/2022,Shine On,,"1, 2, 3, 4",Alt. Rock,"Pavement, Nada Surf, Pixies, Dinosaur Jr. GBV",★★★,5/22/2022
CD + digital,,Sprints,A Modern Job [EP],Nice Swan,3/22/2022,Shine On,"1, 3 (edits avail.)",,Post-Punk,"Bully, PJ Harvey, PINS, Le Tigre, TV Priest, Fontaines DC",★★★★★,5/22/2022
digital,,Babeheaven,Sink Into Me,Self-Released,3/22/2022,Terrorbird,,"1, 2, 4, 5",Indie Pop,"Kali Uchis, Sedona, Crumb",★★★,5/22/2022
digital,,Cléa Vincent,Tropi-Cléa 3,Midnight Special,3/22/2022,Terrorbird,,"1, 3, 6","French Pop, Sophisti-Pop","Michelle Blades, Cate Le Bon, Y La Bamba, Juan Waters",★★★★,5/22/2022
CD + digital,,Kindsight,Swedish Punk,Rama Lama,3/22/2022,Terrorbird,7,"2, 5, 8","Indie Rock, Dream Pop","Lunar Vacation, Spud Cannon, Melby, Alvvays ",★★★★,5/22/2022
digital,,VR Sex,Rough Dimension,Dais,3/22/2022,Terrorbird,,"1, 5, 7","Darkwave, Post-Punk","Drab Majesty, riki, sextile, molchat doma",★★★★,5/22/2022
CD + digital,,Yumi Zouma,Present Tense,Polyvinyl,3/22/2022,Terrorbird,,"1, 2, 6","Indie Pop, Bedroom Pop","TOPS, Hatchie, Tennis, Barrie",★★★★,5/22/2022
digital,,Flasher,Sideways [single],Domino,3/22/2022,The Syndicate,,,"Psychedelic Pop, Dance-Punk","Crumb, Public Practice, Ought, Sneaks, French Vanilla",★★★★,5/22/2022
CD + digital,,Mattiel,Georgia Gothic,ATO,3/22/2022,The Syndicate,,"1, 5, 3, 8, 7","Indie Pop, Indie Rock","Goat Girl, Dream Wife, Porridge Radio",★★★★,5/22/2022
CD + digital,,Midlake,For the Sake of Bethel Woods,ATO,3/22/2022,The Syndicate,,"2, 4, 6, 7","Folk Rock, Psychedelic Pop","Big Thief, Cass McCombs, Damien Jurado",★★★★,5/22/2022
digital,,Oso Oso,Sore Thumb,Triple Crown,3/22/2022,The Syndicate,"5, 12, 13","2, 3, 6","Indie Rock, Emo-Pop","sports, Remo Drive, Mom Jeans., Origami Angel",★★★★,5/22/2022
digital,,dj poolboi,stay just a little while longer,Unbelievably Spectacular,3/22/2022,Tiger Bomb,"3, 5* (edit for 5 avail.)","1, 2, 4, 5*","Synthpop, Outsider House","Ross From Friends, Boards of Canada, Baltra, DJ Boring",★★★★,5/22/2022
digital,,Kishi Bashi,151a (10th Anniversary Edition),Joyful Noise,3/22/2022,Tiger Bomb,,"2, 3, 8, 4","Art Pop, Indie Pop","Andrew Bird, Jónsi, Owen Pallett",★★★,5/22/2022
digital,,Springtime,Night Raver,Joyful Noise,3/22/2022,Tiger Bomb,2,"1 (time edit), 3",Exp. Rock,"Tropical Fuck Storm, The Drones, The Necks, Dirty Three",★★★,5/22/2022
digital,,Kamikaze Palm Tree,Flamingo [single],Drag City,3/22/2022,,,,"Art Rock, Art Pop, Art Punk","Raincoats, Cate Le Bon, Slapp Happy",★★★★★,5/22/2022
digital,,Lauds,II [EP],Fort Lowell,3/22/2022,,,,"Indie Rock, Dream Pop","Beach Fossils, bdrmm, DIIV",★★★★,5/22/2022
digital,,black midi,Cavalcovers [EP],Rough Trade,3/28/2022,Beggars,,,Exp. Rock,"Squid, Black Country, New Road, Slint",★★★★★,5/28/2022
CD + digital,,Destroyer,LABYRINTHITIS,Merge,3/28/2022,Co-Sign / Tiger Bomb,"3*, 7*, 8","5, edits of 3, 7","Synthpop, Art Rock","David Bowie, Leonard Cohen, The New Pornographers",★★★★,5/28/2022
digital,,Bellows,Next of Kin,Topshelf,3/28/2022,Pirate!,"8, 11","3, 4, 5, 6","Indietronica, Chamber Pop","Sufjan Stevens, Hippo Campus, Alex G, Of Montreal, Trace Mountains, Hovvdy",★★★,5/28/2022
digital,,City of Four,Where Were We?,Mint 400 / Raining,3/28/2022,Pirate!,,"3, 1, 5, 6","Free Jazz, Jazz-Funk","Robert Glasper, Joshua Redman, Aaron Parks, Herbie Hancock, Weather Report ",★★★★,5/28/2022
digital,,Dehd,Stars [single],Fat Possum,3/28/2022,Planetary,,,"Indie Rock, Jangle Pop","Chastity Belt, Omni, Mannequin Pussy, Deeper, Flasher",★★★★,5/28/2022
digital,,Soccer Mommy,Shotgun [single],Concord / Loma Vista,3/28/2022,Planetary,,,"Indie Rock, Dream Pop","Snail Mail, Tomberlin, Mitski, Jay Som, Phoebe Bridgers",★★★★,5/28/2022
digital,,Sunglaciers,Subterranea,Mothland,3/28/2022,Planetary,,"2, 3, 10",Psychedelic Rock,"King Gizzard & The Lizard Wizard, Post Animal, Psychedelic Porn Crumpets, Ty Segall",★★★★,5/28/2022
digital,,Good Morning,Out To Pasture b/w Misery [single],Polyvinyl,3/28/2022,Shine On,,,Indie Rock,"Car Seat Headrest, Current Joys, Spoon, The Strokes",★★★★,5/28/2022
digital,,Guerilla Toss,Famously Alive,Sub Pop,3/28/2022,Shine On,,"2, 3, 5, 9, 10",Neo-Psychedelia,"Deerhoof, Ought, Brainiac, Battles",★★★★★,5/28/2022
digital,x,Kurt Vile,"Mount Airy Hill (Way Gone)"" b/w Hey Like A Child",Verve,3/28/2022,Shine On,,,Folk Rock,"Courtney Barnett, The War On Drugs, Neil Young",★★★★,7/28/2022
digital,,Namen Namen,Namen Namen,Massif,3/28/2022,Shine On,,"5, 3, 2, 1","Indie Rock, Garage Rock Revival","TV Priest, Yard Act, Thee Oh Sees, The Strokes",★★★★,5/28/2022
CD + digital,,The Mary Veils,Esoteric Hex,PNKSLM,3/28/2022,Shine On,,"1, 3, 8","Garage Rock, Psychedelic Rock","Wand, Cory Hanson, Ty Segall, King Gizzard And The Lizard Wizard",★★★★,5/28/2022
CD + digital,,Barrie,Barbara,Winspear,3/28/2022,Terrorbird,"5, 6","2, 4, 9","Synthpop, Dream Pop","Clairo, Hatchie, Faye Webster, Japanese Breakfast",★★★,5/28/2022
CD + digital,,Camp Cope,Running with the Hurricane,Run For Cover,3/28/2022,Terrorbird,,"3, 2, 8","Indie Rock, Emo","Squirrel Flower, The Ophelias, Snail Mail ",★★★★★,5/28/2022
digital,,Ducks Ltd.,Head On (ft. illuminati hotties) [single],Carpark,3/28/2022,Terrorbird,,,Jangle Pop,"Belle and Sebastian, The Smiths, Hypoluxo, Moontype",★★★★,5/28/2022
digital,,Hatchie,Lights On [single],Secretly,3/28/2022,Terrorbird,,,"Neo-Psychedelia, Dream Pop","Jay Som, Soccer Mommy, Snail Mail, Hovvdy",★★★★,5/28/2022
CD + digital,,Kilo Kish,American Gurl,Independent,3/28/2022,Terrorbird,"8, 13","5, 9, 7",Electropop,"Tei Shi, Vince Staples, Kelela, FKA Twigs",★★★,5/28/2022
digital,,PENDANT,Blue Mare [single],Saddle Creek,3/28/2022,Terrorbird,,,Dream Pop,,★★★★,5/28/2022
digital,,Young Prisms,Drifter,Fire Talk,3/28/2022,Terrorbird,7,"3, 8, 9","Shoegaze, Dream Pop","No Joy, A Place To Bury Strangers, NOTHING",★★★★,5/28/2022
digital,,Nina Garbus,Wellness Center,Strategic Alliance,3/28/2022,Tiger Bomb,,"2, 3, 4","Exp. Pop, Art Pop","Spirit of the Beehive, Water From Your Eyes, Palm, Deerhoof",★★★★,5/28/2022
digital,,Jane Weaver,Oblique Fantasy [single],Speedy Wunderground,3/28/2022,,,,"Art Pop, Dance-Punk",,★★★★★,5/28/2022
digital,,Yves Jarvis,The Zug [advance tracks],ANTI- / Flemish Eye,3/28/2022,,,,"Experimental Folk, Indie RnB","Sufjan Stevens, Angelo De Augustine, David Bowie",★★★★,5/28/2022
digital,,Denzel Curry,Melt My Eyez See Your Future,Loma Vista / Concord,4/5/2022,Co-Sign,use clean edits!,"2, 7, 13, 5","Hip-Hop, Jazz Rap","ASAP Ferg, Pop Smoke, Kendrick Lamar, Run The Jewels, DJ Shadow",★★★★,6/5/2022
CD + digital,,Ibibio Sound Machine,Electricity,Merge,4/5/2022,Co-Sign,,"5, 2, 1, 7",Afro-Funk,"Angelique Kidjo, Hot Chip, Ibeyi, Fela, William Onyeabor",★★★★,6/5/2022
digital,,Christian Lee Hutson,Quitters,ANTI-,4/5/2022,Pirate!,"1, 2, 3*, 5, 8","4, 7, 3*","Singer-Songwriter, Indie Folk","Phoebe Bridgers, Elliott Smith, Conor Oberst, Andy Shauf",★★★,6/5/2022
digital,,The Rural Alberta Advantage,The Rise [EP],Saddle Creek / Paper Bag,4/5/2022,Pirate!,,"1, 2, 4, 5","Indie Rock, Americana","Fleet Foxes, Wolf Parade, The National, Said The Whale",★★★,6/5/2022
digital,,Pillow Queens,Leave the Light On,Royal Mountain,4/5/2022,Planetary,,"1, 3, 7",Indie Rock,"Palehound, Camp Cope, Petal, Alex Lahey, The Beths, Middle Kids, Bad Waitress, Slothrust, Destroy Boys",★★★★,6/5/2022
digital,,Proper.,The Great American Novel,Father/Daughter / Big Scary Monsters,4/5/2022,Riot Act,"1, 8, 10, 12, 13",,"Pop Punk, Emo","Bartees Strange, Carly Cosgrove, Oceanator",★★★★,6/5/2022
"vinyl, CD, digital",,Walt Disco,Unlearning,Lucky Number,4/5/2022,Shine On,"3, 11","1, 13, 14, 4","Art Rock, New Wave","David Bowie, of Montreal, HMLTD, Blur, Sparks",★★★★,6/5/2022
CD + digital,,Oceanator,Nothing's Ever Fine,Polyvinyl,4/5/2022,Terrorbird,,"7, 9","Indie Rock, Power Pop","Cheekface, Jeff Rosenstock, Teenage Halloween",★★★★★,6/5/2022
CD + digital,,Sam Kogon,Sam Kogon [EP],Swap Shop,4/5/2022,Terrorbird,,"1, 2, 3",Power Pop,"Yo La Tengo, Foxygen, Kevin Morby",★★★,6/5/2022
CD + digital,,Scrunchies,Feral Coast,Dirtnap Champion,4/5/2022,Terrorbird,,"9, 6, 4",Punk Rock,"Sleater-Kinney, Mannequin Pussy, Screaming Females",★★★★,6/5/2022
digital,,Tempers,New Meaning,Dais,4/5/2022,Terrorbird,,"1, 2, 10",Coldwave/Darkwave,"Boy Harsher, Soft Kill, Public Memory, Riki",★★★★,6/5/2022
digital,,Astragal,Pure Cashmere,The Nothing Song,4/5/2022,Tiger Bomb,,"1, 3, 5, 7","Dream Pop, Post-Punk","Pinkshinyultrablast, airiel, Deeper, Lust For Youth",★★★,6/5/2022
digital,,Night Palace,Diving Rings,Park the Van,4/5/2022,Tiger Bomb,,"1, 3, 5, 8","Indie Pop, Dream Pop","Broadcast, Melody's Echo Chamber, Au Revoir Simone, Mia Joy",★★★,6/5/2022
digital,,Papercuts,Past Life Regression,Slumberland,4/5/2022,Tiger Bomb,,,Dream Pop,"Beach House, Galaxie 500, Cass McCombs",★★★★,6/5/2022
digital,,The Dead Tongues,Dust,Psychic Hotline,4/5/2022,Tiger Bomb / Co-Sign,"4, 7","1, 2, 3, 5","Indie Folk, Americana","Hiss Golden Messenger, Tallest Man on Earth, Tré Burt",★★★,6/5/2022
digital,,Hiatus Kaiyote,Mood Variant,Brainfeeder / Ninja Tune,4/12/2022,Co-Sign,,"5, 9, 2, 3, 8",Neo-Soul,"Nick Hakim, Georgia Anne Muldrow, Teebs, Mndsgn",★★★★,6/12/2022
digital,,Vicky Farewell,Sweet Company,Mac's Record Label,4/12/2022,Co-Sign,,"5, 2, 3, 8","Cont. R&B, Alt-Pop","HAI, Erika de Casier, Toro y Moi, Coco & Clair Clair, Paul Cherry",★★★,6/12/2022
digital,,Heart to Gold,Tom,Memory Music,4/12/2022,Pirate!,"1, 3, 10","2, 5, 6, 4","Emo, Indie Rock, Emo-Pop","Joyce Manor, Pup, Modern Baseball, Prince Daddy & The Hyena, Citizen",★★★,6/12/2022
digital,,Joyce Manor,Gotta Let It Go [single],Epitaph,4/12/2022,Pirate!,use clean edit,,"Power Pop, Emo-Pop","Jeff Rosenstock, Tigers Jaw, The World is a Beautiful Place & I am No Longer Afraid to Die, Title Fight, The Menzingers",★★★★★,6/12/2022
digital,,The Linda Lindas,Growing Up,Epitaph,4/12/2022,Pirate!,,"1, 2, 3, 5","Pop Punk, Power Pop","Best Coast, Bikini Kill, The Muffs, Bleached, Tacocat, Illuminati Hotties, Pom Pom Squad",★★★★,6/12/2022
CD + digital,,Wet Leg,Wet Leg,Domino,4/12/2022,Pirate!,"1*, 4*, 6*, 7*, 8*, 9*, 10, 11*, 12*","*edits* of 8*, 1*, 2, 3, 5, 12*",Indie Rock,"Sorry, Pip Blom, The Breeders, Yard Act, Mitski, Porridge Radio, Goat Girl",★★★★★,6/12/2022
digital,,Courting,Tennis [single],PIAS,4/12/2022,Planetary,use clean edit,,Art Punk,"Yard Act, Squid, The Lounge Society, Sports Team, Famous, Legss",★★★★★,6/12/2022
digital,,Deanna Petcoff,"To Hell With You, I Love You",Royal Mountain,4/12/2022,Planetary,"2, 3, 7","6, 9","Indie Pop, Indie Rock","Samia, Liza Anne, Rosie Tucker, Miya Folick, Alessia Cara",★★★★,6/12/2022
digital,,Hovvdy,Town [single],Grand Jury,4/12/2022,Planetary,,,Indie Folk,"Spencer Radcliffe, Alex G, Horse Jumper of Love, Field Medic",★★★★,6/12/2022
digital,,Warmduscher,At The Hotspot,Bella Union,4/12/2022,Planetary,"1, 2, 4, 5*, 6, 7, 9 ","3, 8, 10, 11, edit of 5","Art Punk, Funk Rock","Fat White Family, Parquet Courts, Ween, Butthole Surfers, Pottery, Special Interest, Moonlandingz, Insecure Men",★★★★,6/12/2022
digital,,Wednesday,Mowing the Leaves Instead of Piling 'em Up,Orindal,4/12/2022,Riot Act/Tiger Bomb,"4*, 7","1, 3, 4* (edit avail.)",Indie Rock,,★★★★★,6/12/2022
CD + digital,,Homeschool,Book II [EP],KRO,4/12/2022,Shine On,,"1, 2, 3, 6","Indie Folk, Slacker Rock","Bartees Strange, Alex G, Wild Pink & Jimmy Eat World",★★★,6/12/2022
digital,,Upchuck,Night Calls [single],Suicide Squeeze,4/12/2022,Shine On,,,"Art Punk, Post-Punk","Surfbort, Amyl & The Sniffers, Sheer Mag, The Coathangers, L.A. Witch",★★★★★,6/12/2022
digital,,Cola,Water Table [single],Fire Talk,4/12/2022,Terrorbird,,,Art Punk,"Ought, U.S. Girls, Uranium Club, Parquet Courts",★★★★★,6/12/2022
CD + digital,,Daniel Rossen,You Belong There,Warp,4/12/2022,Terrorbird,,"2, 3, 4",Chamber Folk,"Big Thief, Cate Le Bon, Grizzly Bear, The Department of Eagles",★★★,6/12/2022
digital,,Dazy & Militarie Gun,Pressure Cooker [single],Self-Released,4/12/2022,Terrorbird,,,Garage Rock,,★★★★,6/12/2022
CD + digital,,Deer Scout,Woodpecker,Carpark,4/12/2022,Terrorbird,,"1, 2, 5",Indie Folk,"Adrienne Lenker, Adult Mom, Florist, Frankie Cosmos ",★★★★,6/12/2022
digital,,No Swoon,Take Your Time,Self-Released,4/12/2022,Terrorbird,,"3, 5, 10","Post-Punk, Dream Pop","Corridor, Drahla, Vivian Girls, St. Vincent ",★★★★,6/12/2022
CD + digital,,PENDANT,Harp,Saddle Creek,4/12/2022,Terrorbird,9,"2, 3, 6","Dream Pop, House","Oneohtrix Point Never, Death Grips, Space Afrika, Burial",★★★★★,6/12/2022
digital,,HEALTH,DISCO4 :: PART II,Concord/ Loma Vista,4/12/2022,The Syndicate,3,,"Post-Industrial, Electro-Industrial","The Body, Nine Inch Nails, Ho99o9",★★★★,6/12/2022
digital,,Renata Zeiguer,Picnic in the Dark,Northern Spy,4/12/2022,Tiger Bomb,,"1, 3, 5",Dream Pop,"Indigo De Souza, KAINA, Steady Holiday, Barrie, Katy Kirby",★★★★,6/12/2022
digital,,Georgia Harmer,Stay In Touch,Arts & Crafs,4/19/2022,Co-Sign,,"4, 7, 2",Indie Folk/Pop,"Ada Lea, Sun June, Bedouine, Land of Talk",★★★★,6/19/2022
digital,,Jerry Paper,Free Time,Stones Throw,4/19/2022,Co-Sign,4,"1, 2, 6, 7",Psychedelic Pop,"Connan Mockasin, Crumb, Drugdealer, infinite bisous",★★★,6/19/2022
digital,,My Idea,CRY MFER,Hardly Art,4/19/2022,Co-Sign,"1*, 5*, 8, 13, 10","1*, 5*, 7, 4, 11, 12",Indie Pop/Rock,"Lily Konigsberg, Liz Phair, Frankie Cosmos, Girlpool, Soccer Mommy",★★★★,6/19/2022
CD + digital,,50 Foot Wave,Black Pearl,Fire Records,4/19/2022,Pirate!,,"1, 2, 3, 7",Alt. Rock,"Throwing Muses, The Breeders, Pixies, Sleater-Kinney, Juliana Hatfield",★★★,6/19/2022
digital,,GRAE,Whiplash,Self-Released,4/19/2022,Pirate!,5* (edit avail),"1, 2, 3, 5*",Indie Pop,"Claud, Clairo, Mallrat, Jordana, Soccer Mommy",★★★★,6/19/2022
digital,,High Pulp,Pursuit of Ends,ANTI-,4/19/2022,Pirate!,,"2, 3, 7, 10",Nu Jazz,"Alfa Mist, Miles Davis, Blood Orange, Thundercat ",★★★,6/19/2022
digital,,TUMMYACHE,Soak,Tone Tree/Digital Trash),4/19/2022,Pirate!,"1, 6*, 8","edit of 6*, 10, 5, 3, 7","Indie Rock, Power Pop","Pom Pom Squad, Bleached, Mannequin Pussy, Soccer Mommy, Rosie Tucker, Ex Hex",★★★★,6/19/2022
digital,,HVOB,TOO,Different / PIAS,4/19/2022,Planetary,,"6, 4, 1, 7",Indie Pop,"Stereolab, Baths, Sylvan Esso, The xx, Broadcast, Mr Little Jeans",★★★,6/19/2022
digital,,Spiritualized,Everything Was Beautiful,Fat Possum,4/19/2022,Planetary,,"1, 4, 5","Space Rock, Dream Pop","Beach House, Slowdive, Spacemen 3, Velvet Underground, My Bloody Valentine, Mercury Rev",★★★★,6/19/2022
CD + digital,,Bronze,Absolute Compliance,Castle Face,4/19/2022,Shine On,,"4, 1",Exp. Rock,"David Lynch, Black Angels, Clinic, Liars, John Carpenter, EXEK",★★★★,6/19/2022
digital,,Built to Spill,Gonna Lose [single],Sub Pop,4/19/2022,Shine On,,,Indie Rock,"Band Of Horses, Nada Surf, Modest Mouse, Yo La Tengo, Pavement",★★★★,6/19/2022
CD + digital,x,Kurt Vile,(watch my moves),Verve,4/19/2022,Shine On,,"4, 5, 6, 2, 3",Folk Rock,"Courtney Barnett, The War On Drugs, Neil Young",★★★★,8/19/2022
digital,,Naima Bock,Giant Palm [single],Sub Pop,4/19/2022,Shine On,use edit!,,"Art Pop, Dream Pop","Broadcast, early Beach House, Stereolab, Dana Gavanski",★★★★,6/19/2022
CD + digital,,SAVAK,Human Error / Human Delight,Peculiar Works,4/19/2022,Shine On,,"1, 2, 3, 4",Post-Punk,"Obits, Hot Snakes, Sonic Youth, Eddy Current Suppression Ring, METZ",★★★★,6/19/2022
digital,,These Arms Are Snakes,Duct Tape & Shivering Crows,Suicide Squeeze,4/19/2022,Shine On,9,"2, 10","Post-Hardcore, Post-Punk","IDLES, Protomartyr, LIFE, Blood Brothers",★★★★,6/19/2022
digital,,Cisco Swank X Luke Titus,Some Things Take Time,Sooper,4/19/2022,Terrorbird,"2*, 4* (edits avail.)","2*, 4*, 10","Jazz Rap, Neo-Soul","Braxton Cook, Anderson .Paak, Potatohead People, Sen Morimoto ",★★★,6/19/2022
digital,,Mal Blum,Ain't It Nice [EP],Self-Released,4/19/2022,Terrorbird,,"6, 1, 3","Singer/Songwriter, Indie Pop","John Prine, Orville Peck, Wilco, Lavender Country",★★★,6/19/2022
digital,x,Clap Your Hands Say Yeah,Room At The Top [EP],CYHSY / Secretly Distribution,4/19/2022,Tiger Bomb,,"1, 2",Indie Rock/Pop,"Wolf Parade, Destroyer, of Montreal, The Shins",★★★,8/19/2022
digital,,King Hannah,"I'm Not Sorry, I Was Just Being Me",City Slang,4/19/2022,Tiger Bomb,6,"1, 3, 4, 12",Art Rock,"PJ Harvey, Mazzy Star, Cowboy Junkies, She Keeps Bees",★★★★,6/19/2022
digital,,Dear Rogue,Spirit,Cadence / Pheromone,4/19/2022,Vitriol,2,"1, 3, 8, 4, 7","Indie Pop, Alt. Rock","Dragonette, Muna, Joywave, Metric",★★★,6/19/2022
digital,,Abiodun Oyewole,Graditude,Fire Records,4/19/2022,,,,"Spoken Word, Poetry, Hip-Hop",,★★★,6/19/2022
12in,,Dan Melchior,LOUD VERSION,Midnight Cruiser,4/19/2022,,,,"Garage Rock, Blues Rock",,★★★★,6/19/2022
7in + digital,,Eyelids,Everything That I See You See Better [EP],Jealous Butcher,4/19/2022,,,,"Jangle Pop, Alt. Rock","Guided by Voices, Pavement",★★★,6/19/2022
CD + digital,,Eyelids,The Accidental Falls,Jealous Butcher,4/19/2022,,,,"Jangle Pop, Alt. Rock","Guided by Voices, Pavement",★★★,6/19/2022
digital,,Fabulous Sheep,Social Violence,Self-Released,4/19/2022,,,"3, 6, 4",Post-Punk,"Courting, IDLES, Ought, Shame",★★★★,6/19/2022
7in + digital,,Horsegirl,Billy [single],Matador,4/19/2022,,,,Indie Rock,,★★★★,6/19/2022
CD + digital,,Island of Love,Songs of Love,Third Man Records,4/19/2022,,,,Indie Rock,"Dinosaur Jr., Teenage Fanclub, GBV, Horse Jumper of Love",★★★★,6/19/2022
CD + digital,x,Jesse Kudler & Graham Stephenson,Apposite Rejoinder,JMY,4/19/2022,,,,"Noise, Experimental Electronic",,★★★,8/19/2022
CD + digital,x,John Markow,Over the Flame,Self-Released,4/19/2022,,,,Avant-Pop,,★★★★,8/19/2022
CD + digital,x,Major Pursuit,With Feeling,Utica Records,4/19/2022,,,,Indie Pop/Folk,,★★★★,8/19/2022
CD + digital,,Modern Studies,We Are There,Fire Records,4/19/2022,,,,"Chamber Pop, Indie Rock",,★★★,6/19/2022
digital,,"Oren Ambarchi, Johan Berthling, & Andreas Werliin ",Ghosted,Drag City,4/19/2022,,,,Avant-Garde Jazz,"Quixotism, Hubris and Simian Angel",★★★★,6/19/2022
CD + digital,,Pictish Trail,Island Family,Fire Records,4/19/2022,,,,"Neo-Psychedelia, Noise Pop",,★★★★,6/19/2022
digital,x,Stone Cold Grace,Late to the Party [single],Weird Sister,4/19/2022,,,,Indie Folk/Pop,"Ada Lea, Lomelda, Big Thief",★★★★,8/19/2022
digital,,Straw Man Army,SOS,La Vida Es Un Mus,4/19/2022,,TBD,"3, 4","Post-Punk, Garage Punk",,★★★★,6/19/2022
CD + digital,x,The Ricos,Spirit State,Utica Records,4/19/2022,,,,Indie Rock,,★★★★,8/19/2022
CD + digital,x,Thee Minks,Right Now Baby,Self-Released,4/19/2022,,,,Garage Rock,,★★★★,8/19/2022
CD,,Trentemøller,Memoria,In My Room,4/19/2022,,,,Dream Pop,,★★★★,6/19/2022
CD + digital,,CARRTOONS,HOMEGROWN,Wichita,4/26/2022,Co-Sign,,"3, 13, 10, 5",Neo-Soul,"Little Simz, Jamila Woods, DJ Harrison, Kiefer, Robert Glasper",★★★,6/26/2022
digital,,Fontaines D.C.,Skinty Fia,Partisan,4/26/2022,Co-Sign,"4*, 5 (edit avail. for 4)","4*, 9, 8, 6, 2","Post-Punk, Gothic Rock","IDLES, Shame, The Pogues, Nick Cave, Rolling Blackouts CF, Protomartyr",★★★★★,6/26/2022
digital,,Jane Inc.,Faster Than I Can Take,Telephone Explosion,4/26/2022,Co-Sign,,"6, 1, 2, 7",Art Pop,"Cate Le Bon, St. Vincent, U.S. Girls, Róisín Murphy, Mega Bog",★★★★★,6/26/2022
CD + digital,,Psychedelic Porn Crumpets,Night Gnomes,Marathon Artists,4/26/2022,Co-Sign,,"2, 4, 3, 7","Psychedelic Rock, Stoner Rock","King Gizzard and the Lizard Wizard, Ty Segall, Thee Oh Sees, Post Animal",★★★★★,6/26/2022
digital,,Death Lens,No Luck,Secret Friends,4/26/2022,Pirate!,"2, 4 (edits avail.)","2*, 4*, 3","Garage Rock, Punk Rock","FIDLAR, Plague Vendor, Metz, Desaparecidos",★★★★,6/26/2022
digital,,Tamar Berk,Start At The End,Self-Released,4/26/2022,Planetary,,"1, 2",Indie Pop,"Fiona Apple, PJ Harvey, Juliana Hatfield, Laura Carbone, illuminati hotties, Ex Hex, Bully, Dude Yo",★★★,6/26/2022
digital,,Death Valley Girls,When I'm Free (Peaches Remix) [single],Suicide Squeeze,4/26/2022,Shine On,,,"Glam Punk, Electropop",,★★★,6/26/2022
digital,,King Gizzard & the Lizard Wizard,Omnium Gatherum,KGLW,4/26/2022,Shine On,"3, 6, 11","2, 1",Psychedelic Rock/Pop,"Thee Oh Sees / OSees, Ty Segall, Unknown Mortal Orchestra, Neu!",★★★★★,6/26/2022
digital,,Party Dozen,Fat Hans Goes Mad b/w Dog Plan [single],Sub Pop,4/26/2022,Shine On,,,"Exp. Rock, Jazz-Punk","Liars, Black Midi, Viagra Boys, Peaking Lights, Fat White Family",★★★★★,6/26/2022
CD + digital,,Tombstones In Their Eyes,A Higher Place [EP],Kitten Robot,4/26/2022,Shine On,,"5, 2","Garage Rock, Psychedelic Rock","Black Angels, METZ, Primal Scream, King Gizzard.., Thee Oh Sees",★★★★,6/26/2022
digital,,Erasers,Constant Connection,Fire Talk,4/26/2022,Terrorbird,,"5, 3, 2",Min. Synth,"Stereolab, HTRK, Broadcast, Floating Points",★★★★,6/26/2022
digital,,Hatchie,Giving The World Away,Secretly Canadian,4/26/2022,Terrorbird,,"1, 6, 8","Dream Pop, Alt. Dance","The Sundays, Alvvays, Cocteau Twins, Japanese Breakfast ",★★★★★,6/26/2022
digital,,Sinead O'Brien,There Are Good Times Coming [single],Chess Club,4/26/2022,Terrorbird,,,Post-Punk,,★★★★,6/26/2022
digital,,MJ Lenderman,Boat Songs,Dear Life Records,4/26/2022,Tiger Bomb / Riot Act,,"1, 2","Indie Rock, Alt-Country","Wednesday, Spirit Was, Moontype, Joyer",★★★★★,6/26/2022
digital,x,Endless Teeth,Living Exhibits,Self-Released,4/26/2022,,7,,"Garage Rock, Heavy Psych",,★★★★★,8/26/2022
digital,,Kate Bollinger,Look At It In The Light [EP],Ghostly International,4/26/2022,,,,"Singer-Songwriter, Indie Folk",,★★★★,6/26/2022
digital,,Sally C,Big Saldo’s Chunker 002,Big Saldo’s Chunker,4/26/2022,,,,"Hip House, Dance",,★★★★,6/26/2022
CD + digital,,Gus Englehorn,Dungeon Master,Secret City,5/3/2022,AMAPAC,,"1, 3, 6, 8","Avant-Pop, Indie Rock","Daniel Johnston, Violent Femmes, Jad Fair, Jon Barba, The Velvet Underground, Beat Happening, Paul Jacobs",★★★,7/3/2022
digital,,Action Bronson,Cocodrillo Turbo,Loma Vista,5/3/2022,Co-Sign,USE CLEAN EDITS (none for 6),"5*, 9*, 2*, 7*, 4*",East Coast Hip-Hop,"Conway, Roc Marciano, Mick Jenkins, Danny Brown, Freddie Gibbs",★★★★,7/3/2022
digital,,Ebi Soda,Honk If You're Sad,Tru Thoughts,5/3/2022,Co-Sign,,"5, 6, 10, 2",Jazz Fusion,"BadBadNotGood, Kamaal Williams, Butcher Brown, Nubya Garcia",★★★★,7/3/2022
CD + digital,,Tomberlin,i don't know who needs to hear this...,Saddle Creek,5/3/2022,Co-Sign,"6, 8 (edits available, may be others)","9, 11, 8*, 3, 6*",Indie Folk,"Julien Baker, Lomelda, Haley Heynderickx, Hand Habits, Sharon Van Etten",★★★★,7/3/2022
digital,,Girlpool,Forgiveness,ANTI-,5/3/2022,Pirate!,"1, 3, 10","2, 6, 5, 9",Indie Pop,"SASAMI, Japanese Breakfast, Soccer Mommy, Jay Som, Mitski",★★★,7/3/2022
digital,x,Mike Chick,I Don't Write Love Songs,Mint 400,5/3/2022,Pirate!,3,"1, 4, 8, 2","Garage Rock, Lo-Fi Indie Pop/Rock","Yawn Mower, Jeff Tweedy, They Might Be Giants, Violent Femmes",★★★★,9/3/2022
digital,,Lisa Mitchell,A Place To Fall Apart ,Believe,5/3/2022,Planetary,5,"1, 2, 7","Singer-Songwriter, Folk Pop","Skullcrusher, Lomelda, Squirrel Flower, Florist, Angel Olsen, Tomberlin, Chelsea Cutler, Sasha Alex Sloan",★★★,7/3/2022
digital,,Mitch Davis,The Haunt,Arbutus Records,5/3/2022,Planetary,,"3, 4, 7, 8","Indie Pop, Jazz Pop","Steve Lacy, Thundercat, Frank Ocean, Cadence Weapon,  Dominic Fike, Choker",★★★★,7/3/2022
digital,,Röyksopp,Profound Mysteries,Dog Triumph / PIAS,5/3/2022,Planetary,,"1, 2, 3, 4, 8","Electropop, Art Pop","Air, Goldfrapp, The Knife, Groove Armada",★★★★,7/3/2022
digital,,Let's Eat Grandma,Two Ribbons,Trangressive/PIAS,5/3/2022,Planetary / The Syndicate,4 (edit avail.),"1, 2, 4*, 10",Electropop,"SOPHIE, Robyn, L’Rain, Milk & Bone, U.S. Girls, Caroline Polachek",★★★★,7/3/2022
digital,,Faye Webster,Car Therapy Sessions [EP],Secretly Canadian,5/3/2022,Secretly,,"3, 4, 5","Chamber Pop, Singer-Songwriter",,★★★★★,7/3/2022
digital,,Toro y Moi,MAHAL,Secretly Canadian,5/3/2022,Secretly,,"4, 5, 10",Psychedelic Soul,,★★★★,7/3/2022
CD + digital,,Dana Gavanski,When It Comes ,Flemish Eye,5/3/2022,Shine On,,"2, 5, 6, 1, 3",Singer-Songwriter,"Cate Le Bon, Stereolab, Broadcast, Vanishing Twin, Beach House",★★★★,7/3/2022
digital,,Blushh,C'est La Vie!,Literal Gold,5/3/2022,Terrorbird,,"7, 5, 4, 6",Indie Pop/Rock,"Diet Cig, Illuminati Hotties, Kississippi, Thin Lips",★★★,7/3/2022
digital,x,Sadurn,Radiator,Run For Cover,5/3/2022,Terrorbird,5,"1, 3, 9",Indie Folk,"Deerhoof, Flock of Dimes, Bright Eyes",★★★★,9/3/2022
digital,x,Devil Master,Ecstasies Of Never Ending Night,Relapse,5/3/2022,The Syndicate,,,"Black Metal, Deathrock",,★★★★,9/3/2022
digital,,Melody's Echo Chamber,Emotional Eternal,Domino,5/3/2022,The Syndicate,,"2, 1, 5, 6","Neo-Psychedelia, Dream Pop",,★★★★,7/3/2022
CD + digital,,Trombone Shorty,Lifted,Blue Note,5/3/2022,The Syndicate,,,Jazz-Funk,,★★★★,7/3/2022
digital,,Francis of Delirium,The Funhouse [EP],Dalliance,5/3/2022,Vitriol,,"4, 3, 2","Indie Rock, Grunge Pop","The Beths, Snail Mail, Phoebe Bridgers, Wolf Alice, Lucy Dacus",★★★★,7/3/2022
digital,x,Mechanical Canine & Precious Little Life,Split [EP],Fire Hazard,5/3/2022,,3,,"Emo, Indie Rock, Power Pop",,★★★★,9/3/2022
digital,,Miynt,Lonely Beach,B3SCI,5/10/2022,Co-Sign,,"1, 4, 6, 10",Psychedelic Pop,"Melody's Echo Chamber, Crumb, Pond, Jordana, Brijean",★★★★,7/10/2022
digital,x,Kayleigh Goldsworthy,Learning To Be Happy,Memory,5/10/2022,Pirate!,,"4, 9, 8, 1, 7",Indie Pop/Rock,"Sydney Sprague, Tigers Jaw, Laura Stevenson, Kississippi, Jetty Bones",★★★,9/10/2022
digital,,Leyla McCalla,Breaking The Thermometer,ANTI-,5/10/2022,Pirate!,,"2, 6, 9, 11","Acoustic Blues, Folk","Amythyst Kiah, Combo Chimbita, Valerie June, Adia Victoria, Hurray For The Riff Raff, Imarhan",★★★,7/10/2022
digital,,The Drowns,Lunatics [EP],Pirates Press,5/10/2022,Pirate!,1* (edit avail.),"2, 6, edit of 1*","Punk Rock, Street Punk","Dropkick Murphys, Swingin' Utters, Hot Water Music, One Man Army",★★★,7/10/2022
digital,,Anomalie,Galerie,Nettwerk,5/10/2022,Planetary,,"4, 2, 5, 8, 7",Nu Jazz,"KAYTRANADA, Daft Punk, Channel Tres, Toro Y Moi, Stevie Wonder, Herbie Hancock",★★★★,7/10/2022
digital,,Honeyglaze,Honeyglaze,Speedy Wunderground / PIAS,5/10/2022,Planetary,4,"2, 3, 5, 6","Indie Rock, Jangle Pop","Black Country, New Road, Cate Le Bon, Stereolab, deathcrash, Scottibrains, The Lounge Society, Broadcast, The Clientele",★★★★,7/10/2022
digital,,Hovvdy,Billboard For My Feelings [singles],Grand Jury,5/10/2022,Planetary,,,Indie Folk/Rock,"Spencer Radcliffe, Alex G, Horse Jumper of Love, Field Medic",★★★★,7/10/2022
digital,,Mildlife,Live From South Channel Island,Heavenly / PIAS,5/10/2022,Planetary,,"7, 2, 6","Jazz-Funk, Psychedelic Rock","The Babe Rainbow, Tame Impala, Unknown Mortal Orchestra, Sugar Candy Mountain, Moses Gun Collective, Swim Mountain, Dungen",★★★,7/10/2022
digital,,Sea Power,Everything Was Forever,Golden Chariot Records,5/10/2022,Planetary,7,"2, 3, 1, 4","Post-Punk Revival, Indie Rock","Elbow, The Walkmen, Bloc Party, Field Music, The Cribs, Doves, Idlewild, Clap Your Hands Say Yeah",★★★,7/10/2022
digital,,Sharon Van Etten,We've Been Going About This All Wrong,Jagjaguwar,5/10/2022,Secretly,,"9, 1, 2","Indie Rock, Singer-Songwriter","Cate Le Bon, Angel Olsen, Julia Jacklin, Andrew Bird",★★★★★,7/10/2022
digital,,Anna Calvi,Tommy [EP],Domino,5/10/2022,Shine On,,"1, 3",Indie Rock,"PJ Harvey, Nick Cave, Suicide, Savages, Interpol",★★★★,7/10/2022
CD + digital,,Diane Coffee,With People,Polyvinyl,5/10/2022,Shine On,,"3, 4, 8, 2, 6","Art Pop, Synthpop","Foxygen, The Lemon Twigs, Drugdealer, Sonny & The Sunsets",★★★★,7/10/2022
digital,,Rolling Blackouts Coastal Fever,Endless Rooms,Sub Pop,5/10/2022,Shine On,,"3, 2, 5, 6, 11","Indie Rock, Jangle Pop","Peach Pit, Real Estate, Jay Som, Methyl Ethyl, Julia Jacklin",★★★★,7/10/2022
"vinyl, CD, digital",,SCALPING,Void,Houndstooth,5/10/2022,Shine On,,"3, 1, 2, 5, 9",Industrial Techno,"Nine Inch Nails, HEALTH, Walt Disco, Aphex Twin, The Armed, Deftones",★★★★,7/10/2022
digital,,Sister Cookie ,In The Blue Corner,The Liquid Label,5/10/2022,Shine On,,"8, 1, 3, 2, 11",Soul,"Sharon Jones & The Dap Kings, Durand Jones & The Indications",★★★★,7/10/2022
digital,,Sunflower Bean,Headful of Sugar,Mom + Pop,5/10/2022,Terrorbird,"1, 8","2, 9, 4, 6",Indie Pop/Rock,"Dream Wife, Pip Bloom, Middle Kids, Wet Leg",★★★,7/10/2022
CD + digital,,VERO,Unsoothing Interior,PNKSLM,5/10/2022,Terrorbird,8,"9, 5, 2, 1","Post-Punk, Indie Rock","Sonic Youth, Kindsight, Dry Cleaning",★★★★,7/10/2022
digital,,girlhouse,third ep [EP],Self-Released,5/10/2022,The Syndicate,1* (edit avail.),"2, 3, 1*",Indie Pop,"fanclubwallet, Hana Vu, Pom Pom Squad",★★★,7/10/2022
digital,,Gentle Heat,Sheer,Flesh and Bone,5/10/2022,Tiger Bomb,,"2, 7, 6","Indie Rock, Shoegaze","Pinkshinyultrablast, Ovlov, Cloakroom, Toner",★★★★,7/10/2022
digital,,Kisskadee,Black Hole Era,Anxiety Blanket,5/10/2022,Tiger Bomb,,"2, 3, 6","Art Pop, Indie Pop","Cate Le Bon, Joanna Newsom, Kate Bush, Björk",★★★★,7/10/2022
CD,,Dummy,Mandatory Enjoyment,Trouble In Mind,5/10/2022,,,,"Noise Pop, Indie Rock",,★★★★,7/10/2022
digital,,Hater,Sincere,Fire Records,5/10/2022,,,"1, 6, 9","Indie Rock, Indie Pop","My Bloody Valentine, Slowdive, Deerhunter, Blushing",★★★★,7/10/2022
digital,x,Jodaki,Count On Me (feat. ER Black) [single],Self-Released,5/10/2022,,,,"Indie Rock, Emo",,★★★,9/10/2022
CD,,Michael Bisio & Matthew Shipp,Flow of Everything,Fundacja Sluchaj!,5/10/2022,,,,Jazz,,★★★,7/10/2022
CD,,Toned,Toned,Self-Released,5/10/2022,,,,Electroacoustic,,★★★,7/10/2022
digital,,Blunt Chunks,Blunt Chunks [EP],Telephone Explosion,5/17/2022,Co-Sign,,"4, 2, 1","Chamber Pop, Power Pop","Faye Webster, Julia Jacklin, The Weather Station, Jaunt, Molly Burch",★★★★,7/17/2022
digital,,Obongjayar,Some Nights I Dream of Doors,September Recordings,5/17/2022,Co-Sign,"3, 8, 10* (edit for 10 avail.)","5, 10*, 2, 6","Art Pop, Neo-Soul","Little Simz, Kojey Radical, Genesis Owusu, Bakar, Gorillaz, Sampha",★★★★,7/17/2022
digital,,Warpaint,Radiate Like This,Virgin,5/17/2022,Co-Sign,"2, possibly others","4, 1, 6, 3","Dream Pop, Neo-Psychedelia","Japanese Breakfast, Perfume Genius, Nilüfer Yanya, Widowspeak, Bat For Lashes",★★★★,7/17/2022
digital,,Various Artists,Jazz Is Dead 011,Jazz Is Dead,5/17/2022,GROOV,,,Various forms of Jazz,"Cut Chemist, Georgia Anne Muldrow, Shigeto, Pink Siifu, Madlib",★★★★,7/17/2022
digital,,Elephant Gym,Dreams,Topshelf,5/17/2022,Pirate!,,"3, 12, 4, 8, 9",Math Rock,"American Football, toe, tricot, Chon, TTNG, Yvette Young",★★★★,7/17/2022
digital,,Post Animal,Love Gibberish,Self-Released,5/17/2022,Pirate!,,"6, 3, 7, 5, 4",Psychedelic Rock,"Tame Impala, Babe Rainbow, Hippo Campus, King Gizzard & The Lizard Wizard, Pond, The Drums",★★★,7/17/2022
digital,,The Dreaded Laramie,Everything A Girl Could Ask [EP],Sell the Heart / Wiretap,5/17/2022,Pirate!,,"2, 3, 1","Power Pop, Indie Rock","Frankie Cosmos, Lady Pills, Rosie Tucker, Soccer Mommy, Tigers Jaw, Charly Bliss",★★★★,7/17/2022
digital,,Yves Jarvis,The Zug,ANTI-,5/17/2022,Pirate!,,"1, 3, 6",Psychedelic Folk,"Freak Heat Waves, Daniel Blumberg, Chad VanGaalen",★★★★,7/17/2022
digital,,Pkew Pkew Pkew,Open Bar,Dine Alone,5/17/2022,Planetary,"5, 6, 10* (edit for 10 avail.)","3, 10*",Pop Punk,"Rozwell Kid, PUP, Spanish Love Songs, Jeff Rosenstock",★★★,7/17/2022
digital,,Royal Chant,Anyways And Also Sorry,Dirty Mab,5/17/2022,Planetary,,"3, 6, 2","Indie Rock, Garage Rock","Guided by Voices, Royal Headache, Sebadoh, Soul Asylum, Buffalo Tom",★★★,7/17/2022
digital,,The Lounge Society,Tired of Liberty [advance tracks],Speedy Wunderground / PIAS,5/17/2022,Planetary,,,Post-Punk,"Crack Cloud, Drahla, Corridor, Snapped Ankles, Television, Wire, IDLES",★★★★★,7/17/2022
digital,,TOPS,Empty Seats [EP],Musique TOPS,5/17/2022,Planetary,,"1, 3, 4",Indie Pop,"Tennis, Empress Of, Mr Twin Sister, Frankie Rose, Homeshake, Alvvays,",★★★★,7/17/2022
digital,,They Hate Change,"Finally, New",Jagjaguwar,5/17/2022,Secretly,ALL but 1 & 11,"CLEAN EDITS of 13, 7, 5, 9",Experimental Hip-Hop,"Injury Reserve, Pink Siifu, Quelle Chris",★★★★,7/17/2022
digital,,Busty And The Bass,KARNEVAL [EP],Arts & Crafts,5/17/2022,Shine On,,"9, 4, 6","Neo-Soul, Funk","BADBADNOTGOOD, Cadence Weapon, The Roots, Jungle",★★★,7/17/2022
digital,,Gentle Sinners,These Actions Cannot Be Undone,Rock Action,5/17/2022,Shine On,"2, 6","10, 8","Alt. Rock, Art Rock","The Arab Strap, The Twilight Sad, The National, Bon Iver, The Cure",★★★★,7/17/2022
digital,,Vomit Heat,Second Skin,Ana Ott,5/17/2022,Shine On,,"5, 2, 7, 4","Indie Rock, Shoegaze, Dream Pop","Beach House, DIIV, Wild Nothing, Deerhunter, The Radio Dept.",★★★★,7/17/2022
digital,,Sea Lemon,Close Up [EP],Spirit Goth,5/17/2022,Terrorbird,,"3, 1, 5","Indie Pop, Dream Pop","Alvvays, Lunar Isles, Beach Vacation",★★★★,7/17/2022
CD + digital,,Sister Ray,Communion,Royal Mountain,5/17/2022,Terrorbird,3,"1, 2, 5, 8","Indie Folk, Chamber Pop","Charlotte Cornfield, Ada Lea, Emmylou Harris, Hand Habits",★★★,7/17/2022
digital,,SPICE,Viv,Dais,5/17/2022,Terrorbird,,"1, 9, 8","Indie Rock, Post-Punk Revival","Young Guv, Ceremony, Turnstile, Militarie Gun",★★★★,7/17/2022
digital,,Ethel Cain,Preacher's Daughter,Daughters of Cain,5/17/2022,The Syndicate,,"2, 5, 7, 9, 13","Dream Pop, Slowcore","Hyd, Girlhouse, Samia",★★★★,7/17/2022
digital,,PUP,THE UNRAVELING OF PUPTHEBAND,Rise / BMG,5/17/2022,The Syndicate,"1, 5, 6, 8, 12","4, 2, 3, 7","Pop Punk, Indie Rock","Joyce Manor, oso oso, Mom Jeans",★★★★,7/17/2022
digital,,The Slaps,Tomato Tree,Self-Released,5/17/2022,Tiger Bomb,,"2, 3, 7, 9",Indie Rock,"Vundabar, Worn-Tin, Helvetia, Slint",★★★★,7/17/2022
digital,,cotoba,4pricot,Self-Released,5/17/2022,,,,"Math Rock, Post-Rock",,★★★★,7/17/2022
digital + CD,x,Elison Jackson,Good Deeds [EP],Spectral Evidence,5/17/2022,,,,"Folk Rock, Psychedelic Folk",,★★★★,9/17/2022
digital,,Horsegirl,Dirtbag Transformation (still dirty) [single],Matador,5/24/2022,Beggars,,,Indie Rock,,★★★★,7/24/2022
digital,,Jo Schornikow,ALTAR,Keeled Scales,5/24/2022,Co-Sign,,"1, 2, 3, 7",Indie Pop/Folk,"Sharon Van Etten, Feist, Courtney Barnett, Big Thief, Phosphorescent",★★★,7/24/2022
digital,,Léa Sen,"You of Now, Pt. 1 [EP]",Partisan,5/24/2022,Co-Sign,,"5, 4, 2","Indie Pop, Alt-R&B","Nilüfer Yanya, Sampha, Tirzah, John Glacier",★★★,7/24/2022
digital,,Bishop's Green,Black Skies [EP],Pirates Press,5/24/2022,Pirate!,5 (edit avail.),"4, 2, & Clean edit of #5",Punk Rock,"Cock Sparrer, Lion's Law, Booze & Glory, Dropkick Murphys, Noi!se",★★★,7/24/2022
digital,,Cave In,Heavy Pendulum,Relapse,5/24/2022,Pirate!,,"1, 2, 4, 13","Alt. Metal, Post-Hardcore","Converge, Helmet, Mastodon, Dillinger Escape, Queens of the Stone Age",★★★,7/24/2022
digital,x,cool original,"outtakes from ""bad summer""",Topshelf,5/24/2022,Pirate!,"2, 10","4, 1, 8, 7, 11","Exp. Pop, Indietronica","George Clanton, Spirit of the Beehive, Neon Indian, Animal Collective",★★★★,9/24/2022
digital,,Destructo Disk,Bad Gravity,Sockhead/VERSION III,5/24/2022,Pirate!,"3*, 4, 7","8, 10, 1, edit of 3",Post-Hardcore,"Destroy Boys, Turnstile, Glitterer, Joyce Manor, FIDLAR, Wavves       ",★★★,7/24/2022
digital,,Alex Izenberg,I'm Not Here,Domino,5/24/2022,Planetary,,"3, 8, 1",Art Pop,"Drugdealer, Cut Worms, Andy Shauf, Midnight Sister",★★★,7/24/2022
digital,,Helen Ganya,Heart To Heart Mirage [EP],Bella Union,5/24/2022,Planetary,,"1, 2, 4","Singer-Songwriter, Art Pop","St. Vincent, Kate Bush, Angel Olsen, Sharon Van Etten, Lana Del Rey",★★★★,7/24/2022
digital,,John Doe,Fables in a Foreign Land,Fat Possum,5/24/2022,Planetary,,"1, 6","Alt-Country, Cowpunk","X, The Flesh Eaters, The Knitters, Eddie Vedder",★★★,7/24/2022
digital,,Jordana,Face The Wall,Grand Jury,5/24/2022,Planetary,"1, 2, 3, 8, 10 (Clean edits available)","6, 1*, 8*, 5",Indie Pop,"Hana Vu, Soccer Mommy, Jay Som, Frankie Cosmos",★★★★,7/24/2022
digital,,Mallrat,Butterfly Blue,Nettwerk,5/24/2022,Planetary,"3, 4, 7 (edit available for 4)","4, 6","Alt-Pop, Indietronica","Alice Glass, Magdalena Bay, Slayyyter, Dorian Electra",★★★,7/24/2022
digital,,The Chats,GET F***ED [advance tracks],Bargain Bin,5/24/2022,Planetary,,,Garage Punk,"FIDLAR, The Dune Rats, WAAX, Amyl and The Sniffers",★★★★★,7/24/2022
digital,,Porridge Radio,"Waterslide, Diving Board, Ladder To The Sky",Secretly Canadian,5/24/2022,Secretly,,"12, 5, 4, 9","Indie Rock, Post-Punk","Goat Girl, Sorry, Dry Cleaning, BODEGA, Squid",★★★★★,7/24/2022
digital,,Laddio Bolocko,97-'99,Castle Face,5/24/2022,Shine On,,3,"Noise Rock, Experimental Rock","Can, This Heat, The Residents, The Psychic Paramount",★★★★,7/24/2022
digital,,Object of Affection,Through and Through [single],Suicide Squeeze,5/24/2022,Shine On,,,"Shoegaze, Post-Punk","IDLES, Gang of Four, Nothing, Protomartyr",★★★★,7/24/2022
CD + digital,,Pi Ja Ma,Seule Sous Ma Frange ,Bleepmachine,5/24/2022,Shine On,3,"1, 12, 9, 8","Indie Pop, Synthpop","Beach House, Cocteau Twins, Blonde Redhead, Lower Dens",★★★★,7/24/2022
digital,,Tess Parks,And Those Who Were Seen Dancing,Fuzz Club,5/24/2022,Shine On,,"3, 5, 7","Neo-Psychedelia, Singer-Songwriter","Samia, Soccer Mommy, Snail Mail, Bria, The Raveonettes",★★★,7/24/2022
digital,,Weird Nightmare,Weird Nightmare,Sub Pop,5/24/2022,Shine On,,"1, 3, 4, 5, 6",Indie Rock,"METZ, Parquet Courts, Bodega, Kiwi Jr., Cloud Nothings, Protomartyr",★★★★,7/24/2022
digital,,fanclubwallet,You Have Got To Be Kidding Me,AWAL,5/24/2022,Terrorbird,,"1, 2, 7",Indie Pop/Rock,"Wallice, Wet Leg, Illuminati Hotties",★★★★,7/24/2022
digital,,The Curls,Smothered and Covered,Truth Zone,5/24/2022,Tiger Bomb,,"2, 4, 5, 3","Art Rock, Dance-Punk","Talking Heads, Primus, Devo, Gong",★★★★,7/24/2022
digital,,Cola,Deep In View,Fire Talk,5/24/2022,Tiger Bomb / Terrorbird,,"1, 2, 5, 6","Post-Punk, Art Punk","Ought, US Girls, Dry Cleaning, Deeper ",★★★★★,7/24/2022
CD + digital,,Quinquis,Seim,Mute Records,5/24/2022,,,"1, 3, 4 & 7","Ambient, Art Pop","Bjork, Aldous Harding, Cate Le Bon",★★★★,7/24/2022
digital,,Bread Pilot,New To You,Double Double Whammy,5/31/2022,Co-Sign,,"4, 3, 8, 6",Indie Pop,"Alex G, LVL UP, Strange Ranger, Babehoven, Great Grandpa",★★★★,7/31/2022
CD + digital,,HAAi,"Baby, We're Ascending",Mute,5/31/2022,Co-Sign,,"11, 3, 2, 6",Ambient Techno,"Daniel Avery, Jon Hopkins, Four Tet, Kelly Lee Owens",★★★★,7/31/2022
digital,,Just Mustard,Heart Under,Partisan,5/31/2022,Co-Sign,,"2, 3, 4, 8, 6","Shoegaze, Post-Punk","My Bloody Valentine, Dry Cleaning, Wednesday, A Place To Bury Strangers",★★★★★,7/31/2022
digital,,PVA,Untethered [single],Ninja Tune,5/31/2022,Co-Sign,,,"Industrial Techno, Synthpop","Working Men's Club, Black Midi, Factory Floor, Jockstrap, Dry Cleaning",★★★★★,7/31/2022
digital,,"Jean Carne, Adrian Younge, & Ali Shaheed Muhammad",Jazz Is Dead 012,Jazz Is Dead,5/31/2022,GROOV,,,"Jazz-Funk, Soul","Herbie Hancock, McCoy Tyner, Lonnie Liston Smith, Marcos Valle",★★★★★,7/31/2022
CD + digital,,King Ropes,Super Natural,Big and Just Little,5/31/2022,Pirate!,,"1, 2, 6, 9","Folk Rock, Alt-Country","Kurt Vile, Lambchop, Built To Spill, Purple Mountains, Wilco, King Gizzard, Grandaddy",★★★,7/31/2022
digital,,Sweet Pill,Where The Heart Is,Topshelf,5/31/2022,Pirate!,,"3, 7, 2",Emo-Pop,"Tigers Jaw, Oso Oso, Gulfer, Macseal, Into It. Over It., Paramore, The World Is a Beautiful Place & I Am No Longer Afraid to Die ",★★★★,7/31/2022
digital,,Annie Hamilton,the future is here but it feels kinda like the past,PIAS,5/31/2022,Planetary,,"2, 3, 4, 5, 10",Indie Pop,"Jack River, Hatchie, Poppy Jean Crawford, Body Type, Sugar Candy Mountain, Jack River, Julia Jacklin",★★★★,7/31/2022
digital,,Dehd,Blue Skies,Fat Possum,5/31/2022,Planetary,,"2, 7, 11, 12",Indie Rock/Pop,"Chastity Belt, Omni, Mannequin Pussy, Deeper, Flasher",★★★★★,7/31/2022
digital,,Eliza & The Delusionals,Now And Then,Cooking Vinyl,5/31/2022,Planetary,9,"1, 4, 6, 7","Indie Pop, Dream Pop","Hatchie, Soccer Mommy, girl in red, Stella Donnelly, Lucy Dacus, Faye Webster",★★★,7/31/2022
digital,,Hovvdy,billboard for my feelings [EP],Grand Jury,5/31/2022,Planetary,,"2, 3, 4",Indie Pop/Folk,"Spencer Radcliffe, Alex G, Horse Jumper of Love, Field Medic",★★★★,7/31/2022
digital,,Kamikaze Nurse,Stimuloso,Mint,5/31/2022,Planetary,"3, 9","1, 6, 7, 8","Indie Rock, Shoegaze","Sonic Youth, Lush, Deerhoof, The Pixies, New Fries, HSY, METZ, Dummy, Dehd, Deafheaven",★★★★,7/31/2022
digital,,Mush,Down Tools [advance tracks],Memphis Industries,5/31/2022,Planetary,,,Art Punk,"Pardoner, Parquet Courts, Uranium Club, Yard Act, Cheekface",★★★★★,7/31/2022
digital,,POLIÇA,Madness,Memphis Industries,5/31/2022,Planetary,1 (edit avail.),"1, 2","Art Pop, Indietronica","Zola Jesus, ANOHNI, Fever Ray, HEALTH, Bat For Lashes, Anna Von Hausswolff, Twin Shadows, Son Lux, Chairlift, Yeasayer",★★★,7/31/2022
digital,,Kaitlyn Aurelia Smith & Emile Mosseri,I could be your dog / I could be your moon,Ghostly International,5/31/2022,Secretly,,"1, 2, 8","Progressive Electronic, Art Pop","Mary Lattimore, Kelly Lee Owens, Daniel Hart",★★★★,7/31/2022
digital,,Brian Jackson,This Is Brian Jackson,BBE,5/31/2022,Shine On,,"1, 8, 6","Jazz-Funk, Soul","Gil Scott-Heron, Phenomenal Handclap Band, Roy Ayers, Adrian Younge",★★★★,7/31/2022
digital,,The Shivas,Doom Revolver [single],Suicide Squeeze,5/31/2022,Shine On,,,Garage Rock,"Death Valley Girls, Shannon & The Clams, Levitation Room, Cool Ghouls",★★★★,7/31/2022
digital,x,700 Bliss (DJ Haram & Moor Mother),Nothing To Declare,Hyperdub,5/31/2022,Terrorbird,"All except 4, 16 - edits avail for 2 & 8","2*, 8*, 4, 16","Exp, Hip-Hop, Deconstructed Club","DJ Haram, Space Afrika, Gaika",★★★,9/30/2022
digital,,Mamalarky,You Know I Know [single],Fire Talk,5/31/2022,Terrorbird,,,Indie Rock,"Slow Pulp, Melody's Echo Chamber, Crumb",★★★★★,7/31/2022
digital,,P.H.F.,Purest Hell,Danger Collective,5/31/2022,Terrorbird,"7, 9","12, 8, 6","Noise Pop, Experimental Pop","Ecco2k, 100 Gecs, Teen Suicide, Machine Girl",★★★,7/31/2022
digital,,Ganser,People Watching [single],Felte,5/31/2022,Tiger Bomb,,,"Noise Rock, Post-Punk","Girl Band, Algiers, Bartees Strange, Crack Cloud",★★★★★,7/31/2022
digital,,Quelle Chris,DEATHFAME,Mello Music Group,5/31/2022,,USE CLEAN EDITS,"1, 8, 4",Abstract Hip-Hop,"Earl Sweatshirt, MIKE, Pink Siifu, Fly Anakin",★★★★★,7/31/2022
vinyl (12) + digital,,Coil,Musick to Play In the Dark (reissue),Dais Records,6/1/2022,,,,"Electronic, Post-Industrial",,★★★★,8/1/2022
vinyl (12),,David Nance,Peaced and Slightly Pulverized,Petty Bunco,6/1/2022,,,,"Psychedelic Rock, Garage Rock",,★★★★,8/1/2022
vinyl (12),,Drab Majesty,The Demonstration,Dais Records,6/1/2022,,,,Darkwave,,★★★★★,8/1/2022
vinyl (12) + digital,x,Human Adult Band,Sonic Enlightenment,Third Uncle,6/1/2022,,TBD,,Art/Experimental Rock,,★★★★★,10/1/2022
vinyl (12) + digital,,Loren Connors,9th Ave,Feeding Tube / Carbon,6/1/2022,,,,"Free Improvisation, Blues",,★★★★★,8/1/2022
CD + digital,,Matmos,Regards / Ukłony dla Bogusław Schaeffer,Thrill Jockey,6/1/2022,,,,"Sound Collage, Glitch",,★★★★,8/1/2022
7in,,Night Slaves (with Justin Rowland),Benshi [single],Swimming Faith,6/1/2022,,,,"Electronic, Krautrock, Synthpunk",,★★★★,8/1/2022
vinyl (12) + digital,,Reynols,Tolin Asumer,Feeding Tube / Carbon,6/1/2022,,,,"Exp. Rock, Free Improvisation, Drone",,★★★★,8/1/2022
vinyl (12),,SPICE,SPICE,Dais Records,6/1/2022,,,,"Indie Rock, Post-Punk Revival","Young Guv, Ceremony, Turnstile, Militarie Gun",★★★★★,8/1/2022
CD + digital,,T. Gowdy,Miracles,Constellation,6/1/2022,,,,Ambient Techno,,★★★★,8/1/2022
digital,,Adrian Quesada,Boleros Psicodélicos ,ATO,6/7/2022,Co-Sign,,"1, 2, 12","Bolero-Beat, Trip-Hop","Lido Pimienta, Natalia Lafourcade, Flor de Toloache, iLe",★★★,8/7/2022
digital,x,Queen of Jeans,Hiding In Place [EP],Memory Music,6/7/2022,Pirate!,,"1, 2, 4","Indie Pop, Power Pop","Mitski, Angel Olsen, Best Coast, Julien Baker, Hop Along, Oceanator, Waxahatchee",★★★★,10/7/2022
digital,x,Joy on Fire,States of America,Procrastination Records,6/7/2022,Planetary,3 (edit avail.),"1, 2, 5, 8","Noise Rock, Jazz-Punk","Writhing Squares, Viagra Boys, Protomartyr, Morphine, Mission of Burma",★★★★,10/7/2022
digital,,Joyeria,Wild Joy [single],Speedy Wunderground / PIAS,6/7/2022,Planetary,,,"Art Punk, Indie Rock","Modest Mouse, Fat White Family, Famous, Lazarus Kane, The Lounge Society, Honeyglaze",★★★★★,8/7/2022
digital,,Modern English,After The Snow (40th Anniversary Reissue),Planetary,6/7/2022,Planetary,,"5, 2, 1","New Wave, Post-Punk","The Psychedelic Furs, Joy Division, New Order, The Fixx, The Cure",★★★★,8/7/2022
digital,,Regretski,Dubious Claims of Specialized Knowledge [EP],Stiltfisher Records,6/7/2022,Planetary,6,"4, 1, 2",Noise Rock,"Melvins, Ty Segall, The Jesus Lizard, Mudhoney, mclusky, Skin Yard, Swans",★★★★,8/7/2022
digital,,Working Men's Club,Ploys [single],Heavenly / PIAS,6/7/2022,Planetary,,,"Dance-Punk, Synthpop","New Order, Hot Chip, LCD Soundsystem, Simian Mobile Disco",★★★★,8/7/2022
digital,,Angel Olsen,Big Time,Jagjaguwar,6/7/2022,Secretly,,"2, 9, 1","Singer-Songwriter, Americana","Sharon Van Etten, Faye Webster, Big Thief, Julia Jacklin",★★★★,8/7/2022
digital,,Andrew Bird,Inside Problems ,Loma Vista / Concord,6/7/2022,Shine On / Co-Sign,,"1, 7","Chamber Pop, Singer-Songwriter","Iron & Wine, Conor Oberst, Fleet Foxes, The Punch Brothers",★★★★,8/7/2022
digital,,Cal Fish,Less Than Three/LTT memory massage ,Self-Released,6/7/2022,Terrorbird,,"3, 4, 6","Exp. Pop, Ambient Pop","Animal Collective, Dead Sullivan, Ylayali, 22º Halo",★★★★,8/7/2022
digital,x,Executioner's Mask,Winterlong,Profound Lore,6/7/2022,Terrorbird,7,"1, 3, 4","Gothic Rock, Post-Punk","NOTHING, Fearing, Soft Kill, Uniform",★★★★,10/7/2022
digital,,Marta Knight,Strange Times Forever,La Castanya,6/7/2022,Terrorbird,8,"5, 10, 6",Indie Pop,"Clairo, Sharon Van Etten, Mini Trees",★★★,8/7/2022
digital,,Frankie and the Witch Fingers,Cookin' / Tracksuit [single],Greenway / The Reverberation Apprecation Society,6/7/2022,Tiger Bomb,,,"Psychedelic Rock, Garage Rock","Osees, Ty Segall, King Gizzard and the Lizard Wizard",★★★★,8/7/2022
digital,,Sextile,Modern Weekend / Contortion [single],Felte,6/7/2022,Tiger Bomb,,,"Post-Punk, Darkwave","Black Marble, Boy Harsher, The Soft Moon, Lust for Youth, Iceage",★★★★★,8/7/2022
digital,,Sky Creature,Bear Mountain / Childworld,Open Ocean,6/7/2022,Tiger Bomb,,,"Art, Pop, Noise Pop","Björk, My Brightest Diamond, Shudder To Think, Cocteau Twins, Enya",★★★★,8/7/2022
digital + CD,x,Elison Jackson,Good Deeds [EP],Spectral Evidence,6/7/2022,,,,"Folk Rock, Psychedelic Folk",,★★★★,10/7/2022
digital,,Horsegirl,Versions of Modern Performance,Matador,6/14/2022,Beggars,,"5, 1, 9, 12","Indie Rock, Noise Pop","Parquet Courts, Pavement, Built to Spill, Silverbacks",★★★★★,8/14/2022
digital,,Mapache,Roscoe's Dream,Innovative Leisure,6/14/2022,Co-Sign,,"1, 17","Alt-Country, Psychedelic Folk","Holy Hive, Cut Worms, Allah-Las, Cass McCombs, Kevin Morby",★★★,8/14/2022
digital,,Michael Rault,Michael Rault,Daptone,6/14/2022,Co-Sign,,"3, 2",Psychedelic Pop,"Foxygen, Allah-Las, Ty Segall, Mikal Cronin",★★★★,8/14/2022
digital,,Dad Bod,Pastles,Self-Released,6/14/2022,Pirate!,3,"11, 2, 4, 10",Psychedelic Pop,"Whitney, Sam Evian, Andy Shauf, Wilco, Loving, Mild High Club, Men I Trust",★★★★,8/14/2022
digital,,Joyce Manor,40 oz. to Fresno,Epitaph,6/14/2022,Pirate!,"6*, 7","5, 2, 3, edit of 6","Power Pop, Indie Rock, Pop Punk","Jeff Rosenstock, Tigers Jaw, The World is a Beautiful Place & I am No Longer Afraid to Die",★★★★★,8/14/2022
digital,,The Dream Syndicate,Ultraviolet Battle Hymns and True Confessions,Fire Records,6/14/2022,Pirate!,,"6, 2, 1, 7, 4","Jangle Pop, Psychedelic Rock","The Chills, Ty Segall, R.E.M., The Velvet Underground, Guided By Voices, Spoon, Osees",★★★,8/14/2022
digital,,Yellow Pills,Too Many Metrics,Mint 400 / Raining,6/14/2022,Pirate!,10,"3, 4, 2, 6","Surf Rock, Surf Rock-Jazz/Swing Fusion???","Combustible Edison, Lettuce, The Limbos, The Funky JC’s, Tim Carman & The Street 45s, The Royal Arctic Institute ",★★★★,8/14/2022
digital,,Mr Little Jeans,Better Days,Nettwerk,6/14/2022,Planetary,,"4, 5, 9, 10",Electropop,"Sylvan Esso, Purity Ring, Oh Wonder, St. Lucia, Sky Ferraira, Anna of the North, Geographer",★★★,8/14/2022
digital,,The Inflorescence,Remember What I Look Like,Kill Rock Stars,6/14/2022,Planetary,"5, 7","1, 3, 9","Pop Punk, Power Pop","Mannequin Pussy, Cherry Glazerr, Pom Pom Squad, Wednesday, Bully, Remember Sports, Bikini Kill",★★★,8/14/2022
digital,,Yoo Doo Right,"A Murmur, Boundless to the East",Mothland,6/14/2022,Planetary,,"4, 5","Post-Rock, Space Rock","DIIV, Enjoy, Beach Fossils, The Cure, Neu!, CAN",★★★★,8/14/2022
digital,,Dummy,Mono Retriever [single],Sub Pop,6/14/2022,Shine On,,,"Noise Pop, Indie Rock","DIIV, Stereolab, Beach House, My Bloody Valentine, Mega Bog",★★★★★,8/14/2022
digital,x,Irreversible Entanglements,Down to Earth [single],Sub Pop,6/14/2022,Shine On,,,Avant-Garde Jazz,"Moor Mother [1/4 of group], Miles Davis, Pharaoh Sanders, Gang Gang Dance",★★★★★,10/14/2022
digital,,Sam Gendel,SUPERSTORE,Leaving,6/14/2022,Shine On,,"2, 3, 4, 10, 12",Nu Jazz,"Thundercat, Dam Funk, Pharaoh Sanders, Kamasi Washington",★★★★,8/14/2022
digital,,Σtella (pronounced Stella),Up And Away,Sub Pop,6/14/2022,Shine On,,"1, 4, 8","Synthpop, Indie Pop","Christine And The Queens, Khruangbin, Mr Twin Sister, Broadcast",★★★★,8/14/2022
CD + digital,,Bloomsday,Place to Land,Bayonet,6/14/2022,Terrorbird,2,"1, 3, 5","Indie Folk, Dream Pop","Skirts, Big Thief, Sadurn, Babehooven",★★★★,8/14/2022
digital,,Erin Anne,Do Your Worst,Carpark,6/14/2022,Terrorbird,4 (edit avail.),"3, 6, 2",Indie Pop,"Beadbadoobee, Charly Bliss, Liz Phair, Japanese Breakfast",★★★,8/14/2022
digital,,Grace Ives,Janky Star,True Panther / Harvest,6/14/2022,Terrorbird,3 (edit avail.),"10, 4, 2",Synthpop,"Sir Babygirl, Lala Lala, True Blue",★★★,8/14/2022
digital,,Sinead O'Brien,Time Bend And Break The Bower,Chess Club,6/14/2022,Terrorbird,"3, 7 (edits avail.)","13, 12, 4","Post-Punk, Spoken Word","Ani DiFranco, Tori Amos, Patti Smith",★★★★★,8/14/2022
digital,,Fashion Club,Scrutiny,Felte,6/14/2022,Tiger Bomb,,"1, 2, 5, 8","Art Rock, Synthpop","Moaning, Cate Le Bon, Yves Tumor",★★★★,8/14/2022
digital,,Jockstrap,I Love You Jennifer B [advance tracks],Rough Trade,6/21/2022,Beggars,"6, 7, 10",,"Art Pop, Progressive Pop","Injury Reserve, Body Meat, caroline, death's dynamic shroud",★★★★★,8/21/2022
digital,,J Rocc,A Wonderful Letter,Stones Throw,6/21/2022,Co-Sign,"5, 6, 8, 9 (edits avail.)","13, 9, 3, 2","Funk, Instrumental Hip-Hop","DJ Shadow, J Dilla, DJ Day, Madlib",★★★★,8/21/2022
digital,,Plato III,The Devil Has Texas,Polyvinyl,6/21/2022,Co-Sign,use clean edits,"9*, 3*, 4, 2*",Abstract/Experimental Hip-Hop,"Injury Reserve, Milo, Aesop Rock, Quelle Chris, Blu",★★★★,8/21/2022
digital,,Preoccupations,Arrangements [advance tracks],Flemish Eye,6/21/2022,Co-Sign,,,Post-Punk,"N0V3L, Iceage, Shame, Protomartyr, Women",★★★★★,8/21/2022
digital,,TDJ,TDJ123,Collection Disques Durs,6/21/2022,Co-Sign,,"5, 2, 3, 6","Progressive House, Trance","Doss, CFCF, SOPHIE, SASSY 009, Danny L Harle, Alice Deejay",★★★,8/21/2022
digital,,Yaya Bey,Remember Your North Star,Big Dada,6/21/2022,Co-Sign,use clean edits,"4*, 6, 9*, 11*",Neo-Soul,"Jamila Woods, Madison Mcferrin, The Internet, KeiyaA, Liv.e",★★★★,8/21/2022
digital,,All Get Out,Kodak,Equal Vision,6/21/2022,Pirate!,"1, 2, 7*, 8*, 10 (edits for 7, 8 avail.)","4, 3, 5, 6, 8*","Indie Rock, Folk Rock","Manchester Orchestra, Kevin Devine, Bad Books, Citizen, mewithoutYou, Valleyheart, Thrice",★★★,8/21/2022
digital,,Keep For Cheap,Bundle,Refresh,6/21/2022,Pirate!,"1*, 5*, 8","2, 4, 6, edits of 1, 5","Indie Rock, Folk Rock","Great Grandpa, Waxahatchee, Big Thief, Ratboys, Hop Along, Courtney Barnett, Land of Talk",★★★,8/21/2022
digital,,Praises,In This Year: Hierophant,Hand Drawn Dracula,6/21/2022,Planetary,,"4, 5, 8","Art Pop, Gothic Rock","Nick Cave, Sevdaliza, Circuit des Yeux, Lingua Ignota, Xiu Xiu, Beliefs",★★★★,8/21/2022
digital,,Julia Jacklin,PRE PLEASURE [advance tracks],Polyvinyl,6/21/2022,Shine On,,,"Indie Rock, Indie Folk","Phoebe Bridgers, Courtney Barnett, Big Thief, Angel Olsen, Wet Leg,",★★★★★,8/21/2022
digital,,Time Wharp,Spiro World,Leaving,6/21/2022,Shine On,,"2, 4, 5","Outsider House, Ambient Pop","Jenny Hval, Kaitlyn Aurelia Smith, Julia Holter, Prefuse 73",★★★★,8/21/2022
digital,,TV Priest,My Other People,Sub Pop,6/21/2022,Shine On,,"2, 1, 3, 5",Post-Punk,"Fontaines DC, IDLES, Protomartyr, LIFE, Parquet Courts",★★★★,8/21/2022
digital,,Ece Era,War On Innocence [EP],2MR,6/21/2022,Terrorbird,,"1, 2, 3",Progressive Electronic,"Kedr Livanskiy, Autechre, Doss, Yeule",★★★,8/21/2022
digital,,Horse Jumper of Love,Natural Part,Run For Cover,6/21/2022,Terrorbird,,"2, 3, 6","Indie Rock, Slowcore","Wednesday, Helvetia, Duster, SPIRIT OF THE BEEHIVE",★★★★★,8/21/2022
digital,,Sound of Ceres,Emerald Sea,Joyful Noise,6/21/2022,Terrorbird,,"2, 3, 9","Neo-Psychedelia, Dream Pop","Beach House, Cocteau Twins,  Broadcast, Melody’s Echo Chamber",★★★★,8/21/2022
digital,,Flasher,Love Is Yours,Domino,6/21/2022,The Syndicate,8,"1, 2, 8*, 9","Indie Rock, Dance-Punk","Mesh, Gauche, Ought, Cola, Omni, Priests",★★★★★,8/21/2022
digital,,Caregiver,Bathing in Yesterday's Fires,Park the Van,6/21/2022,Tiger Bomb,"3, 4, 5","2, 7, 8","Indie Pop, Indie Folk","Indigo De Souza, Rosie Tucker, Kississippi",★★★★,8/21/2022
CD + digital,,Dylan Moon,Option Explore,RVNG Intl.,6/21/2022,Tiger Bomb,,"1, 2, 5, 8, 15","Exp. Pop, New Wave","Television Personalities, The Cleaners from Venus, Haroumi Hosono, Cate Le Bon, The Clientele",★★★★,8/21/2022
digital,,Bartees Strange,Farm to Table,4AD,6/28/2022,Beggars,"1, 2, 4, 8",,Indie Rock,"Oceanator, Cola, illuminati hotties",★★★★,8/28/2022
digital,,Perfume Genius,Ugly Season,Matador,6/28/2022,Beggars,,"4, 7, 8","Art Pop, Modern Classical","Sharon Van Etten, Deerhunter, Angel Olsen, Weyes Blood",★★★★,8/28/2022
digital,,Automatic,Excess,Stones Throw,6/28/2022,Co-Sign,,"1, 3, 5, 9, 8","Post-Punk, Minimal Synth","Sorry, Sweeping Promises, Wet Leg, Sneaks",★★★★★,8/28/2022
digital,,Sessa,Estrela Acesa,Mexican Summer,6/28/2022,Co-Sign,,"1, 2, 6, 10","Bossa Nova, Psychedelic Pop","Helado Negro, Rodrigo Amarante, João Gilberto, Seu Jorge, Jose Gonzalez",★★★★,8/28/2022
digital,,Tijuana Panthers,Halfway to Eighty,Innovative Leisure,6/28/2022,Co-Sign,,"5, 2, 1, 6",Garage Rock,"Shannon & The Clams, La Luz, Surf Curse, King Tuff, Hanni El Khatib",★★★★,8/28/2022
digital,,Zola Jesus,Arkhon,Sacred Bones,6/28/2022,Co-Sign,10,"2, 3, 1, 6, 8","Art Pop, Darkwave","SPELLLING, Chelsea Wolfe, Cold Cave, TR/ST, Austra",★★★★,8/28/2022
digital,,Cheekface,Pledge Drive [single],New Professor,6/28/2022,Pirate!,USE CLEAN EDIT!,,Indie Rock,"Pavement, Bad Moves, Jeff Rosenstock, Parquet Courts, The Front Bottoms, Ratboys",★★★★★,8/28/2022
digital,,LC Flowers,Put On A Sweater [EP],Mint 400,6/28/2022,Pirate!,,"2, 3, 4","Exp. Pop, Indie Pop","The Drums, Cults, Ariel Pink, The Horrors",★★★★,8/28/2022
digital,,Petrol Girls,Baby,Hassle,6/28/2022,Pirate!,"5, 9, 10","4, 2, 7, 3, 6",Post-Hardcore,"Mannequin Pu**y, Amyl and The Sniffers, Surfbort, The Linda Lindas, Starcrawler, Bully",★★★★,8/28/2022
digital,,Caleb Nichols,Ramon,Kill Rock Stars,6/28/2022,Planetary,,"3, 4, 7","Psychedelic Folk, Psychedelic Pop","Elliott Smith, Trace Mountains, Kevin Morby, Christian Lee Hutson, Shaylee",★★★★,8/28/2022
digital,,Day Wave,Pastlife,PIAS,6/28/2022,Planetary,1,"2, 3, 5, 6",Indie Pop,"Rostam, Wild Pink, Current Joys, Momma, Beach Fossils, Hibou, CASTLEBEAT, Hollow Comet",★★★,8/28/2022
digital,,Soccer Mommy,"Sometimes, Forever",Concord / Loma Vista,6/28/2022,Planetary,,"1, 3, 4, 5",Indie Pop/Rock,"Snail Mail, Tomberlin, Mitski, Jay Som, Phoebe Bridgers, Black Belt Eagle Scout",★★★★,8/28/2022
digital,,Sophie Stevens,With Love [EP],Soft Nice Words,6/28/2022,Planetary,6,"1, 3, 4, 5","Folk Pop, Indie Pop","Jenny Lewis, She & Him, Feist, The Beths, Regina Spektor",★★★,8/28/2022
digital,,The Royal Belgian Conspiracy,Ghosts and Whispers ,TRBC Music,6/28/2022,Planetary,,"1, 2, 3, 9",Indie Folk,"Wolf Parade, The Wrens, Land of Talk, Wye Oak, Buck Meek, Fleet Foxes",★★★,8/28/2022
digital,,Zoon,Big Pharma [EP],Paper Bag,6/28/2022,Planetary,1 (edit avail.),"1*, 2","Shoegaze, Exp. Pop","Pale Saints, Slowdive, Mogwai, Widowspeak, Bodywash",★★★,8/28/2022
digital,,MUNA,MUNA,Saddest Factory,6/28/2022,Secretly,,"1, 9, 5, 4","Synthpop, Pop Rock",,★★★,8/28/2022
digital,,Naima Bock,Giant Palm,Sub Pop,6/28/2022,Shine On,,"1, 2, 3, 7, 10","Art Pop, Dream Pop","Broadcast, early Beach House, Stereolab, Dana Gavanski",★★★★,8/28/2022
digital,,Sheenah Ko,Future Is Now,Self-Released,6/28/2022,Shine On,,"2, 3, 4","Electropop, Alt-Pop","Japanese Breakfast, LCD Soundsystem, Bjork, Le Couleur",★★★,8/28/2022
digital,,Carlos Truly,Not Mine,Bayonet,6/28/2022,Terrorbird,11,"12, 5, 1","Exp. Pop, Jazz Pop","FKJ, Palm, Ava Luna, Operator Music Band",★★★★,8/28/2022
CD + digital,,Field Guides,Ginkgo,Whatever's Clever,6/28/2022,Terrorbird,,"2, 5, 10",Indie Folk,"Sadurn, MJ Lenderman, Babehoven, Deer Scout ",★★★,8/28/2022
digital,,The Burning Hell,Garbage Island,You've Changed,6/28/2022,Terrorbird,,"5, 10, 2","Indie Rock, Indie Pop","Mamalarky, DEHD, Bnny, Deeper",★★★★,8/28/2022
digital,,Young Guv,GUV IV,Run for Cover,6/28/2022,Terrorbird,,"6, 7, 11","Indie Pop, Jangle Pop","Kiwi Jr, 2nd Grade, Hovvdy",★★★★,8/28/2022
digital,,Neighbor Lady,For the Birds,Park the Van,6/28/2022,Tiger Bomb,,"4, 5, 6, 9","Alt-Country, Indie Rock","Angel Olsen, Tomberlin, Erin Rae, The Deer",★★★★,8/28/2022
digital,,Mock Execution,Killed By Mock Execution,La Vida Es Un Mus,6/28/2022,,,"1, 5, 6",Hardcore Punk,,★★★★,8/28/2022
digital,,OHYDA,Pan Bóg Spełni Wszystkie Pragnienia Lewaków... I Dojdzie Do Katastrofy!,La Vida Es Un Mus,6/28/2022,,,"2, 5",Hardcore Punk,,★★★★,8/28/2022
digital,,"Katalyst, Adrian Younge & Ali Shaheed Muhammad",Katalyst JID013,Jazz Is Dead,7/12/2022,Co-Sign,,"5, 2, 1, 3",Nu-Jazz,"Flying Lotus, Thundercat, Nubya Garcia, Louis Cole, Carrtoons",★★★★,9/12/2022
digital,,NoSo,Stay Proud of Me,Partisan,7/12/2022,Co-Sign,,"6, 3, 2, 1","Indie Pop, Art Pop","Clario, Samia, Japanese Breakfast, Beach House",★★★★,9/12/2022
digital,,Tim Bernardes,Mil Coisas Invisíveis,Psychic Hotline,7/12/2022,Co-Sign,,"11, 2, 1, 3","Chamber Pop, Chamber Folk","Fleet Foxes, Devendra Banhart, Sessa, Caetano Veloso, Helado Negro",★★★,9/12/2022
digital,,Blood Command,Praise Armageddon,Hassle,7/12/2022,Pirate!,"1, 4, 5, 7, 8, 9, 10 (edits of 5, 7, 8 avail.)","6, 3, 2",Post-Hardcore,"Emma Ruth Rundle & Thou, Turnstile, Brutus, Amyl and The Sniffers, Lingua Ignota",★★★★,9/12/2022
digital,x,Moor Mother,Jazz Codes,ANTI-,7/12/2022,Pirate!,"10, 11, 12, 13, 14, 15, 16","6, 1, 2, 3","Abstract Hip-Hop, Jazz Rap","Pink Siifu, Kae Tempest, clipping., Shabazz Palaces, Alfa Mist, Robert Glasper",★★★★★,11/12/2022
digital,,Art D'Ecco,After the Head Rush,Paper Bag,7/12/2022,Planetary,,"1, 3, 5",Glam Rock,"Perfume Genius, U.S. Girls, MGMT, St. Vincent, Jenny Lewis, The Kills",★★★★,9/12/2022
digital,,Guided By Voices,Tremblers and Goggle By Rank,GBV Inc,7/12/2022,Planetary,6,"2, 3, 8, 10",Alt. Rock,"Car Seat Headrest, Ty Segall, Bob Mould, Superchunk, Sebadoh, The Who, Big Star, Wire",★★★★,9/12/2022
digital,,Gwenno,Tresor,Heavenly / PIAS,7/12/2022,Planetary,,"1, 2, 3, 5","Indie Pop, Singer-Songwriter","The Weather Station, Cate Le Bon, Julia Jacklin, Alice Phoebe Lou, Pipettes, Gruff Rhys",★★★,9/12/2022
digital,,Mush,Down Tools,Memphis Industries,7/12/2022,Planetary,,"7, 5, 6",Art Punk,"Pardoner, Parquet Courts, Uranium Club, Yard Act, Cheekface",★★★★★,9/12/2022
digital,,Paul Jacobs,185 On The Corner [EP],Bonsound,7/12/2022,Planetary,,"1, 3","Psychedelic Rock, Indie Rock","Pottery, Tiña, Juan Waters, Laundromat, Corridor, Squid",★★★★,9/12/2022
digital,x,Katie Bejisuk,The Woman on the Moon,Double Double Whammy,7/12/2022,Terrorbird,,"2, 1, 4",Singer-Songwriter,"Julien Baker, Tomberlin, Florist, Mazzy Star",★★★★,11/12/2022
digital,,Momma,Household Name,Polyvinyl,7/12/2022,Terrorbird,6 (edit avail.),"3, 2, 7",Indie Rock,"Great Grandpa, Wombo, Palehound, Wednesday, Soccer Mommy",★★★★★,9/12/2022
CD + digital,x,Naomi Alligator,Double Knot,Carpark,7/12/2022,Terrorbird,11 (edit avail.),"2, 4, 1",Indie Folk,"Kimya Dawson, Babehoven, Anna McClellan",★★★★,11/12/2022
digital,,PACKS,WOAH [EP],Fire Talk,7/12/2022,Terrorbird,,"6, 3, 7",Indie Rock/Pop,"Pavement, skirts, Miss Grit, Mia Joy",★★★★,9/12/2022
digital,,TRAAMS,Personal Best,FatCat,7/12/2022,Terrorbird,,"3, 4, 5","Post-Punk Revival, Art Rock","Parquet Courts, Protomartyr, DIIV",★★★★,9/12/2022
digital,,Wu-Lu,LOGGERHEAD,Warp,7/12/2022,Terrorbird,"1, 2, 4, 10, 12","4, 8, 2","Exp. Rock, Rap Rock, Neo-Psychedelia","Slowthai, Ezra Collective, King Krule",★★★★,9/12/2022
digital,,Viagra Boys,Cave World,YEAR0001,7/12/2022,The Syndicate,"1, 4*, 5, 8*, 9*, 12 (* = edit avail.)","3, 4*, 8*","Post-Punk, Industrial Rock","Shame, IDLES, Protomartyr, Snapped Ankles",★★★★★,9/12/2022
digital,,Medicine Singers,Medicine Singers,Joyful Noise,7/12/2022,Tiger Bomb,,"2, 4, 7, 9","Experimental, Powwow Music","Eastern Medicine Singers, Yonatan Gat, Link Wray",★★★★,9/12/2022
CD + digital,,Yann Tiersen,11 5 18 2 5 18,Mute Records,7/12/2022,,,,Progressive Electronic,,★★★,9/12/2022
digital,,Belief,Belief,Lex Records,7/19/2022,Co-Sign,,"8, 7, 5, 9",Acid House,"Boards of Canada, Jamie xx, Four Tet, Joy Orbison, Heathered Pearls",★★★,9/19/2022
digital,,Rachel Bobbitt,The Ceiling Could Collapse [EP],Fantasy / Concord,7/19/2022,Co-Sign,,"1, 5, 2",Indie Rock/Pop/Folk,"Barrie, Claud, Lucy Dacus, Julien Baker, Yumi Zouma",★★★★,9/19/2022
digital,,The A's,Fruit,Psychic Hotline,7/19/2022,Co-Sign,,"1, 3, 9, 8","Indie Folk, Baroque Pop","Mountain Man, Flock of Dimes, Daughter of Swords, Sylvan Esso, Bedouine",★★★★,9/19/2022
digital,,Bishop's Green,Waiting [EP],Pirates Press,7/19/2022,Pirate!,"1, 5 (edits avail.)","2, 3, + edits",Punk Rock,"Cock Sparrer, Lion's Law, Booze & Glory, Dropkick Murphys, Noi!se",★★★,9/19/2022
digital,,Delicate Steve,After Hours,ANTI-,7/19/2022,Pirate!,,"1, 2, 3, 5",Psychedelic Pop,"Khruangbin, William Tyler, Tame Impala, Dr. Dog, Daniel Bachman",★★★,9/19/2022
digital,,Maggie Gently,Peppermint,Refresh,7/19/2022,Pirate!,,"3, 1, 5, 7, 6","Power Pop, Indie Rock","Adult Mom, Rosie Tucker, Soccer Mommy, Tancred, Oceanator, Lala Lala",★★★★,9/19/2022
digital,,KALI,Maltman and Effie [EP],Nettwerk,7/19/2022,Planetary,1,"2, 3",Indie Pop,"beabadoobee, Wallows, Mallrat, St. Vincent",★★★,9/19/2022
digital,,Katy J Pearson,Sound of the Morning,Heavenly / PIAS,7/19/2022,Planetary,,"2, 7, 8, 9","Indie Pop, Singer-Songwriter","Sharon Van Etten, Mattiel, Twin Peaks, Caroline Rose, Girl Ray, The Orielles, Braids, Chairlift, School of Seven Bells",★★★★,9/19/2022
digital,,Loop,Sonancy,Reactor / Cooking Vinyl,7/19/2022,Planetary,,"6, 7, 2, 3","Neo-Psychedelia, Space Rock","A Place to Bury Strangers, Spacemen 3, Swervedriver, Flying Saucer Attack",★★★★,9/19/2022
digital,,Voices of Memory,Noise Gate + Reverb,Self-Released,7/19/2022,Planetary,8,2,"Darkwave, Gothic Rock","Choir Boy, Drab Majesty, Cold Cave, Depeche Mode, Eurythmics",★★★,9/19/2022
digital,,Launder,Happening,Ghostly International,7/19/2022,Secretly,,"1, 5, 2","Shoegaze, Dream Pop","Slowdive, Sparklehorse, DIIV, My Bloody Valentine",★★★★★,9/19/2022
digital,,Paul Roessler,The Turning of the Bright World,Kitten Robot,7/19/2022,Shine On,"9, 10","2, 1, 3, 5",Art Rock,"Spiritualized, The Afghan Whigs/Twilight Singers, Nick Cave",★★★,9/19/2022
digital,,Attia Taylor,Space Ghost,Lame-O,7/19/2022,Terrorbird,,"3, 4, 5, 6","Psychedelic Pop, Indie Pop","Naima Bock, Hater, Flasher, Momma, P.E.",★★★★,9/19/2022
digital,,JayWood,Slingshot,Captured Tracks,7/19/2022,Terrorbird,"2*, 6, 7, 8","5, 11, edit of 2","Bedroom Pop, Funk, Indie Rock","Steve Lacy, Boy Pablo, Becca Mancari, Liam Benzvi",★★★★,9/19/2022
digital,,lynyn,lexicon,Sooper,7/19/2022,Terrorbird,,"1, 9, 8",Drum N' Bass,"Aphex Twin, Space Africa, Animal Collective, NNAMDÏ",★★★,9/19/2022
digital,,Superorganism,World Wide Pop,Domino,7/19/2022,Terrorbird,"5, 10","3, 7, 4","Indietronica, Indie Pop","Panda Bear, Kero Kero Bonito, Yaeji",★★★★,9/19/2022
digital,,Tonstartssbandht,An When,Fire Talk,7/19/2022,Terrorbird,8,"2, 4, 9",Psychedelic Pop/Rock,"Atlas Sound, Animal Collective,  Deerhunter, Amen Dunes, Dirty Beaches",★★★★,9/19/2022
digital,,...And You Will Know Us by the Trail of Dead,XI: Bleed Here Now,Dine Alone,7/19/2022,The Syndicate,"4, 8","5, 13, 19, 20","Indie Rock, Art Rock",,★★★★,9/19/2022
digital,,Elf Power,Artificial Countrysides,Yep Roc,7/19/2022,Vitriol,,"1, 3, 4, 5, 6","Indie Rock, Psychedelic Rock","Dr. Dog, Built To Spill, Devendra Banhart, Yo La Tengo",★★★★,9/19/2022
digital,,ODESZA,The Last Goodbye,Ninja Tune,7/26/2022,Co-Sign,,"7, 8, 3, 4",Progressive House,"Bonobo, Bob Moses, Rufus Du Sol, Jungle",★★★★,9/26/2022
digital,,HUNNY,Homesick [EP],Epitaph,7/26/2022,Pirate!,1 (edit avail.),"edit of 1*, 2, 4","Indie Pop, Pop Punk","Bad Suns, Hippo Campus, The Frights, Wallows, IDK How But They Found Me, Bear Hands",★★★,9/26/2022
digital,,Working Men's Club,Fear Fear,Heavenly / PIAS,7/26/2022,Planetary,"3, 7 (edits avail.)","4, 3*, 7*","Synthpop, Dance-Punk","New Order, Hot Chip, LCD Soundsystem, Simian Mobile Disco",★★★★,9/26/2022
digital,,Holy Wave,Chaparral [single],Suicide Squeeze,7/26/2022,Shine On,,,"Neo-Psychedelia, Art Pop/Rock","The Smile/Radiohead, The Black Angels, levitation room, Damaged Bug",★★★★,9/26/2022
CD + digital,,Marble,the shadow in me,Self-Released,7/26/2022,Shine On,,"4, 10, 6, 9","Art Rock, Dream Pop","Chelsea Wolfe, Weyes Blood, Zola Jesus, Austra, Bat for Lashes, LOW",★★★,9/26/2022
digital,,Twen,One Stop Shop,Self-Released,7/26/2022,Shine On,,"2, 3, 10, 6","Indie Rock, Dream Pop","Dehd, Snail Mail, Weyes Blood, Chairlift, Lower Dens, Girlpool, Beach House",★★★★,9/26/2022
digital,,Loren Berí,Stray Cat Kingdom [EP],Self-Released,7/26/2022,Terrorbird,1 (edit avail.),"2, 4, 3","Synthpop, Art Pop","Porches, Tomo Nakayama, LCD Soundsystem",★★★,9/26/2022
CD + digital,,Spacemoth,No Past No Future,Carpark / Wax Nine,7/26/2022,Terrorbird,2 (edit avail.),"edit of 2*, 6, 4","Art Pop, Synthpop","Broadcast, Zelma Stone, Sweet Trip, Stereolab",★★★★★,9/26/2022
digital,,Wylderness,Big Plans for a Blue World,Succulent Recordings,7/26/2022,Terrorbird,,"1, 4, 2",Indie Rock,"Ride, DIIV, Sonic Youth, Yo La Tengo",★★★★,9/26/2022
digital,,Pool Kids,Pool Kids,Skeletal Lightning,7/26/2022,Tiger Bomb,"5, 8, 11","2, 7, 1","Midwest Emo, Dream Pop, Pop Punk","Paramore, Retirement Party, Gulfer, Into It. Over It., Foxing",★★★★,9/26/2022
digital,,The Soft Hills,Viva Chi Vede,Black Spring,7/26/2022,Tiger Bomb,,"1, 6, 9",Psychedelic Folk/Pop,"Midlake, Shearwater, Andy Shauf",★★★★,9/26/2022
digital,,Ty Segall,"Hello, Hi",Drag City,7/26/2022,,,"10, 9, 4, 7","Garage Rock, Psychedelic Rock","Osees, Fuzz, Black Lips. Tijuana Panthers",★★★★,9/26/2022
digital,,black midi,Hellfire,Rough Trade,8/2/2022,Beggars,"3, 4, 7",,Avant-Prog,"Squid, Slint, Unwound, Foxtails, Shame",★★★★★,10/2/2022
digital,,Julien Baker,B-Sides [EP],Matador,8/2/2022,Beggars Group,,,"Singer/Songwriter, Indie Rock","Boygenius, Phoebe Bridgers, Sharon Van Etten",★★★★,10/2/2022
digital,,Lava La Rue,Hi-Fidelity [EP],Marathon Artists,8/2/2022,Co-Sign,"1, 2, 5 - edits avail.","4*, 3, 1*",Alt. R&B,"Arlo Parks, Biig Piig, Blood Orange, Saya Gray, Jamila Woods",★★★★,10/2/2022
digital,,Sun's Signature,Sun's Signature [EP],Partisan,8/2/2022,Co-Sign,,"2, 1, 3","Art Pop, Progressive Pop","Cocteau Twins, SPELLLING, Beach House, Julee Cruise, Joanna Newsom",★★★★,10/2/2022
digital,x (NJ),Beach Rats,Rat Beat,Epitaph,8/2,Pirate!,"9, 12","1, 2, 4, 7",Punk Rock,"Minor Threat, Bad Religion, Bouncing Souls, Youth Brigade, Lifetime, The Chats",★★★★,12/2/2022
digital,,Coupons,Wasted Intimacy,Counter Intuitive,8/2/2022,Pirate!,7,"2, 3, 5, 6, 10, 11","Emo-Pop, Indie Rock","The Front Bottoms, Foxing, Retirement Party, American Football",★★★★,10/2/2022
digital,,Zenizen,P.O.C. (Proof of Concept),Topshelf,8/2/2022,Pirate!,,"2, 3, 4, 8","Neo-Soul, Funk-Soul","Erykah Badu, Nick Hakim, Hiatus Kaiyote, Empress Of, L'Rain, MICHELLE, Santigold",★★★★,10/2/2022
digital,,Cones,Almanac,Self-Released,8/2/2022,Planetary,,"1, 3, 5","Indie Pop, Psychedelic Pop","Foxygen, Pond, Young Guv, The Men, My Morning Jacket, Toro Y Moi, Sean Nicholas Savage,  The War On Drugs",★★★★,10/2/2022
digital,,STRABE,JUVENOIA,PIAS,8/2/2022,Planetary,,"2, 5, 10, 1","Synthpop, Dance-Pop","Röyksopp, SG Lewis, The Chemical Brothers, Soulwax",★★★,10/2/2022
CD + digital,,of Montreal,Freewave Lucifer f<ck f^ck f>ck,Polyvinyl,8/2/2022,Shine On,"3, 4, 5, 6, 7","1, 8, 11, 12","Neo-Psychedelia, Psychedelic Pop","MGMT, Animal Collective, Superorganism, Beck, Prince, Phoenix",★★★★,10/2/2022
CD + digital,,Sarah Bethe Nelson,Mental Picture,Speakeasy Studios SF,8/2/2022,Shine On,4,"7, 3, 2, 5",Indie Rock/Pop,"Mazzy Star, Cassandra Jenkins, Angel Olsen, Kurt Vile, Smog, Beabadoobee",★★★,10/2/2022
digital,,Emily Yacina,All the Things,Danger Collective,8/2/2022,Terrorbird,"6, 11","13, 12, 7","Dream Pop, Indie Pop","Alex G, Frankie Cosmos, Skirts, Tomberlin",★★★★,10/2/2022
CD + digital,,Florist,Florist,Double Double Whammy,8/2/2022,Terrorbird,,"14, 2, 4","Indie-Folk, Singer-Songwriter","Adrianne Lenker, Julien Baker, Frankie Cosmos, Lomelda",★★★★,10/2/2022
digital,,Patrick Holland,You're the Boss,Captured Tracks,8/2/2022,Terrorbird,5,"8, 2, 9, 4","Indie Pop, Psychedelic Pop","Men I Trust, TOPS, Beach Fossils, Wild Nothing",★★★,10/2/2022
digital,,Wombo,Fairy Rust,Fire Talk,8/2/2022,Terrorbird,,"1, 3, 5",Indie Rock,"PACKS, Deeper, Palm, Mamalarky",★★★★★,10/2/2022
digital,,DOMi & JD BECK,NOT TiGHT,Apeshit / Blue Note,8/2/2022,The Syndicate,,"10, 12, 4, 6","Nu Jazz, Jazz Fusion","Louis Cole, Kiefer, Cisco Swank, Butcher Brown",★★★★,10/2/2022
CD + digital,x,Friendship,Love the Stranger,Merge,8/2,Tiger Bomb,,"4, 5, 10, 13, 16",Alt-Country,"Will Oldham/Bonnie 'Prince' Billy, Bill Callahan, MJ Lenderman, Trace Mountains, Nap Eyes",★★★★,12/2/2022
digital,,PHONY,AT SOME POINT YOU'LL STOP,PHONY INDUSTRIES,8/2/2022,Tiger Bomb,11,"1, 2, 6, 7, 8","Emo, Emo-Pop","Joyce Manor, Donovan Wolfington, Stove, Horse Jumper of Love",★★★,10/2/2022
digital,x,Billy and the Bad Peach,Juiced (EP),Painter's Tapes,8/2,,TITLE of 6 (none in lyrics tho),,"Noise Rock, Exp. Rock","Sonic Youth, Upside Down Cross, Gilla Band",★★★★,12/2/2022
digital,,Throwaway,Hand That Takes,FPE,8/2/2022,,6,"6, 4","Noise Rock, No Wave","Sonic Youth, Lightning Bolt, Unwound",★★★★,10/2/2022
digital,,Kokoroko,We Could Be More,Brownswood,8/9/2022,Co-Sign,,"7, 1, 4, 13","Afrobeat, Afro-Jazz","SAULT, Nubya Garcia, Kamaal Williams, Sons of Kemet, Tony Allen",★★★★,10/9/2022
digital,,Meridian Brothers & El Grupo Renacimiento,Meridian Brothers & El Grupo Renacimiento,Ansonia Records,8/9/2022,Co-Sign,,"3, 5, 2, 8","Cumbia, Art Rock","Quantic, Ondatrópica, Chancha Via Circuito, Bomba Estéreo",★★★,10/9/2022
digital,,Art Moore,Art Moore,Anti-,8/9/2022,Pirate!,2,"1, 3, 5, 4","Indie Pop, Dream Pop","Bachelor, Faye Webster, Angel Olsen, Sharon Van Etten, Girlpool, Jay Som, Andy Shauf, Florist, Boy Scouts",★★★★,10/9/2022
digital,,Cheekface,Too Much to Ask,Self-Released,8/9/2022,Pirate!,"3, 10 (edits avail.)","1, 7, 8, 4, 3*, 10*",Indie Rock,"Pavement, Bad Moves, Jeff Rosenstock, Parquet Courts, The Front Bottoms, Ratboys",★★★★★,10/9/2022
digital,,The Interrupters,In the Wild,Epitaph / Hellcat,8/9/2022,Pirate!,,"2, 4, 11, 9","Ska Punk, Punk Rock","No Doubt, Rancid, The Distillers, The Linda Lindas, Catbite, Jeff Rosenstock",★★★,10/9/2022
digital,,Big League,A Symbol Like A Cloud,Presto Chango,8/9/2022,Planetary,,"3, 4, 6, 9, 1",Alternative/Indie Rock,"Guided By Voices, Royal Headache, Car Seat Headrest, Built to Spill, Superchunk, Quasi",★★★★,10/9/2022
digital,,Broke Royals,Patina,Byrdland Records,8/9/2022,Planetary,,"3, 2","Power Pop, Indie Rock","Bartees Strange, The Weakerthans, Tokyo Police Club, The Hold Steady, Japandroids, The Get Up Kids, Limbeck",★★★,10/9/2022
digital,,Marci,Marci,Arbutus,8/9/2022,Planetary,,"2, 3, 4, 5",Indie Pop,"TOPS, MUNYA, Jessy Lanza, Blue Hawaii, Toro Y Moi, Mr Twin Sister",★★★★,10/9/2022
digital,,Royel Otis,Bar N Grill [EP],Ourness / House Anxiety,8/9/2022,Planetary,,"1, 3","Indie Pop, Noise Pop","MGMT, The Strokes, Hippo Campus, Wavves, Clap Your Hands Say Yeah",★★★★,10/9/2022
digital,,Tallies,Patina,Kanine Records / Hand Drawn Dracula,8/9/2022,Planetary,,"1, 2, 3, 5, 6, 7","Dream Pop, Indie Pop","Ducks Ltd., Beach Fossils, No Joy, Cherry Glazerr, DIIV",★★★,10/9/2022
digital,,Brijean,Angelo,Ghostly International,8/9/2022,Secretly,,"2, 4","Psychedelic Pop, Downtempo","Toro y Moi, Homeshake, Poolside",★★★★,10/9/2022
digital,,Frankie Cosmos,Inner World Peace [advance tracks],Sub Pop,8/9/2022,Shine On,,,"Indie Rock, Indie Pop","Soccer Mommy, Mitski, Beabadoobee, Clairo, Yo La Tengo",★★★★,10/9/2022
digital,,GOON,Hour of Green Evening,Self-Released,8/9/2022,Shine On,,"2, 1, 6, 7","Indie Rock, Neo-Psychedelia","Big Thief, Whitney, Real Estate, Hand Habits, Lomelda, Woods",★★★★,10/9/2022
digital,,Healing Potpourri,Paradise,Run For Cover,8/9/2022,Terrorbird,,"2, 9, 5","Psychedelic Pop, Ambient Pop","Whitney, Jerry Paper, Mort Garson, Burt Bacharach",★★★★,10/9/2022
digital,,Ravyn Lenae,HYPNOS,Atlantic,8/9/2022,The Syndicate,"1, 15","5, 12, 14, 2, 4","Neo-Soul, Alt. R&B","SZA, Steve Lacy, Jamila Woods, Amber Mark",★★★★,10/9/2022
digital,,Improvement Movement,"Don't Delay, Join Today!",Acrophase,8/9/2022,Tiger Bomb,,"1, 12, 9, 11",Psychedelic Pop/Rock,"Mild High Club, Drugdealer, Dent May, Theranos, WeWork",★★★★,10/9/2022
digital,,Worthitpurchase,Truth Telling,Anxiety Blanket,8/9/2022,Tiger Bomb,7,"4, 1, 3, 6","Indie Pop, Bedroom Pop, Art Pop","Broadcast, The Microphones, Gia Margaret,  Emily Yacina",★★★★,10/9/2022
digital,x,Harm Assist,Harm Assist [EP] [advance tracks],Cruisin Records,8/9,,2,,"Powerviolence, Hardcore Punk",,★★★★,12/9/2022
digital,,Danger Mouse & Black Thought,Cheat Codes,BMG,8/16/2022,Co-Sign,use clean edits!,"7, 4, 5, 6",East Coast Hip-Hop,"The Roots, Run The Jewels, Denzel Curry, DJ Shadow",★★★★,10/16/2022
digital,,Stella Donnelly,Flood [advance tracks],Secretly Canadian,8/16/2022,Co-Sign,,,Indie Pop,"Julia Jacklin, Big Thief, Faye Webster, Soccer Mommy",★★★★★,10/16/2022
digital,,Sylvan Esso,No Rules Sandy,Loma Vista / Concord,8/16/2022,Co-Sign,,"4, 7, 12, 14","Indietronica, Electropop","Wye Oak, Lucius, Overcoats, Caroline Rose, Mountain Man",★★★★,10/16/2022
digital,,Boris,Heavy Rocks,Relapse,8/16/2022,Pirate!,,"1, 3, 5",Stoner Metal,"Thou, Sunn O))), Earth, Swans, Baroness, The Body",★★★★,10/16/2022
digital,,Rat Tally,In My Car,6131,8/16/2022,Pirate!,"1, 9 (edits avail.)","2, 6, 3, 1*, 9*","Dream Pop, Indie Rock","Soccer Mommy, Ratboys, Girlpool, Boy Scouts, Snail Mail, Tomberlin, Sadurn, Phoebe Bridgers",★★★★,10/16/2022
digital,,The Flatliners,New Ruin,Fat Wreck Chords,8/16/2022,Pirate!,"2, 4, 10, 11 (edits avail.)","8, 1 + edits",Punk Rock,"PUP, Against Me!, Dead To Me, The Lawrence Arms, The Menzingers, Hot Water M",★★★,10/16/2022
digital,x,Tonks,Finger on the Pulse,Self-Released,8/16,Pirate!,,"1, 6, 3, 2, 8",Indie Folk,"Benjamin Gibbard, Bright Eyes, Sufjan Stevens, Iron & Wine, City and Colour, Field Medic",★★★,12/16/2022
digital,,Kiwi Jr,Chopper,Sub Pop,8/16/2022,Shine On,,"4, 1, 5, 7, 3","Indie Rock, Jangle Pop","Parquet Courts, Rolling Blackouts Coastal Fever, Nap Eyes, No Age",★★★★,10/16/2022
digital,,Lera Lynn ,Something More Than Love,Ruby Range / Ingrooves,8/16/2022,Shine On,,"1, 5, 7",Indie Pop/Folk,"Sharon Van Etten, Lana Del Rey, Weyes Blood, Angel Olsen, Feist",★★★,10/16/2022
digital,,Jennifer Vanilla,Castle In The Sky,Sinderlyn,8/16/2022,Terrorbird,,"2, 4, 5","Art Pop, Electropop, House","Ava Luna, Grace Ives, Blue Hawaii, Jane Inc.",★★★,10/16/2022
digital,,Tony Molina,In The Fade,Run for Cover,8/16/2022,Terrorbird,8,"4, 2, 10","Power Pop, Indie Rock","Young Guv, Sheer Mag, Hotline TNT, Teenage Fanclub ",★★★★,10/16/2022
CD + digital,,Panda Bear & Sonic Boom,Reset,Domino,8/16/2022,The Syndicate,,"1, 2, 4, 7, 8",Neo-Psychedelia,"Animal Collective, Deerhunter, Dirty Projectors",★★★★,10/16/2022
digital,,History At Our Disposal,LOUNGEMUSIC,Talented Friends,8/16/2022,Tiger Bomb,,"1, 3, 4, 9",Art Rock,"Nick Cave, Swans, Angelo Badalamenti, Liars, Bambara",★★★,10/16/2022
digital,,Kamikaze Palm Tree,Mint Chip,Drag City,8/16/2022,,,"1, 4, 2, 13","Zolo, Art Punk, Art Rock","Guerilla Toss, White Fence, EXEK, Mush, Cola",★★★★★,10/16/2022
digital,,Terence Etc.,V O R T E X,Brainfeeder,8/23/2022,Co-Sign,,"2, 10, 8","Neo-Soul, Nu Jazz","Flying Lotus, serpentwithfeet, Moses Sumney, Solange, L'Rain",★★★★,10/23/2022
digital,,The Mountain Goats,Bleed Out,Merge,8/23/2022,Co-Sign,,"1, 3, 2","Indie Folk, Folk Rock","Okkervil River, Built To Spill, Wilco, The Hold Steady, Bright Eyes",★★★★,10/23/2022
digital,,Cass McCombs,Heartmind,ANTI-,8/23/2022,Pirate!,,"2, 4, 5, 7","Singer-Songwriter, Indie Folk","Tallest Man On Earth, Angel Olsen, Andrew Bird, Iron and Wine, The War On Drugs, Destroyer",★★★★,10/23/2022
digital,,NO WIN,Dodger Stadium,Dangerbird,8/23/2022,Pirate!,8,"1, 2, 5, 6",Power Pop,"Teenage Fanclub, White Reaper, Guided By Voices, FIDLAR, Culture Abuse, Wavves ",★★★,10/23/2022
digital,,Russian Circles,Gnosis,Sargent House,8/23/2022,Pirate!,,"2, 3, 4, 6","Post-Metal, Atmospheric Sludge Metal","If These Trees Could Talk, Caspian, Mogwai, Explosions In The Sky",★★★★,10/23/2022
digital,,THICK,Happy Now,Epitaph,8/23/2022,Pirate!,"2, 6, 11","3, 4, 10, 1","Garage Punk, Punk Rock","Potty Mouth, The Regrettes, Mannequin Pu**y, Tacocat, The Coathangers, Screaming Females",★★★★★,10/23/2022
digital,,Fake Palms,Lemons [advance tracks],Hand Drawn Dracula,8/23/2022,Planetary,,,"Post-Punk, Dream Punk","Omni, Cola, Corridor, Sham Family, Kiwi jr, Parquet Courts, No Age",★★★★★,10/23/2022
digital,,Moreish Idols,Float [EP],Speedy Wunderground / PIAS,8/23/2022,Planetary,,"1, 4","Post-Punk, Art Punk","Shame, Squid, Slaves, Fontaines DC, The Murder Capital",★★★★★,10/23/2022
digital,,The Chats,GET FUCKED,Bargain Bin,8/23/2022,Planetary,"7, 12","2, 10",Garage Punk,"FIDLAR, The Dune Rats, WAAX, Amyl and The Sniffers, Skegss",★★★★,10/23/2022
digital,,Scarves,Delicate Creatures,Good Eye Records,8/23/2022,Riot Act,,,Indie Rock,"Built to Spill, Modest Mouse, Fresh, Nana Grizol",★★★★★,10/23/2022
digital,,CLAMM,Care,Chapter Music,8/23/2022,Shine On,,,"Garage Punk, Post-Hardcore","OSees, The Chats, Ty Segall, Amyl And The Sniffers, King Gizzard",★★★★★,10/23/2022
digital,,LIFE,North East Coastal Town,The Liquid Label,8/23/2022,Shine On,"7, 8","2, 9, 1","Post-Punk, Garage Rock","TV Priest, Protomartyr, Yard Act, Squid, Fontaines D.C., Iceage",★★★★,10/23/2022
digital,,The Medium,For Horses,Still the Best / YK Records,8/23/2022,Shine On,,"7, 2, 3, 4",Psychedelic Rock/Pop,"The Murlocs, Mac DeMarco, Foxygen, Michael Rault, Dope Lemon",★★★★,10/23/2022
digital,,Various Artists,After Dark 4,Italians Do It Better,8/23/2022,Shine On,,"1, 11, 8, 9, 15, 13, 24",Synthpop,"S U R V I V E, Blondie, Kate Bush, New Order, Giorgio Moroder",★★★★,10/23/2022
digital,,MAYA LUCIA,miss girl world [EP],Self-Released,8/23/2022,Terrorbird,"5, 7","1, 2, 4","Indie Rock, Indie Pop","Stef Chura, Sidney Gish, Dehd, Indigo De Souza, Snail Mail",★★★★,10/23/2022
digital,,The Berries,High Flying Man,Run for Cover,8/23/2022,Terrorbird,,"2, 3, 5","Indie Rock, Folk Rock","Tony Molina, Dougie Poole, Kevin Morby, Young Guv",★★★★,10/23/2022
digital,,zannie,How Do I Get That Star,Kill Rock Stars,8/23/2022,Terrorbird,,"1, 3, 2, 5","Indie Pop, Singer-Songwriter","Mega Bog, Johanna Warren, Pearl Charles, Bnny",★★★,10/23/2022
digital,,Little Mazarn,Texas River Song,Dear Life,8/23/2022,Tiger Bomb,,"1, 4, 7, 8","Exp. Folk, Indie Folk","Lomelda, Karen Dalton, Emmylou Harris, Van Dyke Parks",★★★★,10/23/2022
digital,,Oneida,Success,Joyful Noise,8/23/2022,Tiger Bomb,,"1, 3, 4, 6","Psychedelic Rock, Garage Rock, Exp. Rock","Velvet Underground, The Clean, Suicide, Modern Lovers, Can, Sonic Youth",★★★★★,10/23/2022
digital,,Why Bonnie,90 In November,Keeled Scales,8/23/2022,Tiger Bomb,3 (edit avail.),"1, 2, 3*, 6","Indie Rock, Dream Pop, Shoegaze"," Snail Mail, Jay Som, Babehoven, Skirts, Cryogeyser",★★★★,10/23/2022
digital,,Mdou Moctar,Niger EP Vol. 1 [EP],Matador,8/30/2022,Beggars,,,Psychedelic Rock,,★★★★★,10/30/2022
digital,,Dendrons,5-3-8,Innovative Leisure,8/30/2022,Co-Sign,,"3, 11, 1","Indie Rock, Post-Punk","Geese, Shame, IDLES, Deeper, Parquet Courts, Wire, The Fall",★★★★,10/30/2022
digital,,Thee Sacred Souls,Thee Sacred Souls,Daptone,8/30/2022,Co-Sign,,"3, 5, 2",Soul,"The Altons, Durand Jones & The Indications, Curtis Harding, Black Pumas",★★★★,10/30/2022
digital,,Ezra Furman,All of Us Flames,ANTI-,8/30/2022,Pirate!,"6*, 9, 8","7, 4, 5, 6*","Indie Rock, Art Rock","Perfume Genius, Father John Misty, The Magnetic Fields, John Grant, Cass McCombs",★★★★,10/30/2022
digital,,Love Tractor,Themes From Venus (Remastered Expanded Edition),Propeller Sound,8/30/2022,Pirate!,4,"7, 2, 3, 5","Jangle Pop, Alt. Rock","R.E.M., The Dream Syndicate, The Feelies, The Cure, King Gizzard & The Lizard Wizard",★★★★,10/30/2022
digital,,No Trigger,Dr. Album,Red Scare Industries,8/30/2022,Pirate!,"1, 2, 3, 4, 7, 8, 11, 12, 13 ","5, 6, 10",Punk Rock,"Propagandhi, NOFX, The Lawrence Arms, Blink-182, Jeff Rosenstock, Pup",★★★,10/30/2022
digital,,Pianos Become the Teeth,Drift,Epitaph,8/30/2022,Pirate!,,"2, 7, 9","Post-Hardcore, Midwest Emo, Art Rock","Touché Amoré, La Dispute, Defeater, Balance and Composure",★★★★,10/30/2022
digital,,Thanya Iyer,Rest [EP],Topshelf,8/30/2022,Pirate!,,"1, 2, 3","Art Pop, Freak Folk","rumb, Moses Sumney, Noname, Portishead, Ohmme, Esperanza Spalding, Kadhja Bonet",★★★★,10/30/2022
digital,,Fancey,Star Dreams ,Stoner Disco Records,8/30/2022,Planetary,,"5, 1, 4",Indie Pop,"New Pornographers, Drugdealer, Weyes Blood, Marci, TOPS, Tennis, Sean Nicholas Savage, Neon Indian, True Blossom, Haruomi Hosono, Toro y Moi",★★★★,10/30/2022
digital,,Jonathan Personne,Jonathan Personne,Bonsound,8/30/2022,Planetary,,"7, 3, 1","Indie Rock, Dream Pop","Corridor, Kurt Vile, Kevin Morby, Weyes Blood, Day Wave, Rolling Blackouts Coastal Fever, Real Estate, Sam Cohen",★★★★,10/30/2022
digital,,Melody's Echo Chamber,Unfold [advance tracks],Fat Possum,8/30/2022,Planetary,,,"Neo-Psychedelia, Dream Pop","Tame Impala, Beach House, Unknown Mortal Orchestra, DIIV, Youth Lagoon",★★★★,10/30/2022
digital,,Röyksopp,Profound Mysteries II,Dog Triumph / PIAS,8/30/2022,Planetary,,"2, 3, 4, 5","Synthpop, Art Pop","Air, Goldfrapp, The Knife, Groove Armada",★★★★,10/30/2022
digital,,Ruby Goon,Brand New Power,Phantasy Sound / PIAS,8/30/2022,Planetary,,"1, 3, 4, 6",Psychedelic Pop,"Jerry Paper, Divino Niño, Paul Cherry, Drugdealer",★★★★,10/30/2022
digital,,The Secret Beach,Songs From The Secret Beach,Victory Pool,8/30/2022,Planetary,5,"6, 1, 2, 3 ,4","Indie Folk, Jangle Pop","Foxygen, Woods, Real Estate, The Lemon Twigs, AJJ, Slaughter Beach Dog, Field Medic, The Velvet Underground",★★★★,10/30/2022
digital,,Trace Decay,Imprint and Illuminate,Self-Released,8/30/2022,Planetary,,"1, 5","Synthpop, Dream Pop","Beach Fossils, DIIV, Bleib Modern, The Jesus and Mary Chain, Drab Majesty, Depeche Mode, The KVB",★★★★,10/30/2022
digital,,Cinema Hearts,Your Ideal [EP],Self-Released,8/30/2022,Riot Act,,,,,★★★,10/30/2022
digital,,Kaitlyn Aurelia Smith,Let's Turn It Into Sound,Ghostly International,8/30/2022,Secretly,,"1, 4","Neo-Psychedelia, Progressive Electronic","Mary Lattimore, Emily Sprague, Kara-Lis Coverdale",★★★★,10/30/2022
digital,,Stella Donnelly,Flood,Secretly Canadian,8/30/2022,Secretly,"1, 8","2, 7","Indie Pop, Singer-Songwriter","Julia Jacklin, Faye Webster, The Beths",★★★★★,10/30/2022
digital,,Jacob Faurholt,When the Spiders Crawl,Raw Onion,8/30/2022,Shine On,,"1, 3, 7","Alt. Rock, Lo-Fi Indie Rock, Noise Pop","Magnetic Fields, The Jesus & Mary Chain, Guided By Voices, Conor Oberst",★★★,10/30/2022
digital,,Osees,A Foul Form,Castle Face,8/30/2022,Shine On,"1*, 2*, 7*, 8, 9, 10","4, 6, 5, 3","Garage Punk, Noise Rock","Black Flag, Ty Segall, Crass, King Gizzard, Bad Brains, White Fence",★★★★★,10/30/2022
digital,,Kristiane,State Lines,FADER,8/30/2022,Terrorbird,"1, 3, 7","2, 4, 5","Indie Pop, Indie Rock","girlpuppy, Indigo e souza, squirrel flower, clairo ",★★★★,10/30/2022
digital,,Monolithe Noir,Rin,Capitane,8/30/2022,Terrorbird,,"8, 4, 10","Exp. Rock, Exp. Electronic","These New Puritans, Liars, Einsturzende Neubauten, xiu xiu",★★★★,10/30/2022
digital,,teen suicide,honeybee table at the butterfly feast,Run For Cover,8/30/2022,Terrorbird,"11, 14","2, 6, 7","Lo-Fi Indie Rock, Noise Pop, Emo","American Pleasure Club, Pill Friends, Dandelion Hands ",★★★★,10/30/2022
digital,,Paper Pools,It's In Our Mind,Self-Released,8/30/2022,Tiger Bomb,,"2, 4, 7",Indie Pop,"Hot Chip, Generationals, Peter Gabriel, Jim James",★★★,10/30/2022
digital,,Stockhausen and The Amplified Riot,Era of the Inauthentic,Artificial Head,8/30/2022,Tiger Bomb,,"2, 1",Garage Rock,"Osees, Cy Dune, Hooverii",★★★★,10/30/2022
digital,,BiBi Club,Le soleil et la mer,Secret City,8/30/2022,Vitriol,,"3, 10, 4","French Pop, Indie Pop","Stereolab, Nouvelle Vague, TEKE TEKE, Plants and Animals, Helend Deland",★★★,10/30/2022
digital,,Kenny Beats,LOUIE,XL Recordings,9/6/2022,Beggars,"1, 5, 7, 10",,Instrumental Hip-Hop,"JPEGMAFIA, Pink Siifu, slowthai",★★★★,11/6/2022
digital,,Eyedress,FULL TIME LOVER,Lex Records,9/6/2022,Co-Sign,"3, 4, 21, 24, 26, 27, 28","7, 5, 10, 11, 14","Hypnagogic Pop, Post-Punk","Mac DeMarco, King Krule, The Garden, Mild High Club, Current Joys",★★★★,11/6/2022
digital,,Peel Dream Magazine,Pad [advance tracks],Slumberland / Tough Love,9/6/2022,Force Field,,,"Dream Pop, Jangle Pop",,★★★★★,11/6/2022
digital,,Duncan Sheik,Claptrap,AntiFragile,9/6/2022,Pirate!,,"3, 4, 7, 11","Singer-Songwriter, Art Pop","Destroyer, Michael McDonald, Daniel Rossen, Owen Pallett, Perfume Genius, Kishi Bashi",★★★,11/6/2022
digital,,Secret Machines,Day 21/Dreaming Of Dreaming [EP],TSM,9/6/2022,Pirate!,,"1, 2, 3, 6","Alt. Rock, Space Rock","Broken Social Scene, Slowdive, Grandaddy, Interpol, Mew, Doves, Bloc Party",★★★★,11/6/2022
digital,,Foreign Air,Hello Sunshine,Nettwerk,9/6/2022,Planetary,"1, 12","9, 10, 11","Psychedelic Pop, Alt-Pop","George Clanton, Phantogram, Bastille, Yeasayer, The Black Keys, Purity Ring",★★★★,11/6/2022
digital,,Mo Troper,MTV,Lame-O,9/6/2022,Planetary,,"8, 5, 2, 13","Power Pop, Indie Pop","Young Guv, 2nd Grade, Tony Molina, Alien Boy, Supercrush, Dazy, snow ellet",★★★★,11/6/2022
digital,,The Lounge Society,Tired of Liberty,Speedy Wunderground / PIAS,9/6/2022,Planetary,,"2, 3, 10",Post-Punk,"Crack Cloud, Drahla, Corridor, Snapped Ankles, Television, Wire, IDLES",★★★★★,11/6/2022
digital,,Coastwest Unrest,The Darkest Brilliance,Reclaim,9/6/2022,Shine On,,"2, 7, 3",Folk Rock,"Current Joys, Craig Finn/The Hold Steady, Lucero, Gaslight Anthem, Good Looks",★★★,11/6/2022
digital,,Julia Jacklin,PRE PLEASURE,Polyvinyl,9/6/2022,Shine On,,"4, 1, 2, 9","Indie Rock, Singer-Songwriter","Phoebe Bridgers, Courtney Barnett, Big Thief, Angel Olsen, Wet Leg, Soccer Mommy, Kurt Vile",★★★★★,11/6/2022
digital,,Living Hour,Someday Is Today,Kanine,9/6/2022,Terrorbird,,"4, 8, 10","Dream Pop, Shoegaze","Jay Som, why bonnie, Blushing, Widowspeak",★★★★,11/6/2022
digital,,Modern Nun,Name Extended,Self-Released,9/6/2022,Terrorbird,,"5, 6, 7","Indie Rock, Power Pop","Keep for Cheap, Bachelor, Waxahatchee, Palehound",★★★★,11/6/2022
digital,,S Raekwon,I Like It When You Smile [EP],Father/Daughter,9/6/2022,Terrorbird,,"1, 3, 4",Indie Pop,"Japanese Breakfast, the 1975, Caroline Polachek",★★★★,11/6/2022
digital,,Hellcat Bloom,Semisweet [EP],pOprOck,9/6/2022,Vitriol,"2, 7","5, 8, 4, 6",Indie Pop,"Lana Del Rey, Cat Power, Regina Spektor",★★★,11/6/2022
digital,,The Other Each Other,Mirror Memorials,Paper Dice,9/6/2022,Vitriol,,"2, 1, 3, 6","Psychedelic Rock, Garage Rock","King Gizzard and the Lizard Wizard, Moon Duo, Ty Segall, Rolling Blackouts Coastal Fever, Sebadoh",★★★★,11/6/2022
digital,,Dan Friel,Factoryland,Thrill Jockey,9/6/2022,,,"2, 4, 6","Noise, Noise Pop",,★★★★,11/6/2022
digital,,Dana Gavanski,Bouncing Ball [advance tracks],Flemish Eye,9/6/2022,,,,"Folk Pop, Indie Pop","Cate Le Bon, Stereolab, Broadcast, Vanishing Twin",★★★★,11/6/2022
digital,,FLASH,FLASH,La Vida Es Un Mus,9/6/2022,,,,Garage/Hardcore Punk,,★★★★,11/6/2022
digital,,Pelican,Australasia [reissue],Thrill Jockey,9/6/2022,,,"6, 2, 1",Atmospheric Sludge Metal,,★★★★,11/6/2022
digital,,The Soft Pink Truth,Was It Ever Real?,Thrill Jockey,9/6/2022,,3,1,Deep House,"Matmos, Au Suisse, Oren Ambarchi",★★★★,11/6/2022
digital,,Dry Cleaning,Stumpwork [advance tracks],4AD,9/13/2022,Beggars,,,"Post-Punk, Art Punk","Do Nothing, Goat Girl, Squid, Yard Act, Crack Cloud",★★★★★,11/13/2022
digital,,"Henry Franklin, Adrian Younge & Ali Shaheed Muhammad",Henry Franklin JID014,Jazz Is Dead,9/13/2022,Co-Sign,,"1, 2, 5, 6","Jazz, Jazz Fusion","Adrian Younge, Doug Carn, Leon Thomas, Gary Bartz, Lonnie Liston Smith",★★★★,11/13/2022
digital,,Preoccupations,Arrangements,Flemish Eye,9/13/2022,Co-Sign,5,"2, 3, 1, 7","Post-Punk, Gothic Rock","METZ, Protomartyr, Ought, IDLES, Iceage, shame",★★★★★,11/13/2022
digital,,Sampa the Great,"As Above, So Below ",Loma Vista / Concord,9/13/2022,Co-Sign,use edits,"2, 3, 5","Conscious Hip-Hop, Jazz Rap","Working Mens Club, The Orielles, Gustaf",★★★★,11/13/2022
digital,,Scone Cash Players,Brooklyn to Brooklin,Daptone,9/13/2022,Co-Sign,,"4, 1, 2, 6",Jazz-Funk,"The Poets of Rhythm, Delvon Lamarr Organ Trio, Menahan Street Band, Sugarman 3",★★★,11/13/2022
digital,,Sudan Archives,Natural Brown Prom Queen,Stones Throw,9/13/2022,Co-Sign,use edits,"5, 1, 4, 17","Neo-Soul, Alt. R&B","Erykah Badu, Jamila Woods, Sault, Moses Sumney, Little Simz, Solange",★★★★,11/13/2022
digital,,The Garden,Horseshit On Route 66,Self-Released,9/13/2022,Pirate!,"2, 3, 4, 5, 6, 7, 8, 9, 10, 11 (USE EDITS)","9*, 8*, 4*, 1, 6*","Art Punk, Experimental Rock","Mac DeMarco, Tijuana Panthers, FIDLAR, Alex G, Cherry Glazerr, Ty Segall, Fontaines DC",★★★★★,11/13/2022
digital,,Ethan Larsh,The Emperor,Self-Released,9/13/2022,Planetary,2,"1, 4, 8, 9","Alt. Rock, Indie Folk","New Pornographers, Destroyer, Ben Folds, Jeff Rosenstock, Car Seat Headrest, They Might Be Giants",★★★,11/13/2022
digital,,Miya Folick,2007 [EP],Nettwerk,9/13/2022,Planetary,"1, 4, 5","2, 3",Indie Pop,"Lala Lala, Molly Burch, Haley Blais, Lucy Dacus",★★★,11/13/2022
digital,,Native Sun,Off With Our Heads [advance tracks],Grand Jury,9/13/2022,Planetary,,,Garage Rock,"The Dirty Nil, Mudhoney, Bass Drum of Death, FIDLAR, Ty Segall",★★★★★,11/13/2022
digital,,Unloved,The Pink Album,Heavenly / PIAS,9/13/2022,Planetary,2,"7, 16, 5, 11","Psychedelic Pop, Dream Pop","Juniore, Suki Waterhouse, Cocteau Twins, TV Girl",★★★★,11/13/2022
digital,,Air Waves,The Dance,Fire Records,9/13/2022,Shine On,,"4, 7, 1, 2","Indie Folk, Indie Pop","Sharon Van Etten, Julia Jacklin, Frankie Cosmos, Skullcrusher, Lomelda",★★★★,11/13/2022
digital,,Built To Spill,When The Wind Forgets Your Name,Sub Pop,9/13/2022,Shine On,8,"1, 2, 6, 3",Indie Rock,"Band Of Horses, Nada Surf, Modest Mouse, Yo La Tengo, Pavement",★★★★★,11/13/2022
digital,,The Paranoyds,Talk Talk Talk,Third Man,9/13/2022,Shine On,,"2, 5, 1, 7","Garage Rock, Garage Punk","Bully, Amyl & The Sniffers, THICK, SASAMI, L.A. Witch",★★★★,11/13/2022
digital,,Cults,Host B Sides and Remixes,Captured Tracks,9/13/2022,Terrorbird,,"2, 4, 1",Indie Pop,"Youth Lagoon, Beach House, Varsity, Johnny Jewel, James Patterson, Tama Gucc",★★★★,11/13/2022
CD + digital,,Ginger Root,Nisemono [EP],Acrophase,9/13/2022,Terrorbird,,"2, 3, 4","City Pop, Bedroom Pop","Unknown Mortal Orchestra, boy pablo, Toro Y Moi, BOYO",★★★★,11/13/2022
digital,,Sorry,Anywhere But Here [advance tracks],Domino,9/13/2022,Terrorbird,,,Indie Rock,"Goat Girl, Pip Blom, Porridge Radio, Horsey, Wet LEg",★★★★★,11/13/2022
digital,,Sorry,Anywhere But Here [advance tracks],Domino,9/13/2022,Terrorbird,,,Indie Rock,"Goat Girl, Pip Blom, Porridge Radio, Horsey, Wet LEg",★★★★★,11/13/2022
digital,,Wooze,The Magnificent Eleven [EP],Young Poet,9/13/2022,Terrorbird,,"2, 3, 1","New Wave, Dance-Punk","Working Mens Club, The Orielles, Gustaf",★★★★,11/13/2022
digital,,BADSOMA,Heat and Disorder [EP],Dead Comet,9/13/2022,Tiger Bomb,,"1, 2",Psychedelic Pop,"LCD Soundsystem, Son Lux, Tame Impala",★★★,11/13/2022
CD + digital,,Conan Neutron & the Secret Friends,Dark Passengers,Seismic Wave,9/15/2022,,,,"Alt. Rock, Post-Punk",,★★★★,11/15/2022
CD + digital,,Conan Neutron & the Secret Friends,Dangerous Nomenclature,Seismic Wave,9/15/2022,,,,"Alt. Rock, Post-Punk",,★★★★,11/15/2022
CD + digital,,Death Hags,Big Grey Sun #4,Big Grey Sun Records,9/15/2022,,,,Dream Pop,,★★★★,11/15/2022
vinyl,,Double Wig,Double Wig,Feeding Tube / Carbon Records,9/15/2022,,,,,,★★★★,11/15/2022
CD + digital,,Household Gods,Palace Intrigue,Self-Released,9/15/2022,,,,"Exp. Rock, Alt. Rock",,★★★★,11/15/2022
CD,,Inner Spaces,Warning Light,Stick Figure Recordings,9/15/2022,,,,"Experimental Electronic, Ambient",,★★★★,11/15/2022
vinyl,,Lewsberg,In Your Hands,Self-Released / 12XU,9/15/2022,,,,"Indie Rock, Art Punk","Ought, Parquet Courts, Television, Modern Lovers",★★★★,11/15/2022
CD + digital,,Matthew Shipp Trio,World Construct,Self-Released,9/15/2022,,,,Jazz,,★★★★,11/15/2022
CD + digital,x,Private Sea,Private Sea,Health Connection Tapes,9/15,,,,"Ambient, Downtempo",,★★★★,1/15/2023
CD + digital,,Ronnie Foster,Reboot,Blue Note,9/15/2022,,,,Soul Jazz,,★★★★,11/15/2022
CD + digital,,Takeda,Psychedelic Minimalism Vol. 1,Carbon Records,9/15/2022,,,,Experimental,,★★★★,11/15/2022
CD + digital,,Tomato Flower,Gold Arc / Construction,Ramp Local,9/15/2022,,,,,,★★★★,11/15/2022
CD,,Various Artists,The Caterwaul Society: Songs for Rainer Fronz,Self-Released,9/15/2022,,,,Alt. Rock,,★★★★,11/15/2022
digital,,Jockstrap,I Love You Jennifer B,Rough Trade,9/20/2022,Beggars,"5, 6, 7, 10", 8,"Art Pop, Glitch Pop","Clarence Clarity, Spellling, Cryalot, Squid",★★★★★,11/20/2022
digital,,Butcher Brown,Butcher Brown Presents Triple Trey,Concord Jazz,9/20/2022,Co-Sign,use edits,"3, 11, 2",Jazz-Funk,"Robert Glasper, Terrace Martin, DJ Harrison, Yussef Kamaal",★★★★,11/20/2022
digital,,Danielle Ponder,Some Of Us Are Brave,Future Classic,9/20/2022,Co-Sign,,"2, 5, 1, 3",Neo-Soul,"Brittany Howard, Sault, Khruangbin, Michael Kiwanuka, Yola",★★★,11/20/2022
digital,,LYZZA,MOSQUITO,Big Dada,9/20/2022,Co-Sign,"4, 9 (edits avail.)","2, 4*, 9*","UK Bass, Alt. R&B","Shygirl, Rosalía, Kilo Kish, Sega Bodega, Arca",★★★★,11/20/2022
digital,,The Black Angels,Wilderness of Mirrors,Partisan,9/20/2022,Co-Sign,,"3, 1, 6, 4",Psychedelic Rock,"Jefferson Airplane, King Gizzard, Brian Jonestown Massacre, Ty Segall, Tame Impala",★★★★,11/20/2022
digital,,Chemical Club,Pale Blue [EP],Arts & Crafts,9/20/2022,Pirate!,,"4, 2, 5, 1","Indie Pop, Dream Pop","dad sports, Day Wave, The Drums, Rostam, Current Joys, Husbands",★★★★,11/20/2022
digital,,Gogol Bordello,SOLIDARITINE ,Cooking Vinyl,9/20/2022,Pirate!,,,Punk Rock,"Devotchka, The World Inferno/Friendship Society, The Dropkick Murphy's, Flogging Molly,",★★★,11/20/2022
digital,,Iron & Wine,LORI [EP],Black Cricket,9/20/2022,Pirate!,2,"3, 1, 4",Indie Folk,"Andrew Bird, Calexico, Fleet Foxes, Conor Oberst, Sufjan Stevens, Jose Gonzalez, M. Ward",★★★,11/20/2022
digital,,Mercyland,We Never Lost A Single Game,Propeller Sound,9/20/2022,Pirate!,"8, 9","6, 1, 2",Indie Rock,"The Replacements, Built To Spill, Bob Mould, Dinosaur Jr, Superchunk",★★★,11/20/2022
digital,,Starcrawler,She Said,Big Machine,9/20/2022,Pirate!,,"1, 2, 3, 5","Garage Rock, Pop Punk","Deap Vally, Amyl and The Sniffers, Death Valley Girls, Sunflower Bean, Bleached, The Kills",★★★★,11/20/2022
digital,,Braxton Cook,Black Mona Lisa [EP],Nettwerk,9/20/2022,Planetary,,"3, 4","Smooth Jazz, Soul Jazz","Butcher Brown, Oscar Jerome, DOMi & JD BECK, Robert Glasper",★★★,11/20/2022
digital,,Fake Palms,Lemons,Hand Drawn Dracula,9/20/2022,Planetary,,"2, 3, 5",Post-Punk,"Omni, Cola, Corridor, Sham Family, Kiwi jr, Parquet Courts,  No Age",★★★★★,11/20/2022
digital,,Gabe Gurnsey,Diablo,Phantasy Sound / PIAS,9/20/2022,Planetary,,"1, 2, 4, 10","Synthpop, Minimal Synth","Working Men’s Club, audiobooks, W. H. Lung, Nation of Language",★★★★,11/20/2022
digital,,Heaven For Real,Energy Bar,Mint Records,9/20/2022,Planetary,2 (edit avail.),"4, 1, 2*",Indie Rock,"Ducks Ltd., Dummy, 2nd Grade, Alex G, Massage",★★★★,11/20/2022
digital,,Jesca Hoop,Order of Romance,Memphis Industries,9/20/2022,Planetary,,"1, 3, 7, 10","Chamber Folk, Art Pop","Aldous Harding, Fiona Apple, Joan As Police Woman, Laura Veirs, This Is The Kit, Anaïs Mitchell, Florence + The Machine",★★★★,11/20/2022
digital,,Bent Arcana,Live Zebulon,Castle Face,9/20/2022,Shine On,,"2, 5","Krautrock, Jazz Fusion","John Dwyer, CAN, Boredoms, Thurston Moore, The Mekons",★★★★★,11/20/2022
digital,,Hayley & The Crushers,Modern Adult Kicks,Kitten Robot,9/20/2022,Shine On,,"2, 1, 6, 3",Power Pop,"Tacocat, Soccer Mommy, Death Valley Girls, Shannon & The Clams",★★★,11/20/2022
digital,,Marina Allen,Centrifics,Fire Records,9/20/2022,Shine On,2,"3, 5, 7",Indie Folk,"Laura Marling, Fiona Apple, Neko Case, Arlo Parks, Faye Webster",★★★,11/20/2022
digital,,The Murlocs,Rapscallion,ATO,9/20/2022,Shine On,"3, 4, 5","6, 8, 2","Garage Rock, Blues Rock","King Gizzard And The Lizard Wizard, Ty Segall, CLAMM",★★★★★,11/20/2022
digital,,Bryson the Alien,The Great Adventures of...,PNKSLM,9/20/2022,Terrorbird,"8, 10 (edits avail.)","4, 6, 11","Alt-Pop, Art Rap","Unexplained Aerial Phenomenon, Fat Tony, Open Mike Eagle",★★★★,11/20/2022
CD + digital,,The Beths,Expert In A Dying Field,Carpark,9/20/2022,Terrorbird,,"2, 1, 3, 9","Indie Rock, Power Pop","Snail Mail, Best Coast, Soccer Mommy, Hop Along, Charly Bliss",★★★★★,11/20/2022
digital,,Young Jesus,Shepherd Head,Saddle Creek,9/20/2022,Terrorbird,,"2, 1, 4","Art Pop, Indietronica","Strange Ranger, Wild Pink, Great Grandpa",★★★★,11/20/2022
digital,,Sally Spitz,Real Music,Real Music Assn.,9/20/2022,Tiger Bomb,"1, 2, 4","3, 5, 6","Alt-Pop, Dance-Pop","Charli XCX, Caroline Polachek, A.G. Cook",★★★,11/20/2022
digital,x,Veronica Stanton,Caught Up On A Feeling,Self-Released,9/20,Tiger Bomb,5,"1, 3, 6, 7",Indie Folk,"Jess Williamson, Courtney Marie Andrews, Erin Rae, Esther Rose",★★★,1/20/2023
digital,,Mess Esque,Armour Your Amor b/w Liminal Space [single],Drag City,9/20/2022,,,,"Indie Folk, Avant-Folk",,★★★★,11/20/2022
digital,,No Age,People Helping People,Drag City,9/20/2022,,,"11, 4, 2, 13","Exp. Rock, Neo-Psychedelia","Women, Liars, Cloud Nothings, Oneida, Deerhunter",★★★★★,11/20/2022
digital,,Beth Orton,Weather Alive,Partisan,9/27,Co-Sign,,"3, 1, 5, 6","Singer-Songwriter, Art Pop","Martha Wainwright, Aimee Mann, Joan as Police Woman, Natalie Merchant",★★★★,11/27/2022
digital,,De Lux,Do You Need A Release?,Innovative Leisure,9/27,Co-Sign,,"3, 1, 10, 11","Synthpop, New Wave","Talking Heads, New Order, Holy Ghost!, Cut Copy, !!!, Parcels",★★★★,11/27/2022
digital,,Divino Niño,Last Spa on Earth,Winspear,9/27,Co-Sign,5,"4, 2, 3, 11","Psychedelic Pop, Hypnagogic Pop","Bomba Estereo, Toro y Moi, Crumb, Cuco, El Guincho, Buscabulla",★★★★,11/27/2022
digital,,Sharky,People Are Strange,Tru Thoughts,9/27,Co-Sign,,"3, 6, 13","Neo-Soul, Alt-Pop","Hiatus Kaiyote, Kadhja Bonet, Ego Ella Mae",★★★,11/27/2022
digital,,A Shoreline Dream,Loveblind,Latenight Weeknight,9/27,Pirate!,,"1, 6, 4","Shoegaze, Post-Punk","Ride, Slowdive, Public Service Broadcasting, Ringo Deathstarr, Film School, Pinkshinyultrablast",★★★★,11/27/2022
digital,,Birthday Dad,The Hermit,Refresh,9/27,Pirate!,"1, 2","3, 5, 6, 7","Bedroom Pop, Indie Folk","Bright Eyes, Jack's Mannequin, The Format, String Machine, Wild Pink, Mo Trope",★★★,11/27/2022
digital,,Future Teens,Self Help,Triple Crown,9/27,Pirate!,"1, 2, 3, 5, 9 (edits avail.)","7, 8, 6","Indie Rock, Emo","Tigers Jaw, Oso Oso, Ratboys, TWIABP, Foxing, Into It Over It",★★★★,11/27/2022
digital,,Kid Kapichi,Here's What You Could Have Won,Spinefarm,9/27,Pirate!,"1*, 5, 6","2, 4, 1*","Post-Punk, Dance-Punk","Fontaines DC, Viagra Boys, IDLES, Sports Team, Preoccupations, Enter Shikari",★★★★,11/27/2022
digital,,Suzi Moon,Dumb & In Luv,Pirates Press,9/27,Pirate!,"4, 5 (edits avail.)","2, 1, 3, 7, 8","Punk Rock, Garage Rock","The Interrupters, The Go-Go's, Joan Jett, Bad Cop/Bad Cop, The Distillers",★★★,11/27/2022
digital,,The Tallest Man On Earth,Too Late For Edelweiss,ANTI-,9/27,Pirate!,5,"2, 6, 9","Cont. Folk, Americana","Andrew Bird, Iron & Wine, Fleet Foxes, Hiss Golden Messenger, Cass McCombs, Vetiver",★★★★,11/27/2022
digital,,Yawn Mower,To Each Their Own Coat,Mint 400,9/27,Pirate!,1,"3, 6, 4",Indie Rock,"Pavement, Ty Segall, The Front Bottoms, OSEES, Kiwi Jr, Built To Spill",★★★★,11/27/2022
digital,,carina,spaceout! [EP],Don't Sleep / PIAS,9/27,Planetary,,"2, 3","Indie Pop, Neo-Soul","Arlo Parks, Nilüfer Yanya, Mahalia, Connie Constance",★★★,11/27/2022
digital,,ELIZA,A Sky Without Stars,Different Recordings / PIAS),9/27,Planetary,"2, 4","5, 1, 6","Neo-Soul, Downtempo","Raveena, Cleo Sol, SZA, Charlotte Day Wilson, Amber Mark",★★★★,11/27/2022
digital,,Iceage,Shake The Feeling: Outtakes & Rarities 2015​-​2021 ,Mexican Summer,9/27,Planetary,,,"Art Rock, Alt. Rock, Post-Punk","The Men, Ought, Priests, Shame, METZ, Savages, Ceremony",★★★★★,11/27/2022
digital,,Quinn Christopherson,Write Your Name In Pink,PIAS,9/27,Planetary,,"1, 2, 3, 5, 10","Art Pop, Alt-Pop","Perfume Genius, Majical Cloudz, Hippo Campus, Beirut, Early Eyes, Grouplove, half•alive",★★★★,11/27/2022
digital,,Sorcha Richardson,Smiling Like An Idiot,Faction Records,9/27,Planetary,"3, 9","1, 2, 11","Dream Pop, Indie Rock","Phoebe Bridgers, Hazel English, Tomberlin, Julia Jacklin, The Weather Station, Courtney Barnett, Hatchie, Snail Mail, Jay Som",★★★★,11/27/2022
digital,,TOLEDO,How It Ends,Grand Jury,9/27,Planetary,"2, 3, 7*","6, 9, 5, 7*","Indie Pop, Indie Folk","Hovvdy, Day Wave, Hovvdy, Field Guide, Field Medic, Runnner, Trace Mountains",★★★,11/27/2022
digital,,Zoon,A Sterling Murmuration [EP],Paper Bag,9/27,Planetary,,"1, 4","Shoegaze, Dream Pop","Pale Saints, Slowdive, Mogwai, Widowspeak, Bodywash",★★★★,11/27/2022
digital,,Drew Beskin & The Sunshine,Somewhere Sideways Same As You,Super Canoe / We Bought A Zoo,9/27,Shine On,4,"2, 6, 9, 3","Indie Rock, Indie Pop","Alex G, Field Medic, Death Cab for Cutie, Beck, King Tuff, Phoenix",★★★★,11/27/2022
digital,,Elemantra,Only Momentary [EP],Admirable Traits,9/27,Shine On,,"5, 2, 1, 6","Indie Rock, Dream Pop","Nothing, Mew, Horsegirl, Ringo Deathstarr, The Jesus and Mary Chain",★★★★,11/27/2022
digital,x,Shannen Moser,The Sun Still Seems To Move,Lame-O,9/27,Terrorbird,"2, 9","1, 6, 5",Indie Folk,"Adrienne Lenker, Field Medic, Tomberlin",★★★★,1/27/2023
digital,,Upchuck,Sense Yourself,Famous Class,9/27,Terrorbird,USE CLEAN EDITS,"edits of 4, 5, 2",Garage Punk,"Amyl and the Sniffers, lustsick puppy, cumgirl8, surfbort",★★★★,11/27/2022
digital,x,Alex G,God Save the Animals,Domino,9/27,The Syndicate,,"2, 12, 7, 8","Indie Rock, Indie Folk",,★★★★,1/27/2023
digital,,Eerie Wanda,Internal Radio,Joyful Noise,9/27,Tiger Bomb,,"1, 3, 8, 9","Indie Pop, Neo-Psychedelia","Hand Habits, Cate Le Bon, Edith Frost",★★★★,11/27/2022
digital,,Mr. Sam & the People People,People People People People!,People People Music,9/27,Tiger Bomb,,"1, 4, 6, 8","Jangle Pop, Indie Folk","Twain, The Deslondes, Jonathan Richman, Allen Toussaint",★★★★,11/27/2022
digital,,CRONIES,Self-Titled,Cruel Nature Records,9/27,,,,"Post-Hardcore, Noise Rock",,★★★★★,11/27/2022
digital,,CRONIES,"Slow Wrist, Grave Shift [EP]",Label of Goods,9/27,,"2, 4","1, 3","Post-Hardcore, Noise Rock",,★★★★★,11/27/2022
digital,x,Danny Death,Love Strike,Self-Released,9/27,,,,"Alt. Dance, Outsider House",,★★★★★,1/27/2023
digital,,MALFLORA,Mama I'm Bad,Thrilling Living,9/27,,,,"No Wave, Noise Rock, Hardcore Punk","Eat, Special Interest, Gilla Band",★★★★★,11/27/2022
digital,,Why Bother?,Lacerated Nights,Feel It Records,9/27,,,,"Post-Punk, Garage Punk","DIAT, Cherry Cheeks, Spread Joy, Gee Tee",★★★★★,11/27/2022
digital,,ZDRÓJ,ZDRÓJ,Self-Released,9/27,,,,"Noise Punk, Exp. Rock","Hella, Osees, black midi, Writhing Squares",★★★★★,11/27/2022
digital,,Ä.I.D.S.,The Road To Nuclear Holocaust,La Vida Es Un Mus,9/30,,,"1, 5","Hardcore Punk, Crossover Thrash",,★★★★,11/30/2022
digital,,DIÄT,Positive Disintegration (reissue),La Vida Es Un Mus,9/30,,,"3, 1","Post-Punk, Gothic Rock, Noise Rock",,★★★★★,11/30/2022
digital,,Kolb,Tyrannical Vibes,Ramp Local,9/30,,,"3, 4, 2","Jangle Pop, Bedroom Pop","Palberta, Lawn, Dust Star, Why Bonnie, My Idea",★★★★,11/30/2022
digital,,Shygirl,Nymph,Because Music,10/4,Co-Sign,"1, 3, 6, 8, 11 (edits avail.)","7, 1*, 8*","Alt. R&B, UK Bass, Pop Rap","Sega Bodega, Abra, Charli XCX, LSDXOXO, SOPHIE",★★★★,12/4/2022
digital,,Sol Messiah,GOD CMPLX ,Rhymesayers,10/4,Co-Sign,use clean edits!!!,"4, 8, 10","Boom Bap, Abstract Hip-Hop","Black Thought, Evidence Sa-Roc, Royce Da 5’9, Tobe Nwigwe",★★★★,12/4/2022
digital,,MILLY,Eternal Ring,Dangerbird,10/4,Pirate!,,"1, 3, 4, 7","Shoegaze, Indie Rock","DIIV, Alex G, Swervedriver, Narrow Head, Hum, Gleemer, Nothing, Cloakroom",★★★★★,12/4/2022
digital,,Posture & The Grizzly,Self Titled B-Sides [EP],Refresh,10/4,Pirate!,1,"2, 3","Pop Punk, Midwest Emo","Joyce Manor, Jeff Rosenstock, PHONY, You Me and Everyone We Know, Prince Daddy & The Hyena",★★★★,12/4/2022
digital,,Titus Andronicus,The Will To Live,Merge,10/4,Pirate!,"7, 9 (edits avail.)","2, 8, 11, 7*, 9*","Indie Rock, Heartland Rock","Japandroids, Cloud Nothings, Superchunk, The Hold Steady, Archers of Loaf",★★★,12/4/2022
digital,,St. Lucia,Utopia,Nettwerk,10/4,Pirate! / Planetary,8 (edit avail.),"4, 5, 9, 8*","Synthpop, Nu-Disco","Neon Indian, Jungle, Foals, Savoir Adore, Joywave, Geographer, Parcels, Generationals",★★★★,12/4/2022
digital,,Courting,Guitar Music,PIAS,10/4,Planetary,2 (edit avail.),"2*, 3, 6, 4","Art Punk, Garage Rock Revival","Yard Act, Squid, The Lounge Society, Sports Team, Famous",★★★★★,12/4/2022
digital,,Editors,EBM,PIAS,10/4,Planetary,1 (edit avail.),"3, 4, 7, 1*","Synthpop, Post-Punk Revival","White Lies, Bloc Party, TV On the Radio, Young Fathers, Interpol",★★★,12/4/2022
digital,,Melody's Echo Chamber,Unfold,Fat Possum,10/4,Planetary,5,4,"Neo-Psychedelia, Dream Pop","Tame Impala, Beach House, Unknown Mortal Orchestra, DIIV, Youth Lagoon",★★★★,12/4/2022
digital,,OFF!,Free LSD,Fat Possum,10/4,Planetary,"8, 19","3, 4","Post-Hardcore, Punk Rock","Fucked Up, The Armed, Turnstile, Bad Brains, Black Flag, Circle Jerks",★★★★,12/4/2022
digital,,Tim Burgess,Typical Music,Bella Union / PIAS,10/4,Planetary,,"1, 6, 12","Neo-Psychedelia, Indie Pop","The Charlatans, Supergrass, Noel Gallagher’s High Flying Birds, Spirtualized",★★★★,12/4/2022
digital,,Vieux Farka Touré et Khruangbin,Ali,Dead Oceans,10/4,Secretly,,,"Songhai Music, Neo-Psychedelia",,★★★★,12/4/2022
digital,,Gold Star,Headlights USA Parts I And II,Self-Released,10/4,Shine On,,"10, 8, 6, 1","Folk Rock, Indie Rock","War On Drugs, Kurt Vile, Bruce Springsteen, The Killers, The Strokes",★★★,12/4/2022
digital,,Mamalarky,Pocket Fantasy,Fire Talk,10/4,Terrorbird,,,"Indie Rock, Psychedelic Pop","Slow Pulp, Melody's Echo Chamber, Crumb",★★★★★,12/4/2022
digital,,Perera Elsewhere,Home,Friends of Friends,10/4,Terrorbird,2,"1, 3, 6","Trip Hop, Art Pop","Tirzah, Alt J, Sylvan Esso, Santigold, Sophia Kennedy,",★★★,12/4/2022
digital,,Pretty Sick,Makes Me Sick Makes Me Smile,Dirty Hit,10/4,Terrorbird,"1, 2, 4, 5*, 12","3, 6, 5*","Indie Rock, Shoegaze","ndigo De Souza, Momma, Snail Mail, beabadoobee, Slow Pulp",★★★★,12/4/2022
digital,,THUS LOVE,Memorial,Captured Tracks,10/4,Terrorbird,,"2, 4, 9","Post-Punk, Gothic Rock","A Place To Bury Strangers, Guerilla Toss, Spirit Of The Beehive",★★★★,12/4/2022
digital,,Ganser,Nothing You Do Matters [EP],Felte,10/4,Tiger Bomb,,"1, 2, 3","Noise Rock, Post-Punk","Shopping, Algiers, Flasher, Dry Cleaning, Protomartyr",★★★★★,12/4/2022
digital,,The Band Ice Cream,PLAY DEAD,Self-Released,10/4,Tiger Bomb,"1, 2, 5","3, 4, 7","Indie Rock, Jangle Pop","undabar, Pardoner, Cheekface",★★★,12/4/2022
digital,,Zouj,Metal,City Slang,10/4,Tiger Bomb,,"2, 1, 3, 5, 8","Electronic, Dance","Hot Chip, Hudson Mohawke, Daft Punk",★★★,12/4/2022
digital,,Disq,Desperately Imagining Someplace Quiet,Saddle Creek,10/11,Co-Sign,,,Indie Rock,"Ducks Ltd., Kiwi Jr, Deeper, Cola, Slow Pulp",★★★★★,12/11/2022
digital,,Dungen,En År För Mycket Och Tusen Aldrig Nog,Mexican Summer,10/11,Co-Sign,,"3, 2, 6, 1","Psychedelic Rock, Neo-Psychedelia","Tame Impala, Kikagaku Moyo, Altin Gün, Woods, White Fence, Pond",★★★★,12/11/2022
digital,,Indigo Sparke,Hysteria,Sacred Bones,10/11,Co-Sign,1,"4, 3, 2, 7","Indie Folk, Singer-Songwriter","Cassandra Jenkins, Tomberlin, Laura Marling, Ada Lea, Adrianne Lenker",★★★★,12/11/2022
digital,,TSHA,Capricorn Sun,Ninja Tune,10/11,Co-Sign,,"6, 5, 3, 9",Progressive House,"Caribou, Sofia Kourtesis, Jayda G, Jamie xx, Disclosure, Logic1000",★★★,12/11/2022
digital,,Peel Dream Magazine,Pad,Slumberland / Tough Love,10/11,Force Field,,"2, 3, 5","Dream Pop, Jangle Pop","Dummy, Wombo, No Joy, Corridor, Winter",★★★★★,12/11/2022
digital,,"The Reds, Pinks & Purples",They Only Wanted Your Soul,Slumberland,10/11,Force Field,,,Jangle Pop,"The Television Personalities, The Smiths, Galaxie 500",★★★★,12/11/2022
digital,,Bolinas,Heavy Easy Listening,Sub Rosa Selects,10/11,Pirate!,,"1, 3, 8, 2, 5",Shoegaze,"DIIV, MILLY, Teenage Wrist, Current Joys, Silversun Pickups, Deafheaven",★★★★,12/11/2022
digital,,October Drift,I Don't Belong Anywhere,Physical Education,10/11,Pirate!,,"2, 3, 4, 6","Post-Punk Revival, Indie Rock","Editors, Interpol, The National, Bloc Party, The Sherlocks, Sports Team ",★★★★,12/11/2022
digital,,Press Club,Endless Motion,Hassle Records,10/11,Pirate!,"2, 3, 6*","9, 1, 6*","Punk Rock, Indie Rock","PUP, Church Girls, Bully, Tigers Jaw, Mannequin Pussy",★★★★,12/11/2022
digital,,Babe Rainbow,The Organic Band,Eureka Records / Kobalt,10/11,Planetary,,"1, 2, 3",Psychedelic Pop,"Mild High Club, Unknown Mortal Orchestra, of Montreal, King Gizzard & The Lizard Wizard, Connan Mockasin",★★★★,12/11/2022
digital,,Brooke Annibale,Better By Now,Nettwerk,10/11,Planetary,,"1, 2, 5, 6","Singer-Songwriter, Indie Folk","Sharon Van Etten, Lucy Dacus, Phoebe Bridgers, Madi Diaz",★★★,12/11/2022
digital,,Charlie Martin,Imaginary People Deluxe Edition,Grand Jury,10/11,Planetary,,"1, 6, 2, 15","Indie Folk, Indie Rock","Hovvdy, Alex G, Trace Mountains, Horse Jumper of Love, Spencer Radcliffe",★★★★,12/11/2022
digital,,Courtney Marie Andrews,Loose Future,Fat Possum,10/11,Planetary,2,"1, 4, 5, 6","Indie Folk, Americana","Big Thief, Gillian Welch, Angel Olsen, Conor Oberst, Jason Isbell, Margo Price, Emmylou Harris",★★★,12/11/2022
digital,,Native Sun,Off With Our Heads,Grand Jury,10/11,Planetary,,"2, 3",Garage Rock,"The Dirty Nil, Mudhoney, Bass Drum of Death, FIDLAR, Ty Segall",★★★★★,12/11/2022
digital,,The Terrys,True Colour,Domestic La La,10/11,Planetary,3,"7, 8, 10, 11","Garage Rock, Indie Rock","Hockey Dad, Surf Trash, Teenage Dads, Death by Denim, Dune Rats",★★★★,12/11/2022
digital,,Alvvays,Blue Rev,Polyvinyl,10/11,Shine On,,"1, 2, 11, 3, 7, 6","Shoegaze, Indie Pop, Indie Rock","Soccer Mommy, Japanese Breakfast, Big Thief, The Beths",★★★★★,12/11/2022
digital,,Her Skin,I Started A Garden,WWNBB,10/11,Shine On,,"2, 7, 8","Indie Folk, Folk Rock","Julia Jacklin, Big Thief, Frankie Cosmos, Why Bonnie",★★★,12/11/2022
digital,,Ruth Radelet,The Other Side,Self-Released,10/11,Shine On,,"3, 1","Indie Pop, Synthpop","Chromatics, Nico, CHVRCHES, Lana Del Rey",★★★,12/11/2022
digital,,Dawn To Dawn,Postcards From The Sun To The Moon,SSUROUNDSS,10/11,Terrorbird,,"2, 3, 5","Synthpop, Minimal Synth","Melody's Echo Chamber, Seapower, Tomberlin",★★★★,12/11/2022
digital,,Johanna Warren,Lessons for Mutants,Carpark,10/11,Terrorbird,"5, 9","1, 2, 3","Indie Rock, Indie Folk","Julien Baker, Cold Weather Company, Flower Face",★★★,12/11/2022
digital,,NNAMDÏ,Please Have A Seat,Sooper Records / Secretly Canadian,10/11,Terrorbird,"2, 6, 8, 11","1, 4, 5","Art Pop, Math Pop, Exp. Hip-Hop","Palm, Jeff Rosenstock, Bartees Strange",★★★★,12/11/2022
digital,,Sorry,Anywhere But Here,Domino,10/11,Terrorbird,"2, 3 (edits avail.)","1, 8, 2*","Indie Rock, Indie Pop, Post-Punk","Soccer Mommy, Momma, Snail Mail, Jockstrap",★★★★★,12/11/2022
digital,,Sports Team,Gulp!,Island Records,10/11,The Syndicate,"6, 10","2, 3, 5, 7","Indie Rock, Post-Punk Revival","SPINN, Goat Girl, Interpol, The Magic Gang, Sea Girls",★★★,12/11/2022
digital,,Mike Adams At His Honest Weight,Graphic Blandishment ,Joyful Noise,10/11,Tiger Bomb,,"1, 3, 6, 7",Indie Rock,"Teenage Fanclub, Shy Boys, Car Seat Headrest",★★★★,12/11/2022
digital,,Sharks' Teeth,"Oh Sure, Earth [EP]",Single Color Fields,10/11,Tiger Bomb,,"1, 4, 5",Psychedelic Pop,"The Clientele, Part Time, Mild High Club, Laser Background",★★★★,12/11/2022
digital,,Macula Dog,Orange 2,Wharf Cat Records,10/11,,,"3, 11","Zolo, Exp, Electronic","The Garden, Guerilla Toss, Deli Girls, Palm",★★★★,12/11/2022
digital,,Arjuna Oakes & Serebii,Final Days [EP],Innovative Leisure,10/18,Co-Sign,,"6, 2, 4",Neo-Soul,"Tom Misch, Nick Hakim, Samm Henshaw, Jordan Rakei",★★★,12/18/2022
digital,,Fazerdaze,Break! [EP],section1,10/18,Co-Sign,,"1, 4, 2","Indie Rock, Dream Pop","Wet Leg, Yumi Zouma, Hatchie, Jay Som, Hazel English",★★★★,12/18/2022
digital,,Louis Cole,Quality Over Opinion,Brainfeeder,10/18,Co-Sign,"1, 2*, 5, 7*, 9*, 11*, 14*","15, 3, 9*, 2*","Art Pop, Synth Funk","Thundercat, KNOWER, DOMi & JD Beck, Anderson .Paak, Jacob Collier",★★★★,12/18/2022
digital,,Winter,What Kind of Blue Are You?,Bar/None,10/18,Co-Sign,,"4, 2, 7, 9",Dream Pop,"Hatchie, Soccer Mommy, Beach House, Lush, Melody's Echo Chamber",★★★★★,12/18/2022
digital,,A.A. Williams,As The Moon Rests,Bella Union,10/18,Planetary,,"2, 7, 8","Post-Metal, Slowcore","Marissa Nadler, Anna von Hausswolff, Zola Jesus, Jenny Hval, Angel Olsen",★★★★,12/18/2022
digital,,Ariel Bui,Real & Fantasy,Audio Network,10/18,Planetary,,"1, 2, 5","Psychedelic Rock, Jangle Pop","Angel Olsen, Sharon Van Etten, Jenny Lewis, Anna Burch, Courtney Barnett, Patti Smith",★★★,12/18/2022
digital,,Enumclaw,Save the Baby,Luminelle,10/18,Planetary,7 (edit avail.),"2, 3, 9, 7*","Indie Rock, Noise Pop","Sonic Youth, Strange Ranger, Built To Spill, Editirix, Floatie",★★★★★,12/18/2022
digital,,Mightmare,Cruel Liars,Kill Rock Stars,10/18,Planetary,"5, 7 (edits avail.)","2, 5*, 7*","Alt-Country, Indie Rock","Sarah Shook & the Disarmers, Lucy Dacus, EMA, Lower Dens",★★★,12/18/2022
digital,,Sofie Royer,Harlequin,Stones Throw,10/18,Planetary,,"1, 2, 5, 6","Art Pop, Indie Pop","Cate Le Bon, Neko, Weyes Blood, TOPS, Tennis, Natalie Prass, Stars",★★★★,12/18/2022
digital,,The Orielles,Tableau,Heavenly / PIAS,10/18,Planetary,,"12, 4, 2, 3, 6","Dream Pop, Neo-Psychedelia","Stereolab, Anemone, Sunflower Bean",★★★★,12/18/2022
digital,,Wild Pink,ILYSM,Royal Mountain,10/18,Planetary,"1, 5, 10, 11","4, 2, 9","Indie Folk, Indie Rock","The Antlers, Great Grandpa, Strand of Oaks, Ratboys, Cymbals Eat Guitars, Young Jesus",★★★,12/18/2022
digital,,Skullcrusher,Quiet the Room,Secretly Canadian,10/18,Secretly,,"3, 9","Indie Folk, Psychedelic Folk","Katy Kirby, Tomberlin, Babehoven, Squirrel Flower",★★★★,12/18/2022
digital,,Yeah Yeah Yeahs,Cool It Down,Secretly Canadian,10/18,Secretly,,"5, 1, 3","Indie Rock, Dream Pop, Alt. Dance","Hovvdy, Florist, Field Medic, Interpol, The Strokes",★★★★,12/18/2022
digital,,Charlotte Dos Santos,Morfo,Because Music,10/18,Shine On,12,"3, 1, 7","Neo-Soul, Alt. R&B","FKA Twigs, Madison McFerrin, Portishead, Kadhja Bonet, Jamila Woods",★★★★,12/18/2022
digital,,Grant Carey,Animal Animal / lost ny,california sound hotel,10/18,Shine On,23,"1, 4, 2, 19","Bedroom Pop, Indie Pop","Hot Chip, Wild Pink, Strawberry Guy, Blood Orange, Rostam, Steve Lacy, Alex G",★★★,12/18/2022
digital,,King Gizzard & the Lizard Wizard,"Ice, Death, Planets, Lungs Mushrooms And Lava",KGLW,10/18,Shine On,"3, 5","6, 1, 2, 4",Psychedelic Rock,"Ty Segall, Unknown Mortal Orchestra, Neu!, Tame Impala, White Fence",★★★★★,12/18/2022
digital,,A.O. Gerber,Meet Me at the Gloaming,Father/Daughter,10/18,Terrorbird,,"3, 6, 7","Indie Folk, Indie Pop","Lucy Dacus, Babehoven, Tomberlin",★★★,12/18/2022
digital,,Field Medic,grow your hair long if you’re wanting to see something that you can change,Run For Cover,10/18,Terrorbird,"2, 3","4, 6, 7",Indie Folk,"Samia, Hovvdy, Florist, Sadurn",★★★★,12/18/2022
digital,x (NY now),Palm,Nicks and Grazes,Saddle Creek,10/18,Terrorbird,,"2, 3, 6","Exp. Rock, Noise Pop, Math Pop","Empath, Palberta, Them Airs, Floatie, Don Caballero, Guerilla Toss, Alvvays, Animal Collective",★★★★★,2/18/2023
digital,,Strange Ranger,No Light In Heaven (Expanded),Fire Talk,10/18,Terrorbird,,"3, 4, 7",Indie Rock,"Yves Tumor, Ty Segall, A.G. Cook, Joyce Manor",★★★★,12/18/2022
digital,,Dead Gowns,HOW [EP],Self-Released,10/18,Tiger Bomb,1 (edit avail.),"5, 2, 4","Singer-Songwriter, Folk Rock, Indie Rock","Angel Olsen, Julia Jacklin, Lomelda",★★★★,12/18/2022
digital,,Lucrecia Dalt,¡Ay!,RVNG Intl.,10/18,Tiger Bomb,,"1, 3, 4, 9",Art Pop,"Laurel Halo, Kate NV, Marina Herlop, Kaitlyn Aurelia Smith",★★★★,12/18/2022
digital,,ASMRBRUJO,MAXIMALISMO,Sello Fisura,10/18,,,,"Neo-Psychedelia, Shoegaze, Post-Punk, Indie Rock",,★★★★,12/18/2022
digital,,Bill Callahan,YTI⅃AƎЯ,Drag City,10/18,,,"9, 7, 4","Americana, Singer-Songwriter","Silver Jews, Cass McCombs, Damien Jurado, Jeff Tweedy",★★★★,12/18/2022
digital,,Keiji Haino & SUMAC,Into this juvenile apocalypse our golden blood to pour let us never,Thrill Jockey,10/18,,,2,"Free Improvisation, Noise Rock, Exp. Rock","Sunn O))), FIRE! & Boris",★★★★,12/18/2022
digital,x,Mechanical Canine,Walls Covered In Mildew,Fire Hazard,10/18,,"2, 3, 7, 8","5, 1, 9","Indie Punk, Emo","glass beach, Joyce Manor, Carly Cosgrove",★★★★★,2/18/2023
digital,,Niños Del Cerro,Suave Pendiente,Sello Fisura,10/18,,,,"Neo-Psychedelia, Indie Rock","Patio Solar, Alex G, Animal Collective, The Shins",★★★★,12/18/2022
digital,,Ojerime,Bad Influence,NEVER SEVEN,10/18,,,,"Alt. R&B, Neo-Soul","Rochelle Jordan, Liv.e, Kelela, Fana Hues",★★★★,12/18/2022
digital,x (some),Various Artists,Thunk Gunk,d.i.h.d. records,10/18,,TBD,,"Noise, Freak Folk, Drone, Exp. Rock, and more",,★★★★,2/18/2023
digital,,Yleiset Syyt,Toisten Todellisuus,La Vida Es Un Mus,10/18,,,,Hardcore Punk,"KOHTI TUHOA, FORESEEN,",★★★★,12/18/2022
digital,,Dawn Richard & Spencer Zahn,Pigments,Merge Records,10/25,Co-Sign,,"4, 2, 3, 9",Jazz Fusion,"Björk, Brian Eno, L’Rain, Juliana Barwick, Sigur Rós",★★★★,12/25/2022
digital,,Nick Hakim,COMETA,ATO Records,10/25,Co-Sign,,"4, 2, 3, 5","Psychedelic Soul, Neo-Soul","Yves Jarvis, Hiatus Kaiyote, Alex G, Moses Sumney, Helado Negro, Prince",★★★★,12/25/2022
digital,,zzzahara,Liminal Spaces,Lex Records,10/25,Co-Sign,,"4, 3, 5, 11","Indie Pop, Indie Rock","Eyedress, The Garden, Alex G, TV Girl, Cults, Beach Fossils",★★★★,12/25/2022
digital,x,Puppy Angst,Scorpio Season,Self-Released,10/25,Force Field,,"2, 3","Dream Pop, Noise Pop","Kississippi, Sweet Pill, PHONY, Carly Cosgrove",★★★★,2/25/2023
digital,,Archers of Loaf,Reason In Decline,Merge Records,10/25,Pirate!,2,"3, 5, 6, 8",Indie Rock,"The Hold Steady, Superchunk, Sebadoh, Guided By Voices, Pedro The Lion, Bob Mould",★★★,12/25/2022
digital,,Brutus,Unison Life,Sargent House,10/25,Pirate!,"6* (edit avail), 10","3, 4, 5, 6*","Post-Hardcore, Post-Metal","Savages, White Lung, Refused, Oathbreaker, Blood Command",★★★★,12/25/2022
digital,,PINKSHIFT,Love Me Forever,Hopeless Records,10/25,Pirate!,"2, 5, 11","3, 1, 9, 6, 10","Post-Hardcore, Pop Punk","Destroy Boys, Mannequin Pussy, NOBRO, Pom Pom Squad, Petrol Girls, Turnstile",★★★★,12/25/2022
digital,,Abby Sage,The Florist [EP],Nettwerk,10/25,Planetary,,"1, 2, 3",Bedroom Pop,"Hana Vu, Madeline Kenney, Sorry, MUNYA, Lala Lala",★★★,12/25/2022
digital,,Joyeria,FIM [EP],Speedy Wunderground / PIAS,10/25,Planetary,,"1, 3, 6","Indie Rock, Post-Punk","Modest Mouse, Pavement, Courtney Barnett, Parquet Courts, Fat White Family, Famous",★★★★,12/25/2022
digital,,Lou Reed,"Words & Music, May 1965",Light in the Attic,10/25,Planetary,,"1, 2, 3","Lo-Fi Indie Rock (they r demos), Singer-Songwriter","John Cale, The Velvet Underground, Bob Dylan",★★★★,12/25/2022
digital,,Mykki Blanco,Stay Close To Music,Transgressive / PIAS,10/25,Planetary,"1, 4, 5, 6, 7, 8, 11, 12 (edits avail.)","2, 3, 1*, 6*, 5*","Pop Rap, Art Pop, Alt. R&B","Princess Nokia, Cakes Da Killa, Le1f, Quay Dash, Blood Orange, Shamir",★★★,12/25/2022
digital,,Rubblebucket,Earth Worship,Grand Jury,10/25,Planetary,"1, 2* (edit avail.), 9, 10","3, 6, 4, 2*","Alt. Dance, Art Pop, Funk","TOPS, U.S. Girls, Khruangbin, St. Vincent, Brazilian Girls, Tennis, Vacationer",★★★★,12/25/2022
digital,,Shutups,I can't eat nearly as much as I want to vomit,Kill Rock Stars,10/25,Planetary,"3, 7, 8* (edit avail.), 9","4, 2, 8*","Indie Rock, Punk Rock","Pardoner, Teenage Halloween, Deerhoof, FIDLAR, Joyce Manor, Pavement, Adult Books, Sonic Youth",★★★★,12/25/2022
digital,,Housewife,You'll Be Forgiven [EP],Hazel Street,10/25,Riot Act,,"5, 4, 3","Dream Pop, Indie Pop","Rat Tally, girlpuppy, Momma, Abby Sage, Why Bonnie",★★★★,12/25/2022
digital,,Frankie Cosmos,Inner World Peace,Sub Pop,10/25,Shine On,,"12, 2, 11, 1, 8","Indie Pop, Indie Rock","Soccer Mommy, Mitski, Alvvays, Beabadoobee, Big Thief, Julia Jacklin",★★★★,12/25/2022
digital,,Bibio,BIB10,Warp Records,10/25,Terrorbird,,"1, 2, 4","Dream Pop, Ambient Pop","Four Tet, Washed Out, Caribou",★★★,12/25/2022
digital,,Dazy,OUTOFBODY,Lame-O,10/25,Terrorbird,,"2, 4, 5",Power Pop,"Militarie Gun, SPICE, Supercrush",★★★★,12/25/2022
digital,,Melby,Looks Like A Map,Rama Lama,10/25,Terrorbird,,"1, 3, 5",Psychedelic Pop,"Madeline Kenney, Day Wave, Faye Webster, Beach House",★★★★,12/25/2022
digital,,Ribbon Stage,Hit With The Most,Perennial / K,10/25,Terrorbird,,"1, 6, 9","Indie Rock, Indie Pop","Momma, Bachelor, Dummy",★★★★,12/25/2022
digital,,Atta Boy,Crab Park,Self-Released,10/25,The Syndicate,1,"3, 6, 8, 9","Indie Pop, Indie Rock","Soccer Mommy, Mitski, Alvvays, Beabadoobee, Big Thief, Julia Jacklin",★★★★,12/25/2022
digital,,John Cale,MERCY [advance tracks],Double Six / Domino,10/25,The Syndicate,,,"Art Pop, Art Rock","Weyes Blood, Sylvan Esso, Animal Collective, Actress",★★★★,12/25/2022
digital,,Militarie Gun,All Roads Lead To The Gun (Deluxe),Loma Vista,10/25,The Syndicate,"3, 7, 11","2, 5, 9, 12",Post-Hardcore,"Dazy, SPICE, Fury, Turnstile, Glitterer, Spiritual Cramp",★★★★★,12/25/2022
digital,,Alms,Did I Ask? [EP],Cerebral Junk,10/25,Tiger Bomb,"1, 4 (edits avail.)","2, 4*, 3","Indie Rock, Indie Punk","Hotline TNT, Built To Spill, Pardoner, King Krule",★★★★★,12/25/2022
digital,,Garrett T. Capps & NASA Country,People Are Beautiful,Spaceflight,10/25,Tiger Bomb,8,"1, 2, 7","Progressive Country, Krautrock, Exp. Rock","Daniel Romano, Aaron Lee Tasjan, Hiss Golden Messenger, Charley Crockett",★★★★,12/25/2022
digital,,Talk Show,Touch the Ground [EP],Missing Piece,10/25,Vitriol,,"3, 2, 5, 4","Dance-Punk, Post-Punk","Yard Act, LCD Soundsystem, Shame, Gilla Band",★★★★★,12/25/2022
digital,,BIG|BRAVE,nature morte [advance tracks],Thrill Jockey,10/25,,,,"Post-Metal, Noise Rock","The Body, Uniform, SUMAC, Divide and Dissolve",★★★★,12/25/2022
digital,x,Blues Ambush,Blues Ambush,Petty Bunco,10/25,,,,"Noise Rock, Exp. Rock, Free Improvisation",,★★★★,2/25/2023
digital,x,Laurel Canyon,Drop Out [EP],Agitated Records,10/25,,"1, 3",,"Garage Punk, Noise Rock",,★★★★,2/25/2023
digital,x,Laurel Canyon,Victim [EP],Self-Released,10/25,,,,"Garage Punk, Noise Rock",,★★★★,2/25/2023
digital,x,Laurel Canyon,Two Times Emptiness / Enemy Lines [single],Self-Released,10/25,,,,"Garage Punk, Noise Rock",,★★★★,2/25/2023
digital,,The Soft Pink Truth,Is It Going To Get Any Deeper Than This?,Thrill Jockey,10/25,,,"2, 3",Deep House,"Matmos, Au Suisse, Oren Ambarchi",★★★★,12/25/2022
digital,,Aoife Nessa Frances,Protector,Partisan,11/1,Co-Sign,,"4, 2, 1, 3","Neo-Psychedelia, Chamber Pop","Cate Le Bon, Aldous Harding, Florist, Cat Power, Angel Olsen",★★★★,1/1/2023
digital,,Cakes Da Killa,Svengali,Young Art,11/1,Co-Sign,use edits!,"11, 4, 2, 8","Hip House, ","Zebra Katz, Princess Nokia, Junglepussy, Mykki Blanco, Big Freedia",★★★★,1/1/2023
digital,,Lee Fields,Sentimental Fool,Daptone,11/1,Co-Sign,,"3, 10, 4, 1",Soul,"Charles Bradley, Sharon Jones & The Dap-Kings, Shuggie Otis, Menahan Street Band",★★★★,1/1/2023
digital,,Current Rage,Seven Songs,Propeller Sound,11/1,Pirate!,,"1, 2, 5, 6, 9","Post-Punk, Art Punk","Gang of Four, IDLES, Wire, The Dandy Warhols, The Garden, Fontaines DC",★★★★,1/1/2023
digital,,Fantasy Camp,Casual Intimacy,Memory Music,11/1,Pirate!,,"2, 4, 1, 6",Dream Pop,"The Drums, EKKSTACY, Turnover, Wicca Phase Springs Eternal, Slowdive, Wild Nothing",★★★,1/1/2023
digital,,Sobs,Air Guitar,Topshelf,11/1,Pirate!,,"1, 4, 5, 6, 7","Indie Pop, Power Pop","Beabadoobee, The Beths, Soccer Mommy, Best Coast, Alvvays, Beach Bunny",★★★★,1/1/2023
digital,,Alice Boman,The Space Between,Play It Again Sam,11/1,Planetary,,"2, 3, 5, 8","Singer-Songwriter, Dream Pop","Lael Neale, Mega Bog, Indigo Sparke, Dana Gavanski",★★★,1/1/2023
digital,,Blessed,Circuitous,Flemish Eye,11/1,Planetary,,"1, 3, 4","Math Rock, Post-Punk","Liars, IDLES, Holy Fuck, Tortoise, Ought, Protomartyr, Priests, Metz, Shmu",★★★★,1/1/2023
digital,,Bonnie Trash,Malocchio,Hand Drawn Dracula,11/1,Planetary,,"7, 2, 4","Doom Metal, Drone-Rock","Chelsea Wolfe, Zola Jesus, Angel Olsen, Ethel Cain, Lingua Ignota, Godspeed! You Black Emperor, Diamanda Galás, Siouxsie & The Banshees, PJ Harvey, EMA",★★★,1/1/2023
digital,,Daisy The Great,All You Need Is Time,S-Curve,11/1,Planetary,7 (edit avail.),"4, 7, 1, 9, 5",Indie Pop,"Indigo De Souza, Sidney Gish, Orla Gartland, The Happy Fits, Samia, Frances Forever, The Greeting Committee",★★★,1/1/2023
digital,,Drugdealer,Hiding In Plain Sight,Mexican Summer,11/1,Planetary,,"1, 3, 4",Psychedelic Pop,"Mild High Club, Mac DeMarco, Ariel Pink, Bibio, Matthew E. White, Weyes Blood",★★★★,1/1/2023
digital,,Loshh,akọle [EP],Don't Sleep / PIAS,11/1,Planetary,,"2, 3","Afrobeat, Afro-Jazz","Obongjayar, Nana Adjou, SAULT, Rodrigo Amarante",★★★★,1/1/2023
digital,,Abraxas,Monte Carlo,Suicide Squeeze,11/1,Shine On,7,"2, 1, 9, 12",Psychedelic Rock,"Kikagaku Moyo, levitation room, GOAT, The Murlocs, King Gizzard & the Lizard Wizard",★★★★,1/1/2023
digital,,Flaccid Mojo,Flaccid Mojo,Castle Face,11/1,Shine On,,5,"Electronic, Synthpunk"," Black Dice, Matmos, Panda Bear, Liars, Boredoms",★★★★,1/1/2023
digital,,King Gizzard & the Lizard Wizard,Laminated Denim,KGLW,11/1,Shine On,,"1, 2 (it is 2 tracks, 15:00 each)","Progressive Rock, Psychedelic Rock","Sonic Youth, Can, The Grateful Dead, Television, Ty Segall",★★★★★,1/1/2023
digital,,Babehoven,Light Moving Time,Double Double Whammy,11/1,Terrorbird,7,"3, 4, 10",Indie Folk,"The Shins, Johanna Warren, Mt. Joy",★★★★,1/1/2023
digital,,Fauness,The Golden Ass,Cascine,11/1,Terrorbird,,"2, 4, 8","Indietronica, Indie Pop","Magdalena Bay, Caroline Loveglow, Couch Prints",★★★,1/1/2023
digital,,girlpuppy,When I'm Alone,Royal Mountain,11/1,Terrorbird,,"2, 3, 6","Indie Pop, Indie Rock","Bachelor, Soccer Mommy, Phoebe Bridgers, Snail Mail",★★★★,1/1/2023
digital,,Scout Gillett,no roof no floor,Captured Tracks,11/1,Terrorbird,,"2, 4, 5","Dream Pop, Post-Punk","Widowspeak, Squirrel Flower, Lucy Dacus, Torres",★★★★,1/1/2023
digital,,Staffers,Asleep At the Wheel,Self-Released,11/1,Terrorbird,"8, 10, 11","3, 4, 1",Indie Rock,"The Magnetic Fields, The Clean, Guided by Voices",★★★★,1/1/2023
digital,,Show Me the Body,Trouble the Water,Loma Vista / Concord,11/1,The Syndicate,use edits!,"1, 3, 4, 11","Post-Hardcore, Noise Rock, Exp. Rock","Soul Glo, Chat Pile, Gouge Away, Gulch, The Garden",★★★★★,1/1/2023
digital,,Field Guide,Field Guide,Birthday Cake,11/1,Tiger Bomb,,"1, 7, 3, 2","Singer-Songwriter, Indie Folk, Dream Pop, Alt-Country","Leif Vollebek, Andy Shauf, M. Ward",★★★★,1/1/2023
digital,,Junior Boys,Waiting Game,City Slang,11/1,Tiger Bomb,,"2, 9, 5, 4",Ambient Pop,"Jessy Lanza, Caribou, Daphni, Hot Chip",★★★,1/1/2023
digital,,The Welcome Wagon,Esther,Asthmatic Kitty,11/1,Tiger Bomb,,"1, 2, 6, 9","Indie Folk, Singer-Songwriter(s)","Sufjan Stevens, Danielson, Half-handed Cloud",★★★,1/1/2023
digital,,Sea Moss,SEAMOSS2,Ramp Local,11/1,,TBD,"1, 2, 3","Experimental, Noise Punk, Noise Rock","Rhododendron, Machine Girl, NEUPINK",★★★★,1/1/2023
digital,,June McDoom,June McDoom [EP],Temporary Residence Limited,11/8,AMAPAC,,,Indie Folk,"Marina Allen, Babehoven, Bloomsday, Yves Jarvis",★★★★,1/8/2023
digital,,Daniel Avery,Ultra Truth,Mute Records,11/8,Co-Sign,,"14, 3, 9, 2","Ambient Techno, Breakbeat","Aphex Twin, Leon Vynehall, Jon Hopkins, Andy Stott, Kelly Lee Owens, HAAi",★★★★,1/8/2023
digital,,Ezra Coilective,Where I'm Meant To Be,Partisan Records,11/8,Co-Sign,,"1, 6, 3, 2","Jazz Fusion, Afro-Jazz","BadBadNotGood, Sons of Kemet, Sampa the Great, Kojey Radical, Gorillaz",★★★★,1/8/2023
digital,,Squalls,Squalls (Remastered Expanded Edition),Propeller Sound,11/8,Pirate!,,"1, 3, 9","New Wave, Art Punk","Talking Heads, Elf Power, Eels, R.E.M., Violent Femmes",★★★★,1/8/2023
digital,,Big Joanie,Back Home,Kill Rock Stars,11/8,Planetary,,"3, 5, 8, 13","Post-Punk, Indie Rock","Sleater-Kinney, Mannequin Pussy, DITZ, Bratmobile, The Julie Ruin, Slant 6, The Julie Ruin",★★★★,1/8/2023
digital,,Bleach Lab,If You Only Feel It Once [EP],Nettwerk,11/8,Planetary,,"2, 4, 5","Indie Pop, Dream Pop","Alvvays, Yumi Zouma, Honeyglaze, Penelope Isles, Hatchie",★★★★,1/8/2023
digital,,La Femme,Teatro Lucido,Disque Pointu / IDOL,11/8,Planetary,,"3, 4","Psychedelic Pop, Latin Pop","Rosalia, Tatiana Hazel, L’Imperatrice, Stereolab, Charlotte Gainsbourg, Melody’s Echo Chamber",★★★★,1/8/2023
digital,,Powder Pink & Sweet,Little Stories,Self-Released,11/8,Planetary,,"2, 1","Dream Pop, Indie Pop","Melody's Echo Chamber, Winter, Tallies, Cocteau Twins, Hatchie, The Cure",★★★,1/8/2023
digital,,TVAM,High Art Lite,Invada,11/8,Planetary,,"4, 5, 7","Shoegaze, Industrial Rock, Synthwave","Working Men’s Club, W.H. Lung, Nation of Language, Walt Disco",★★★★,1/8/2023
digital,,Dear Nora,human futures,Orindal,11/8,Riot Act,,"1, 3, 6","Exp. Pop, Indie Pop","Dirty Projectors, Animal Collective, Palberta, Palm",★★★★,1/8/2023
digital,,King Gizzard And The Lizard Wizard,Changes,KGLW,11/8,Shine On,,2,"Psychedelic Pop, Progressive Pop","Tame Impala, Ty Segall, Can, Unknown Mortal Orchestra, Neu!",★★★★,1/8/2023
digital,,Personal Trainer,Big Love Blanket,The Industry,11/8,Shine On,4,"2, 9, 5, 6","Post-Punk, Dance-Punk","Parquet Courts, Kiwi Jr., Car Seat Headrest, TV Priest, Cheekface, Pavement",★★★★,1/8/2023
digital,,Various Artists,The Eleventh Hour: Songs For Climate Justice,Sub Pop,11/8,Shine On,,,"Indie Rock, Indie Folk, Post-Punk, & more",,★★★★,1/8/2023
digital,,Hans Pucket,No Drama,Carpark Records,11/8,Terrorbird,,"1, 4, 8",Indie Rock,"The Beths, Vampire Weekend, Built To Spill",★★★,1/8/2023
digital,,MorMor,Semblance,AWAL,11/8,Terrorbird,,"1, 2, 7","Indie Pop, Dream Pop, Post-Punk Revival",,★★★★,1/8/2023
digital,,Mount Kimbie,MK 3.5: Die Cuts | City Planning,Warp Records,11/8,Terrorbird,"4, 10","2, 3, 14","Future Garage, Tech House, Hip House","Floating Points, Burial, Aphex Twin",★★★★,1/8/2023
digital,,Turnover,Myself In The Way,Run for Cover,11/8,Terrorbird,,"2, 3, 4","Dream Pop, Bedroom Pop","Turnstile, Tigers Jaw, Joyce Manor, Real Estate",★★★★,1/8/2023
digital,,Yves Tumor,God Is A Circle [single],Warp Records,11/8,Terrorbird,,,Dance-Punk,"eartheater, Blood Orange, serpentwithfeet",★★★★★,1/8/2023
digital,,Pigs Pigs Pigs Pigs Pigs Pigs Pigs,Land of Sleeper [advance tracks],Missing Piece,11/8,The Syndicate,,,Heavy Psych,"Ecstatic Vision, Flat Worms, DITZ, Sleep",★★★★,1/8/2023
digital,,Katy Rea,The Urge That Saves You,Self-Released,11/8,Tiger Bomb,,"3, 9, 5, 4",Singer-Songwriter,"Laura Marling, Angel Olsen, Tomberlin",★★★,1/8/2023
digital,,Olivia Barton,This is a Good Sign,Snack Shack Tracks / Anxiety Blanket,11/8,Tiger Bomb,"2, 4, 5, 8","1, 3, 6, 10, 11",Indie Folk,"Julien Baker, Phoebe Bridgers, Madi Diaz",★★★★,1/8/2023
digital,,Tenci,"A Swollen River, A Well Overflowing",Keeled Scales,11/8,Tiger Bomb,,"11, 2, 7, 3, 9","Indie Folk, Singer-Songwriter","Florist, Lomelda, Haley Heynderickx, Macie Stewart",★★★★,1/8/2023
digital,,Aliens,AGORAPHONIC,Severed Leg,11/8,Twin Vision,7,"3, 2, 5","Post-Punk, Garage Punk",,★★★★,1/8/2023
digital,,Caleb Landry Jones,Gadzooks Vol. 2,Sacred Bones,11/8,,,"3, 1, 8","Art Pop, Progressive Pop",,★★★★,1/8/2023
digital,,Pash,Somersault [EP] (reissue),Dinosaur City,11/8,,,,Jangle Pop,"Hatchie, Optic Nerve, The Goon Sax, Eternal Dust",★★★★,1/8/2023
digital,,YHWH Nailgun,No Midwife And I Wingflap [EP],Ramp Local,11/10,,,,"Exp. Rock, Art Punk","Godcaster, Palm, Squid, Guerilla Toss, Them Airs",★★★★,1/10/2023
digital,,Bad Colours,Always With U,Bastard Jazz,11/15,Co-Sign,use clean edits,"3, 9, 4, 11","Hip House, Electronic","KAYTRANADA, Channel Tres, Sault, Rochelle Jordan, Dâm-Funk, Brijean",★★★,1/15/2023
digital,,Christine and the Queens,Redcar les adorables étoiles,Because Music,11/15,Co-Sign,,"4, 3, 11, 8","Synthpop, French Pop","Caroline Polachek, MUNA, Charli XCX, Girl Ray, Yelle, Empress Of",★★★★,1/15/2023
digital,,"Garrett Saracho, Adrian Younge & Ali Shaheed Muhammad",Garrett Saracho JID015,Jazz Is Dead,11/15,Co-Sign,,"1, 7, 5, 2",Latin Jazz,"Azymuth, Buena Vista Social Club, Afro-Cuban All Stars, Tito Puente",★★★★,1/15/2023
digital,,Genesis Owusu,Get Inspired [single],Ourness / AWAL,11/15,Co-Sign,,,"Dance-Punk, New Rave","Prince, Sampa The Great, Slowthai, Tkay Maidza, Free Nationals, Gorillaz",★★★★★,1/15/2023
digital,,JIMMY EDGAR,LIQUIDS HEAVEN,Innovative Leisure,11/15,Co-Sign,USE CLEAN EDITS,"1, 3, 2, 11","Wonky, Exp. Hip-Hop","SOPHIE, Hudson Mohawke, Lunice, Machinedrum, Zelooperz, Injury Reserve",★★★★,1/15/2023
digital,,Run The Jewels,RTJ CU4TRO [remixes],Jewel Runners / BMG,11/15,Co-Sign,use clean edits,"6, 2, 10, 8","Hardcore Hip-Hop, Latin Rap","Mexican Institute of Sound, Bomba Estéreo, Toy Selectah, Lido Pimienta",★★★,1/15/2023
digital,,STR4TA,STR4TASFEAR,Brownswood,11/15,Co-Sign,,"12, 3, 4, 9",Jazz-Funk,"Sault, Emma-Jean Thackray, Chick Corea, Anushka, Ezra Collective",★★★,1/15/2023
digital,,S.C.A.B.,S.C.A.B.,Grind Select,11/15,Force Field,4,"3, 1","Jangle Pop, Post-Punk","Sports Team, Courting, Kiwi Jr.",★★★★,1/15/2023
digital,x,Goings,Colorblind [EP],Refresh,11/15,Pirate!,,"1, 2","Emo-Pop, Math Rock","Sweet Pill, Pool Kids, Macseal, Minus The Bear, Prawn, Gulfer, Math The Band",★★★★,3/15/2023
digital,,Me Like Bees,Disco Two Step,Honey Pit,11/15,Pirate!,,"4, 2, 3, 8",Indie/Alt. Rock,"Cold War Kids, The Strokes, Young The Giant, Grouplove, Franz Ferdinand, The Fratellis",★★★,1/15/2023
digital,,Those Looks,Cults Near Me,Mint 400,11/15,Pirate!,,"1, 6, 4",Indie Pop,"Warpaint, The Pretenders, Rilo Kiley, Julia Jacklin",★★★,1/15/2023
digital,,Connie Constance,Miss Power,PIAS,11/15,Planetary,"5* (edit avail.), 9, 10 ","2, 3, 7, 5*","Indie Rock, Art Pop","Nilüfer Yanya, The Regrettes, The Greeting Committee, The Happy Fits, Honeyglaze",★★★★,1/15/2023
digital,,Dumb,Pray 4 Tomorrow,Mint Records,11/15,Planetary,"8, 9, 11","3, 4, 15","Indie Rock, Art Punk","Pardoner, Parquet Courts, Fake Fruit, Ought, The Specials, Lithics, Pavement",★★★★★,1/15/2023
digital,,Jordana,"I'm Doing Well, Thanks For Asking [EP]",Grand Jury,11/15,Planetary,6,"4, 5",Indie Pop,"Hana Vu, Soccer Mommy, Jay Som, Frankie Cosmos",★★★★,1/15/2023
digital,,Julien Chang,The Sale,Transgressive / PIAS,11/15,Planetary,,"2, 4, 6, 11","Singer-Songwriter, Psychedelic Pop, Indie Folk","DIIV, Beach Fossils, Alvvays, TOPS, Unknown Mortal Orchestra",★★★,1/15/2023
digital,,Breanna Barbara,Nothin' But Time,Fuzz Club,11/15,Shine On,,"1, 2, 4, 11","Psychedelic Rock, Blues Rock","Death Valley Girls, L.A. Witch, Bleached, The Shivas, Shannon & the Clams",★★★★,1/15/2023
digital,,Moira & Claire,i'm not usually this forward but...,Ticklegrass,11/15,Shine On,2 (edit avail.),"7, 1, 4","Indie Folk, Folk Pop","Phoebe Bridgers, First Aid Kit, Beabadoobee & Tegan & Sara",★★★,1/15/2023
digital,,STONE,punkadonk [EP],Polydor,11/15,Shine On,4,"1, 2",Post-Punk,"Fontaines DC, Yard Act, Dazy, Viagra Boys, IDLES, Sports Team, Courting, Kiwi Jr.",★★★★,1/15/2023
digital,,Weyes Blood,"And in the Darkness, Hearts Aglow",Sub Pop,11/15,Shine On,,"3, 2, 1, 5, 4, 9","Baroque Pop, Singer-Songwriter","Joanna Newsom, Beach House, Angel Olsen, Adrianne Lenker",★★★★★,1/15/2023
digital,,feeble little horse,Hayday (reissue),Saddle Creek,11/15,Terrorbird,"3, 12 (edits avail.)","3, 10, 4, 9","Noise Pop, Indie Rock","Current Joys, SPIRIT OF THE BEEHIVE, Hotline TNT, waveform ",★★★★★,1/15/2023
digital,,Plaid,Feorm Falorx,Warp Records,11/15,Terrorbird,,"1, 4, 7","Ambient, IDM","Aphex Twin, Rival Consoles, 808 State",★★★★,1/15/2023
digital,,Smut,How The Light Felt,Bayonet,11/15,Terrorbird,,"2, 3, 10","Noise Pop, Indie Pop","Hotline TNT, Momma, Wavves, Wombo, PUP, Beach Bunny",★★★★,1/15/2023
digital,,Gold Panda,The Work,City Slang,11/15,Tiger Bomb,,"2, 3, 5, 6","Microhouse, IDM","Daniel Avery, Four Tet, Com Truise, Prefuse 73",★★★★,1/15/2023
digital,,Ritual Howls,Ritual Howls (10 Year Deluxe Edition),Felte,11/15,Tiger Bomb,9,"2, 6, 8, 11, 12","Gothic Rock, Post-Punk","Bauhaus, The Cramps, Sisters of Mercy, The Birthday Party, Ennio Morricone",★★★★★,1/15/2023
digital,,Sleep Party People,Heap of Ashes,Joyful Noise,11/15,Tiger Bomb,,"2, 3, 4, 8","Ambient Pop, Post-Industrial","Sigur Ros, Lingua Ignota, The Soft Moon, Son Lux",★★★★,1/15/2023
digital,x,Bill Nace,Through A Room,Drag City,11/15,,,,"Drone, Experimental","Body/Head, Emily Rice, Black Dice",★★★★,3/15/2023
digital,,Dead Poet Society,-!- (deluxe),Universal,11/15,,"3, 4, 5, 6, 10, 11, 14, 18-22","9, 12, 15","Alt. Rock, Southern Rock",,★★★★,1/15/2023
digital,,Friday Pilots Club,"I LOVE YOU, ROBOT SUPERSTAR [EP]",Self-Released,11/15,,"1, 2","4, 3",Alt. Rock,,★★★★,1/15/2023
digital,,Jeff Rosenstock & Laura Stevenson,Younger Still [EP],Polyvinyl,11/15,,,all,"Indie Rock, Indie Folk",,★★★★★,1/15/2023
digital,,NANCY,English Leather,BLAME Recordings,11/15,,,"1, 3, 8",Glam Rock,"Tigercub, Caleb Landry Jones, Paul Jacobs, Weird Nightmare",★★★★★,1/15/2023
digital,,nightlife,fallback [EP],Mad Collective,11/15,,4,"1, 2, 3","Alt. Rock, Alt. R&B,",,★★★★,1/15/2023
digital,,Various Artists,Folding Cassettes Greatest Hits,Drag City,11/15,,,,"Noise, Exp. Rock",,★★★★,1/15/2023
digital,,Bruce Licher,Exploratorium,Independent Records,11/22,AMAPAC,,"1, 2, 3","Drone, Ambient, Experimental","Scenic, Bowery Electric, Sunroof, Lanterna, Eluvium, David J, A Produce",★★★★,1/22/2023
digital,,Savage Republic,Africa Corps Live at the Whiskey A Go Go 30th December 1981,Independent Records,11/22,AMAPAC,,"2, 7","Post-Punk, Exp. Rock","Chrome, Gang of Four, Wire, The Ex, 23 Skidoo",★★★★,1/22/2023
digital,,Adrian Quesada,Jaguar Sound,ATO,11/22,Co-Sign,,"2, 10, 4, 5","Bolero-Beat, Trip Hop","Black Pumas, Adrian Younge, Cochemea, The Budos Band, Khruangbin",★★★★,1/22/2023
digital,,Dana Buoy,"Experiments in Plant-Based Music, Vol. 1",Everloving,11/22,Co-Sign,,"5, 2, 1, 3","Psychedelic Pop, Indie Pop","Unknown Mortal Orchestra, Mild High Club, Benny Sings, Candy Claws, Akron/Family",★★★,1/22/2023
digital,,NASAYA,RÊVES [EP],Foreign Family Collective,11/22,Co-Sign,,"1, 3, 2","Outsider House, UK Garage, Breakbeat","Louis Futon, Medasin, Maribou State, TSHA, Tourist",★★★,1/22/2023
digital,,Hit Like A Girl,Becoming [EP],Refresh,11/22,Pirate!,1,"2, 4, 3 ","Post-Hardcore, Metalcore","The Callous Daoboys, Every Time I Die, SeeYouSpaceCowboy, Mannequin Pu**y",★★★,1/22/2023
digital,,Papi Shiitake,Wabi-Sabi,Trash Casual,11/22,Pirate!,7,"2, 5, 9","Dream Pop, Indie Rock","Mac DeMarco, Crumb, Boy Pablo, Real Estate, Yellow Days",★★★★,1/22/2023
digital,,Sunking,SMUG,ANTI-,11/22,Pirate!,,"4, 1, 2, 7, 17, 3","Jazz Fusion, Nu Jazz, Indie Rock","High Pulp, Alfa Mist, Miles Davis, Blood Orange, Thundercat",★★★★,1/22/2023
digital,,JAMBINAI,Apparition [EP],Bella Union / PIAS,11/22,Planetary,,"1, 2","Post-Rock, Korean Folk Music, Post-Metal","Russian Circles, Mono, A.A. Williams Cult of Luna, King Woman, Have a Nice Life",★★★★,1/22/2023
digital,,MATVEÏ,TALES_FOR_NIGHTCLUBS_III [EP],Kitsune,11/22,Planetary,,"1, 2",Tech House,"Kaytranada, Pat Lok, Disclosure, Four Tet, SG Lewis",★★★,1/22/2023
digital,,Royksopp,Profound Mysteries III,Dog Triumph / PIAS,11/22,Planetary,,"2, 4, 6, 8","Electropop, Synthpop","Air, Goldfrapp, The Knife, Groove Armada",★★★★,1/22/2023
digital,,Soaked Oats,Working Title,Dot Dash / Remote Control Records,11/22,Planetary,2,"1, 4, 6","Psychedelic Rock, Psychedelic Pop","Babe Rainbow, Psychedelic Porn Crumpets, Kikagaku Moyo, Pond",★★★★,1/22/2023
digital,,Suki Waterhouse,Milk Teeth [EP],Sub Pop,11/22,Shine On,"1, 5 (edit avail.)","3, 6, 1*","Psychedelic Pop, Indie Pop","Sky Ferreira, Father John Misty, Angel Olsen, Mazzy Star",★★★★,1/22/2023
digital,,The Snuts,Burn the Empire,Elektra,11/22,Shine On,"1, 3, 5","8, 2, 6","Indie Rock, Garage Rock Revival","Arctic Monkeys, Bombay Bicycle Club, The Libertines",★★★,1/22/2023
digital,,Fievel Is Glaque,Flaming Swords,MATH Interactive,11/22,Terrorbird,,"2, 14, 18","Jazz Pop, Progressive Pop","Stereolab, Pat Metheny, Broadcast, Black Midi",★★★★,1/22/2023
digital,,Ging,"We're Here, My Dear",Ging Recordings,11/22,Terrorbird,,"5, 2, 6, 7","Indie Folk, Noise Pop","Junior Varsity, Vegyn, Cities Aviv",★★★,1/22/2023
digital,,Narrow Head,Moments of Clarity [advance tracks],Self-Released,11/22,Terrorbird,,,"Alt. Rock, Post-Hardcore","Teenage Wrist, Slow Crush, Superheaven, Nothing, Pity Sex",★★★★,1/22/2023
digital,,Puck,Best Friend,Self-Released,11/22,Terrorbird,,"10, 1, 3","Art Pop, Alt. R&B, Singer-Songwriter","Kinlaw, Softee, Fiona Apple, Cate Le Bon, St. Vincent ",★★★,1/22/2023
digital,,Quadeca,I Didn't Mean To Haunt You,deadAir,11/22,Terrorbird,"3, 4, 7","5, 2, 1","Art Pop, Folktronica, Glitch Pop, Exp. Hip-Hop","Jane Remover, quinn, Brakence, Parannoul",★★★★,1/22/2023
digital,,VEPS,Olso Park,Kanine,11/22,Terrorbird,,"2, 7, 3, 4","Indie Rock, Indie Pop","Girl In Red, Wet Leg, Beach Bunny",★★★★,1/22/2023
digital,,Fousheé,softCORE,RCA Records,11/22,The Syndicate,"1, 3, 4, 6, 11, 12 (edits avail.)","2, 6*, 3*","Neo-Soul, Alt. R&B","Steve Lacy, Fana Hues, Ravyn Lenae",★★★,1/22/2023
digital,,Richard Dawson,The Ruby Cord,Domino,11/22,The Syndicate,,"2, 7, 3","Progressive Folk, Avant-Folk","Joanna Newsom, Xiu Xiu, Mount Eerie",★★★★,1/22/2023
digital,,Angelo De Augustine,27 / Hologram [single],Asthmatic Kitty,11/22,Tiger Bomb,,,"Chamber Folk, Singer-Songwriter","Sufjan Stevens, Elliott Smith, Gia Margaret, Christian Lee Hutson",★★★★,1/22/2023
digital,,Marcus Paquin,Our Love,Birthday Cake,11/22,Tiger Bomb,7 (edit avail.),"6, 7*, 2, 8","Indie Pop, Indie Rock","JR JR, Rostam, James Blake, Bon Iver",★★★★,1/22/2023
digital,,Blacklisters,Leisure Centre [EP],Exploding In Sound,11/22,,,"1, 2","Noise Rock, Post-Punk","USA Nails, Pissed Jeans, Part Chimp",★★★★,1/22/2023
digital,,Jobber,Hell In A Cell [EP],Exploding In Sound,11/22,,,,"Indie Rock, Post-Hardcore","Dazy, Dust Star, Editrix, Dumb, Rat Tally",★★★★,1/22/2023
digital,,Weird Nightmare,So Far Gone [single],Sub Pop,11/22,,,,Indie Rock,"METZ, Parquet Courts, Bodega, Kiwi Jr., Cloud Nothings, Protomartyr",★★★★,1/22/2023
digital,,Mary Halvorson,Amaryllis,Nonesuch Records,11/29,AMAPAC,,"1, 3, 5",Avant-Garde Jazz,,★★★★,1/29/2023
digital,,Actress,Dummy Corporation [EP],Ninja Tune,11/29,Co-Sign,,"4, 2, 5",Ambient Techno,"Autechre, Floating Points, Andy Stott, Laurel Halo, Octo Octa",★★★★,1/29/2023
digital,,Albertine Sarges,Family of Things [EP],Moshi Moshi,11/29,Co-Sign,,"2, 4, 5","Progressive Pop, Art Pop","Cassandra Jenkins, Vanishing Twin, Maia Friedman, Mega Bog, Anna B Savage",★★★★,1/29/2023
digital,,Skinny Pelembe,Like A Heart Won't Beat [single],Partisan,11/29,Co-Sign,,,"Psychedelic Soul, Art Pop","King Krule, TV On The Radio, Spoon, Eyedress",★★★★,1/29/2023
digital,,Bendigo Fletcher,Wingding [EP],Elektra,11/29,Pirate!,,"3, 4, 1",Jangle Pop,"Band of Horses, Death Cab For Cutie, Fleet Foxes, Delta Spirit, Caamp",★★★,1/29/2023
digital,x,Gladie,Don’t Know What You’re In Until You’re Out,Plum,11/29,Pirate!,"4, 8, 11","5, 2, 3, 7, 10","Power Pop, Indie Rock","Ratboys, illuminati hotties, Mannequin Pu**y, Tigers Jaw, Church Girls, Charly Bliss",★★★★,3/29/2023
digital,,Subsonic Eye,Melt the Wax [EP],Topshelf,11/29,Pirate!,,"2, 3","Dream Pop, Indie Rock","Alvvays, Lunar Vacation, Snail Mail, Fazerdaze, Sobs, Hop Along",★★★★,1/29/2023
digital,,Bodywash,Kind of Light [single],Light Organ,11/29,Planetary,,,Dream Pop,"Memoryhouse, Craft Spells, Japanese Breakfast, SASAMI, Jay Som, Porcelain Raft",★★★★,1/29/2023
digital,,Dave Okumu & The 7 Generations,I Came From Love: You Survived So I Might Live [EP],Transgressive / PIAS,11/29,Planetary,,"2, 3","Neo-Soul, Jazz Fusion","Sam Gellaitry, Pino Palladino, Sam Gendel, Oshi, Jeff Parker",★★★★,1/29/2023
digital,,Halo Maud,Pesnopoïka,Heavenly / PIAS,11/29,Planetary,,"1, 2, 4","Psychedelic Pop, French Pop","Melody's Echo Chamber, La Femme, L'Impératrice, Stereolab, Anemone, Moodoïd, Air, Sun's Signature",★★★,1/29/2023
digital,,Helen Ganya,polish the machine,Bella Union / PIAS,11/29,Planetary,,"1, 2, 5",Art Pop," St. Vincent, Kate Bush, Angel Olsen, Sharon Van Etten, Lana Del Rey",★★★,1/29/2023
digital,,Joshua Amour,I'm Trying,Astral People / PIAS,11/29,Planetary,,"3, 4, 5","House, Electronic","Genesis Owusu, dameeela, Jamie XX, Caribou, Mount Kimbie, XXYYXX, Four Tet, Conducta",★★★,1/29/2023
digital,,Taylor Kingsman,Hollow Sound,Mama Bird,11/29,Shine On,,"2, 4, 1, 9","Indie Folk, Americana","Blitzen Trapper, Deer Tick, The Felice Brothers, The Texas Gentlemen",★★★,1/29/2023
digital,,John Moods,The Great Design,Mansion and Millions,11/29,Terrorbird,,"3, 2, 4","Indie Pop, Synthpop","The Blue Nile, Prefab Sprout, Molly Nilsson, Black Marble",★★★★,1/29/2023
digital,x,Humilitarian,She Said [single],Self-Released,11/29,,,,"Indie Rock, Emo-Pop",,★★★★,3/29/2023
digital,x,Humilitarian,Humilitarian [EP],Soundsol Records,11/29,,,,"Indie Rock, Emo-Pop",,★★★★,3/29/2023
digital,x,Humilitarian,Head In A Jar [EP],Soundsol Records,11/29,,,,"Indie Rock, Emo-Pop",,★★★★,3/29/2023
digital,,Last Living Cannibal,On A Perfect Earth [EP],Nothing Fancy,11/29,,,"3, 5, 2","Art Rock, Indie Folk","Low, Scott Walker, Radiohead ",★★★★,1/29/2023
digital,x,Return to Zion,"If This Is The End, It's Beautiful [EP]",Sound Splitter Records,11/29,,,,"Post-Rock, Post-Metal","Godspeed You! Black Emperor, Boris, Slint",★★★★,3/29/2023
digital,,Kadhja Bonet,California Holiday [EP],Ninja Tune,12/6,Co-Sign,,"4, 2, 6","Neo-Soul, Christmas Music","Sudan Archives, Hiatus Kaiyote, Jamila Woods, Kelsey Lu, Madison McFerrin, Vince Guaraldi Trio",★★★★,2/6/2023
digital,,Los Bitchos,Los Chrismos [EP],City Slang,12/6,Co-Sign,,,Psychedelic Pop,"Wet Leg, Khruangbin, La Luz, Bomba Estéreo, Combo Chimbita, Altin Gün",★★★★,2/6/2023
digital,,Metronomy,Small World (Special Edition),Because Music,12/6,Co-Sign,,"5, 6, 3",Indie Pop,"Hot Chip, LCD Soundsystem, Caribou, Tame Impala, Phoenix, Mac Demarco",★★★,2/6/2023
digital,,Cheekface,Don't Ask [EP],Self-Released,12/6,Pirate!,,"1, 3",Indie Rock,"Pavement, Bad Moves, Jeff Rosenstock, Parquet Courts, The Front Bottoms, Ratboys, Slaughter Beach Dog, Modern Lovers, Lou Reed",★★★★★,2/6/2023
digital,,chloe morindo,SUCKERPUNCH,Public Consumption / Fueled By Ramen,12/6,Pirate!,"2*, 3*, 4, 5*, 7 (* = edit avail.)","2*, 3*, 5*, 8, 9, 10","Electropop, Hyperpop","PinkPantheress, mxmtoon, Coco & Clair Clair, Alice Glass, Beach Bunny, Cavetown",★★★,2/6/2023
digital,,Her Head's On Fire,College Rock & Clove Cigarettes,Iodine,12/6,Pirate!,,"2, 3, 4, 5, 6","Indie Rock, Post-Hardcore","The Get Up Kids, Titus Andronicus, Motion City Soundtrack, Superchunk, Jawbreaker",★★★,2/6/2023
digital,,Blair Lee,The Puppy Game [EP],Self-Released,12/6,Planetary,,"2, 3",Indie Pop,"Soccer Mommy, Samia, Taylor Swift, Miya Folick, Girl in Red, Hana Vu",★★★,2/6/2023
digital,,stargaze,ONE [EP],Transgressive / PIAS,12/6,Planetary,,"1, 2","Experimental, Cont. Classical","The Soft Pink Truth, Brian Eno, Scott Walker, Colin Stetson",★★★★,2/6/2023
digital,,White Lung,Premonition,Domino,12/6,Planetary,,"2, 3, 6, 8",Punk Rock,"Screaming Females, Ex Hex, War On Women, The Men",★★★★,2/6/2023
digital,,Hot Hot Heat,Make Up The Breakdown (20th Anniversary Reissue),Sub Pop,12/6,Shine On,5,"4, 8, 2","Indie Rock, Post-Punk Revival, Dance-Punk","The Strokes, Modest Mouse, Interpol, The Cure, The Killers",★★★★,2/6/2023
digital,,Acre Memos,A Collection of Bird Songs,Double Yolk Record House,12/6,Terrorbird,,"2, 3, 5",Indie Folk,"Lomelda, Shannen Moser, Hovvdy, Babehoven",★★★★,2/6/2023
digital,,Gay Meat,Bed of Every [EP],Self Aware,12/6,Tiger Bomb,"1, 5 (edits avail.)","3, 1*, 5*","Indie Pop, Alt Pop","Museum Mouth, illuminati hotties, Dazy, Short Fictions",★★★,2/6/2023
digital,,Moriah Bailey,i tried words,Keeled Scales,12/6,Tiger Bomb,,"3, 4, 5, 8","Freak Folk, Art Pop","Mary Lattimore, Joanna Newsom, Björk, Jessica Pratt",★★★★,2/6/2023
digital,,SAVAK,Error / Delight [Remixes],Peculiar Works,12/6,,,"5, 4, 9","Post-Punk, Alt. Dance","Mogwai, Wire, Holy Fuck, Dan Friel",★★★★,2/6/2023
digital,x,The Natural Lines (fka Matt Pond PA),Monotony [single],Bella Union / PIAS,12/6,Planetary,,,"Alt. Rock, Indie Pop","Matt Pond PA, Rogue Wave, Death Cab for Cutie, Pedro the Lion",★★★★,4/6/2023
digital,,The WAEVE,The WAEVE [advance tracks],Transgressive / PIAS,12/6,,,,"Art Rock, New Wave","Graham Coxon, Yard Act, The Fall, Blur, Public Image Ltd.",★★★★,2/6/2023
CD + Digital,x,Various Artists,Devoted,TPOS 246,12/6,,,,"Electronic, Rock, New Wave, Synth-Pop, Punk",,,4/6/2023
digital,,Ghost Parliament,SOS [EP],Santa Rosa,12/13,Pirate!,,"2, 4, 5","Indie Rock, Emo-Pop","CHON, Intervals, El Ten Eleven, TTNG, Battles",★★★,2/13/2023
digital,,Justin Courtney Pierre,Permanent Midnight [EP],Epitaph,12/13,Pirate!,"2, 5","1, 3, 4","Indie Rock, Power Pop","Motion City Soundtrack, Tigers Jaw, The Get Up Kids, Jimmy Eat World, The Menzingers",★★★,2/13/2023
digital,,NOFX,Double Album,Fat Wreck Chords,12/13,Pirate!,"5 & clean edits of #1, 2, 8"," 6, clean edits of 1, 2, 8",Punk Rock,"Bad Religion, Pennywise, Millencolin, Rancid",★★★,2/13/2023
digital,,Underlined Passages,His Head Feels Like A Trainwreck Tonight [EP],Mint 400,12/13,Pirate!,,"1, 3, 4","Indie Rock, Slowcore"," Nada Surf, The Ocean Blue, American Football",★★★,2/13/2023
digital,,piglet,seven songs,Blue Flowers / PIAS,12/13,Planetary,,,"Indie Pop, Indie Folk","Hovvdy, Better Oblivion Community Center, Wednesday, Porridge Radio",★★★★,2/13/2023
digital,,The Inside Out,"No Brains, No Blood",Black Barrel Records,12/13,Planetary,2,"6, 4, 5","Indie Rock, Alt. Rock","Modest Mouse, Bright Eyes, Vundabar, The Mysterines, Blue October, The Hives",★★★,2/13/2023
digital,,The Men,New York City [advance tracks],Fuzz Club,12/13,Riot Act,,,"Garage Rock, Garage Punk","No Age, Preoccupations, Meat Wave, METZ",★★★★★,2/13/2023
digital,,Paul Spring,Thunderhead,Self-Released,12/13,Terrorbird,,"3, 4, 5",Avant-Folk,"Devendra Banhart, Fleet Foxes, Thom Yorke",★★★★,2/13/2023
digital,,PENDANT,Caustic Pop Remixes,Saddle Creek,12/13,Terrorbird,,"1, 3, 5","House, various Electronic genres","Oneohtrix Point Never, Death Grips, Space Afrika, Burial",★★★★,2/13/2023
digital,,Various Artists,A Year of Open Tab [Extended],Fire Talk,12/13,Terrorbird,"14, 17","16, 17, 18","Indie Rock, Indie Pop, Various (Compilation)","The Dare, Pedazo de carne con ojo, Blood, PACKS",★★★★,2/13/2023
digital,,††† (Crosses),Permanent.Radiant [EP],Warner,12/13,The Syndicate,1,"2, 3","Alt. Rock, Darkwave","Deftones, Glassjaw, Loathe, HEALTH",★★★★,2/13/2023
digital,,100 gecs,Snake Eyes [EP],Dog Show / Atlantic,12/13,The Syndicate,"1, 3",2,Hyperpop,"A.G. Cook, Dorian Electra, SOPHIE, food house",★★★★,2/13/2023
digital,,Rattlesnake Milk,Rattlesnake Milk,Feels So Good,12/13,Tiger Bomb,,"2, 3, 5, 8","Cowpunk, Alt-Country","Orville Peck, Charley Crockett, Garrett T. Capps",★★★★,2/13/2023
CD,,Black Ox Orkestar,Everything Returns,Constellation,12/13,,,,"Alternative, Balkan Folk, Devotional",,,2/13/2023
CD,,Cyberchump,Quirks of the Zen Dog,Self-Released,12/13,,,,"Ambient, Chill, Electronic, Psychedelic",,,2/13/2023
CD,,EKKSTACY,Misery,UnitedMasters,12/13,,,,"Indie, Alternative, Post-Punk, Synth-wave",,★★★★★,2/13/2023
CD,,Lung,Let It Be Gone,Romanus,12/13,,,,"Cello-rock, Art-Rock, Art-Punk, Grungepop, Indie Noiserock",,,2/13/2023
CD,x,Divine Hand Ensemble,Aria 51,Waves Within,12/13,,,,"Avant-Orchestral, Classical, Chamber Music",,,4/13/2023