CD + digital,LOCAL,ARTIST,ALBUM,Label,ADDED,promoter,FCC Warnings,Rec. Tracks,GENRE,RIYL,Rating/predicted popularity,approx. REMOVE DATE
digital,,BAYNK, SENESCENCE,Virgin,01/07,Cosign,Clean,"2, 3, 4, 5, 6","pop, deep house, contemporary club, funk, and ambient music.","SG Lewis, Shallou, Tourist, Toro Y Moi, ODEZSA",♡♡♡♡♡,03/07
digital,,CROONeR,Catarina,Nice,01/07,The Syndicate,Clean,"1, 2, 4","Nostaglia Pop, Emo, Indie Pop, Alternative, Indie Rock","John Kastner, Soci3ty, The MacLean Brothers, Teen Violence",♡,03/07
digital,,Dear Derrick,Inspired By The Motion Picture: The Black Sea, 9 to 5,01/07,Cosign,Use Clean Edits,"1, 2, 10",Hip-Hop,"Sexxxy Red, Kendrick Lamar, Offset, Kool Keith, Slum Village, Outkast, Erykah Badu, Tyler the Creator",♡,03/07
digital,,Eleanor Jawurlngali,Eleanor Jawurlgnali [EP],Self-Released,01/07,Planetary,Clean,"1, 2, 3","contemporary-folk, experimental, singer-songwriter","Gordi, Beth Gibbons, Leyla McCalla, Arooj",♡♡,03/07
digital,,hemlock,444,Self-Released,01/07,Tiger Bomb,#8,"2, 3, 5, 6, 10","Singer-Songwriter, Progressive Folk, Alt-Country, Americana","Adrianne Lenker, Tenci, Bloomsday, Allegra Krieger, Hannah Frances, Merce Lemon, Little Mazarn",♡♡♡,03/07
digital,,IDLES,POP POP POP (feat. Danny Brown) [single],Partisan,01/07,Cosign,clean,single,"post punk, post hardcore, art punk","Shame, Squid, Protomartyr, Amyl and The Sniffers, Fontaines D.C., Pixies, Nick Cave & The Bad Seeds",♡♡♡♡♡,03/07
digital,X,Japanese Breakfast,Orlando in Love [single],Dead Oceans,01/07,secretly,Clean,single,"chamber pop, indie folk, chamber folk","mitski, fleet foxes, phoebe bridgers, bon iver",♡♡♡♡♡,03/07
digital,,Joseon,YOUTHiNASiA [EP],self released ,01/07,Pirate!,TBD,"7, 2, 3, 6","90s Rock, Alt Rock, Dreamy, Grungegaze, Psych Rock","DIIV, MILLY, Narrow Head, Launder, My Bloody Valentine, Hotline TNT, Parannoul",♡♡♡,03/07
digital,,Jujulipps,SUPERSTAR [EP],Bigpop,01/07,Planetary,Dirty Except #4 (Clean Edits Included),"2, 1, 4","Pop Rap, Hardcore Hip Hop, Southern Hip Hop, Contemporary R&B, Alternative R&B","Doechii, Little Simz, Tyler, The Creator, GloRilla, Rico Nasty, Sudan Archives",♡♡♡,03/07
digital,,Mercury,Swarm the Hive Mind [EP],Big Loud Rock,01/07,Pirate!,TBD,"1, 3","Alr Rock, Post-Grunge, Noise Pop","Slow Pulp, gglum, Momma, Mannequin Pussy, Beabadoobee",♡♡♡♡,03/07
digital,,Reduction Plan,Patmos,self released ,01/07,Terrorbird,clean,"4, 5, 7","noise rock, industrial, metal, hardcore","Uniform, Killing Joke, Lathe of Heaven, Chat Pile",♡,03/07
digital,,Saint Etienne,The Night,Heavenly/PIAS,01/07,Planetary,Clean,"2, 12","Indie Pop, Art Pop, Alternative Dance, Ambient Pop, Ambient","Everything But The Girl, Björk, Portishead, Stereolab, Ivy, The Cardigans",♡♡,03/07
digital,,Tom Misch,Six Songs EP,AWAL,01/07,Cosign,Clean,"1, 2, 4, 6","jazz, funk, jazz, hip-hop, electronic, jazz-funk, acid jazz, R&B, jazz rap, ambient, nu-disco, and alternative","FKJ, Jordan Rakei, Franc Moody",♡♡♡♡♡,03/07
digital,,Yuma Abe,Hotel New Yuma,Thaian Records/Space Shower Music,01/07,Terrorbird,clean,"1, 3, 9","funk rock, surf rock, lounge","Never Young Beach, Sunny Day Service, Khruangbin, Ginger Root",♡♡♡,03/07
digital,,Arcy Drive,Louie b/w Oak Tree (Daydream),AWAL,01/14,Planetary,clean version available,single,"Garage rock, Indie Rock, Pop Rock, Alternative Rock","Twin Peaks, Arctic Monkeys, the moss, Japandroids, Cloud Nothings",♡♡♡♡,03/14
digital,,Art d'Ecco,True Believer [single],Paper Bag,01/14,Planetary,clean,single,"Alternative, Indie rock, Indie","Foxygen, Lemon Twigs, Perfume Genius, U.S. Girls, MGMT, St. Vincent, Connan Mockasin, Girls",♡♡♡,03/14
digital,,Baby Said,123 [single],Pal Records,01/14,Planetary,clean,single,"Indie Rock, Post-Punk Revival, Indie Pop","Wet Leg, Dream Wife, Olivia Rodrigo, Pinkshift, Paramore",♡♡♡,03/14
digital,,Blondshell,T&A [single],Partisan,01/14,Grandstand/cosign,censor manuallly,single,"indie rock, alt rock, power pop","bully, soccer mommy, squirrel flower, indigo de souza",♡♡♡♡,03/14
digital,,Cliftun,INEVITABLE [single],Carpool Entertainment Group,01/14,Planetary,clean,single,"Conscious Hip Hop, Art Pop, Neo-Psychedelia, Synthpop, Emo Rap","Kid Cudi, Childish Gambino, Theophilus London, Frank Ocean, Lil Nas X",♡♡,03/14
digital,,clipping.,Change The Channel [single],Sub Pop,01/14,shine on,censor manuallly,single,"industrial hip hop, experimental hip hop, horrorcore","death grips, aesop rock, run the jewels, xiu xiu",♡♡♡♡,03/14
digital,,CRX,Interiors [EP],Self-Released,01/14,Pirate!,1 (edit),"1, 2, 3","Contemporary New Wave, Synth Pop, Indietronica, Stoner Rock","Albert Hammond Jr, Franz Ferdinand, Foals, Vampire Weekend, Bad Suns, Wallows",♡♡♡,03/14
digital,,Darkside,S.N.C.,Matador Records,01/14,Beggars,Clean,Single,"Alternative, Indie","Against All Logic, Soul Keita, Four Tet, Nicola Cruz",♡♡♡♡,03/14
digital,,Fashion Club,A Love You Cannot Shake,felte,01/14,Tiger Bomb,clean,"2, 3, 4, 9","Ambient Pop, Glitch Pop, Indie Rock, Indietronica, Singer-Songwriter, Synthpop","Ethel Cain, Half Waif, Vitesse X, Fever Ray, Yves Tumor",♡♡♡,03/14
digital,,Fievel is Glauque,Rong Weicknes,Fat Possum,01/14,Planetary,clean,"2, 4, 8, 11, 15","Jazz Pop, Progressive Pop, Art Pop, Jazz-Rock","Stereolab, BADBADNOTGOOD, Spirit Of The Beehive, Khruangbin, Standing On The Corner, Altin Gün, Toro Y Moi, Melody’s Echo Chamber",♡♡♡♡,03/14
digital,,Franz Ferdinand,The Human Fear,Domino,01/14,The Syndicate,Clean,"6, 1, 4, 11","Indie Rock, Post-Punk Revival, New Wave, Dance-Punk, Glam Rock","Paramore, Cheekface, Wet Leg, New Last Name",♡♡♡♡♡,03/14
digital,,Heartworms,Extraordinary Wings,Speedy Wunderground / [PIAS],01/14,Planetary,clean,single,"Chamber Pop, Alt rock, Punk, Progressive Pop, Art Pop","Sorry, Jockstrap, PVA, Goat Girl",♡♡♡,03/14
digital,,Hyldon & Adrian Younge,O Caçador de Estrelas,Jazz Is Dead,01/14,Co-Sign,Clean,single,Brazilian,"Azymuth, Marcos Valle, Cassiano, Carlos Dafé, Luiz Melodia, Tony Tornado, Gal Costa",♡♡♡♡,03/14
digital,,Joao Selva,Onda,Underdog Records,01/14,Co-Sign,Clean,"2, 3, 4, 10 ",Brazilian,"Gilberto Gil, Caetano Veloso, Rogê, Sessa, Bruno Berle, Tim Bernardes",♡♡♡♡,03/14
digital,,Kate McDonnell,TRAPEZE,Dog-Eared Discs,01/14,Planetary,clean,"6, 1, 2","Folk, Singer-Songwriter, Contemporary Folk","Joan Baez, Joni Mitchell, Brandi Carlisle",♡,03/14
digital,,Lambrini Girls,Who Let The Dogs Out,City Slang,01/14,Planetary,"#1, 2, 3, 5, 8, 11 (Clean Edits on #2, 3)","#2, 3, 9, 10","Rock, Punk","Amyl and The Sniffers, SPRINTS, Grrrl Gang, Gilla Band, Screaming Females, DITZ",♡♡♡♡,03/14
digital,,Little Moon,Dear Divine,Joyful Noise,01/14,Tiger Bomb,clean,"#3, #2, #4, #7","Art Pop, Chamber Folk, Indie Rock ","Vashti Bunyan, Weyes Blood, Joanna Newsom, Jessica Pratt, Enya, Liz Fraser (Cocteau Twins), Liana Flores",♡♡♡,03/14
digital,,Local the Neighbor,VALLEY pt.2,Slightly Above Average,01/14,Tiger Bomb,4,"#1, #3, #2","Alternative Rock, Indie Rock, Slacker Rock, Noise Rock ","Slow Pulp, Lunar Vacation, villagerrr, Dinosaur Jr., Alex G, MJ Lenderman, Joy Again",♡♡♡,03/14
digital,,Lutalo,I Figured [Single],Winspear,01/14,Planetary,clean,single,"Folk, Rock, Atmospheric","Bartees Strange, Bloc Party, Yves Tumor, King Krule, Bon Iver, Dean Blunt, Kurt Vile, Nilüfer Yanya",♡♡♡♡,03/14
digital,,Melissa Weikart,Easy [EP],Self-Released,01/14,terrorbird,clean,"1, 4,  6","baroque pop, singer songwriter, art pop","Astrid Sonne, Helena Deland, Julia Holter, Weyes Blood",♡♡,03/14
digital,,Mha Iri,Leader Of The Pack,[PIAS] Electronique,01/14,Planetary,clean,"1, 2","Dance, Electronica, Synth Pop","Carl Cox, Chris Liebing, Lilly Palmer",♡,03/14
digital,,Miramar,Entre Tus Flores,Ansonia Records,01/14,Co-Sign,Clean,"1, 4, 10",Baladas y Boleros,"Natalia Lafourcade, Silvana Estrada, Pink Martini, Mon Laferte",♡♡,03/14
digital,,PUP,Paranoid [single],Rise,01/14,Grandstand,Clean,single,"pop punk, post hardcore, emo","prince daddy & the hyena, jeff rosenstock, joyce manor",♡♡♡♡,03/14
digital,,Rose Gray,Party People [single],Play It Again Sam / [PIAS],01/14,Planetary,censor manually,single,"Art Pop, Alt-Pop, Electronic, Downtempo, Electropop ","Caroline Polachek, Blue Hawaii, Robyn, Kylie Minogue, Cecile Believe",♡♡♡,03/14
digital,,Rosier,other forms [single],s/r,01/14,Planetary,clean,single,"Alternative, Indie, Bedroom Indie Pop","Faye Webster, Camera Obscura, lots of hands, Frankie Cosmos",♡♡,03/14
digital,,Rotundos,Rotundos,Self-Released,01/14,terrorbird,7,"1, 2, 9","emo, power pop, alt punk","Anxious, Heart to Gold, shower curtain",♡♡,03/14
digital,,"Stone Souls, The",Riptide [EP],TJamp,01/14,Pirate!,Clean,"4, 3, 1","Surf Rock, Americana, Soft Rock, Alternative","Alabama Shakes, Black Pumas, Nathaniel Rateliff & The Night Sweats, Lake Street Dive",♡,03/14
digital,,TOKiMONSTA,Eternal Reverie,Young Art Records,01/14,Co-sign,Clean,"1, 3, 5",Dance/Electronic,"Flying Lotus, KAYTRANADA, Channel Tres, Toro Y Moi, Little Dragon",♡♡♡♡,03/14
digital,,Tuff Sudz,Tough Suds,Tuff Sounds,01/14,Tiger Bomb,"1, 2, 6, 7, 8, 10 (clean edits available)","#I (Clean Edit), #3, #4, #9","Punk Rock, Post-Hardcore, Pop Punk","Black Flag, PUP, FIDLAR, Minor Threat, Destroy Boys, Drug Church, IDLES",♡,03/14
digital,,Xixa,Xolo de Galaxia,Julian Records,01/14,Planetary,clean,single,"Rock, Psych Rock, Gothic horror","The Mars Volta, Chicano Batman, Alejandro Escovedo",♡♡♡,03/14
digital,,Youth Lagoon,Speed Freak [single],Fat Possum,01/14,Planetary,clean,single,"Synthpop, Dream Pop, Indietronica, Ambient Pop, Synthwave, Post-Rock, Big Music","M83, MGMT, Perfume Genius, LCD Soundsystem, Cate Le Bon, Arthur Russell, Kate Bush",♡♡♡♡,03/14
digital,,Cameron Winter,Heavy Metal,Partisan Records,01/21,Co-Sign,"4, 6, 8, 9","3, 9","Alternative, Contemporary Folk","Geese, Nico, MJ Lenderman, The Lemon Twigs, Big Thief, Alex G, Dehd",♡♡♡♡,03/14
digital,,Marie Davidson,Demolition [single],DEEWEE/Because,01/21,Co-Sign,Clean,single,Electronic,"Devo, Miss Kittin, Ladytron, Peaches, Kelly Lee Owens, Daphni, Fever Ray",♡♡♡♡,03/14
digital,,Annie DiRusso,Back in Town [single],Summer Soup Songs / AWAL,01/21,Planetary,dirty (clean available),single,"alternative/indie, indie pop, indie rock","Samia, Eliza McLamb, Indigo De Souza, Soccer Mommy, Bully",♡♡♡♡,03/21
digital,,Anxious,Some Girls [single],Run for Cover,01/21,terrorbird,clean,single,"emo, indie rock, hardcore","fiddlehead, the wonder years, pup, sorority noise, pool kids",♡♡♡♡,03/21
digital,,Are We Hunting,Portland's Got Me Beat [single],Self-Released,01/21,planetary,clean,single,"Indie Folk, Indie Rock, Singer-Songwriter, Alt-Country, Indie Pop","Bright Eyes, M. Ward, Wilco, Iron & Wine, Andrew Bird, Elliott Smith, MJ Lendermann",♡,03/21
digital,,Babe City,I Love You Forever,self released,01/21,shine on,2,"1, 2, 4, 7","indie pop, dream pop, jangle pop","Alvvays, Wednesday, Bully, Soccer Mommy, Japanese Breakfast",♡♡,03/21
digital,,Common Sage,Closer To;,Equal Vision,01/21,Pirate!,2,"6, 2, 1, 5, 3","alternative-rock, alternative, emo, post-hardcore, Rock, indie","Balance and Composure, Chastity, Title Fight, La Dispute, Touche Amore, Citizen, Movements",♡♡♡,03/21
digital,,Delivery,Force Majeure,Heavenly/[PIAS],01/21,planetary,"3, 6, 11 (Clean Edit Available for #3)","1, 3, 6, 10","Post-Punk, Garage Punk","Uranium Club, Snõõper, Mike Krol, Parquet Courts, Fat Dog, Tropical Fuck Storm",♡♡♡,03/21
digital,,Douglas A. Jackson,A Party in Mumbai [single],Cetroplex Records,01/21,planetary,clean,single,Tishoumaren,"Tinariwen, Tallawit Timbouctou, Etran de L'Aïr",♡,03/21
digital,,Ela Minus,DÍA,Domino,01/21,terrorbird,4,"2, 5, 9, 10","EDM, Electropop, glitch pop, tech house","Jessy Lanza, Kelly Lee Owens, discovery zone, Buscabulla",♡♡♡♡,03/21
digital,,Elephant Stone,Back Into The Garage,Elephants on Parade,01/21,planetary,clean,"1, 2","Neo-Psychedelia, Psychedelic Pop, Indie Pop, Psychedelic Rock","The Black Angels, Pond, Temples, Tame Impala, White Fence, GUM, Levitation Room, The Warlocks",♡♡♡,03/21
digital,,Ethel Cain,Perverts,Daughters of Cain,01/21,The Syndicate,Clean,"2, 5, 9","Dark Ambient, Drone, Spoken Word, Electroacoustic, Slowcore, Doomgaze","yeule, Lucy Dacus, Adrianne Lenker, Fiona Apple",♡♡♡♡♡,03/21
digital,,Flora Hibberd,Swirl,22Twenty,01/21,planetary,clean,"1, 3, 5, 6, 7","Singer-Songwriter, Indie Folk, Indie Pop","Cate Le Bon, Deradoorian, Kate Bollinger, Mega Bog, Aoife Nessa Frances, Madeline Kenney",♡♡,03/21
digital,,jasmine.4.t,You Are The Morning,Saddest Factory,01/21,secretly,7,"2, 7, 11","indie rock, singer songwriter, indie folk","boygenius, julien baker, laura stevenson, squirrel flower",♡♡♡♡,03/21
digital,,lots of hands,into a pretty room,Fire Talk,01/21,terrorbird,"3, 6","2, 4, 10, 11","bedroom pop, slacker rock, folk pop","feeble little horse, Alex G, Horse Jumper of Love",♡♡♡,03/21
digital,,Merry Cherry Bomb,Spring [EP],Mint 400,01/21,Pirate!,,"1, 2, 5","sapphic, 70s rock, bedroom pop, Alternative, electropop","Skating Polly, Wavves, Best Coast, Bleached",♡,03/21
digital,,Moreish Idols,Dream Pixel [single],Speedy Wunderground / [PIAS],01/21,Planetary,clean,single,"Post-Punk, Indie Rock","Shame, The Fall, Squid, Slaves, Fontaines DC, The Murder Capital",♡♡,03/21
digital,,My Morning Jacket,Time Waited [Single],ATO,01/21,The Syndicate,Clean,single,"Indie Muisc, Alt-Country, Neo-Psychedlia","The Smile, Cave In, Young Widows, FATHER JOHN MISTY",♡♡♡♡♡,03/21
digital,,Noonzy,Buffalo [single],[PIAS] Recordings,01/21,Planetary,clean,single,"Bedroom Pop, Singer-Songwriter, Indie Folk, Slacker Rock, Indie Rock","King Krule, Nilüfer Yanya, Spoon, Alex G, GANA, Toko Joyce",♡♡♡,03/21
digital,,Rose Gray,"Louder, Please",Play It Again Sam/[PIAS],01/21,planetary,"6, 9","2, 3, 6, 7, 8","Art Pop, Alt-Pop, Electronic, Downtempo, Ambient Pop","Caroline Polachek, Blue Hawaii, Robyn, Kylie Minogue, Cecile Believe",♡♡♡♡♡,03/21
digital,,Ruud Houweling & Shahzad Ismaily,Below Freezing at 14th Street - Union Square Station [single],Arland Records,01/21,planetary,clean,single,"Chamber Folk, Ghazal, Chamber Jazz, Space Ambient, Art Pop","Arooj Aftab, Feist, Marc Ribot/Ceramic Dog",♡♡♡,03/21
digital,,Sam Akpro,Evenfall [Single],Anti-,01/21,Pirate!,,single,"post punk, Alternative, industrial, country, dub, indie rock","Steve Lacy, Yves Tumor, Nick Hakim, Jelani Aryeh, Blood Orange",♡♡♡,03/21
digital,,Samantha Crain,Dart [Single],Real Kind,01/21,Pirate!,,Single,"indie folk, Folk, Alternative, Americana","he Weather Station, Waxahatchee, Margaret Glaspy, Courtney Barnett, Neko Case, Sharon Van Etten",♡♡♡,03/21
digital,,Songhoy Blues,Heritage,Transgressive/[PIAS],01/21,planetary,clean,"1, 5, 11",Tishoumaren,"Tinariwen, Blake Mills, Will Oldham, Femi Kuti, Matt Sweeney, Amadou & Mariam, Bombino, Junior Kimborough, Oumou Sangaré",♡♡♡,03/21
digital,,Sophie Jamieson,I still want to share,Bella Union,01/21,planetary,clean,"1, 2, 3, 8","Art Pop, Baroque Pop, Progressive Pop, Psychedelic Pop, Singer Songwriter, Dream Pop, Soft Rock","Weyes Blood, Adrienne Lenker, Laura Marling, Karen Dalton, Laura Nyro, Tomberlin",♡♡♡,03/21
digital,,"Reckless, The",Who Are You,Self-Released,01/21,Planetary,clean,1,"Alternative Metal, Funk Metal, Rap Rock, Alternative Rock","The Coup, Rage Against The Machine, Living Colour, Korn, Body Count",♡♡,03/21
digital,,"Weather Station, The",Humanhood,Fat Possum,01/21,planetary,9,"2, 4, 6, 12","Art Pop, Contemporary Folk, Sophisti-Pop, Singer-Songwriter, Chamber Pop","Cassandra Jenkins, Joan Shelley, Julie Byrne, Waxahatchee, Hand Habits, Aldous Harding, Cate Le Bon, Bedouine, Jennifer Castle",♡♡♡♡,03/21
digital,,ZORA,BELLAdonna,Get Better,01/21,terrorbird,use edits,"3, 4, 7, 12","pop rap, trap, alternative r&b","Tierra Whack, Shygirl, Brooke Candy, LSDXOXO",♡♡,03/21
digital,,Ciao Malz,Safe Then Sorry,Audio Antihero,01/28,Planetary,clean,"1, 4","indie pop, Indie Rock, Slacker Rock, Indie Folk, Indie Pop, Noise Pop, Shoegaze","Jordana, Slow Pulp, Indigo De Souza, MJ Lenderman, @, Clairo",♡♡,03/28
digital,,High.,Come Back Down,Kanine,01/28,terrorbird,clean,"1, 2, 7","shoegaze, noise rock, slowcore","Teethe, Nothing, Duster, Alex G",♡♡♡,03/28
digital,,Kat Von D,My Side of the Mountain,self released,01/28,Shine On,4,"1, 2, 6, 9, 11","dance pop, electropop, synthpop","Chelsea Wolfe, Fever Ray, TR/ST, David Lynch",♡♡♡,03/28
digital,,Lambrini Girls,Who Let The Dogs Out,City Slang,01/28,Planetary,"1, 2, 3, 5, 8, 11 (Clean Edits On #2, 3)","2, 3, 9, 10","Riot Grrrl, Garage Punk, Queercore","Amyl and The Sniffers, SPRINTS, Grrrl Gang, Gilla Band, Screaming Females, DITZ ",♡♡♡♡,03/28
digital,,Mogwai,The Bad Fire,Temporary Residence,01/28,Shine On,clean,"1, 2, 4, 9","post rock, shoegaze, space rock, dream pop","Sigur Ros, Godspeed you! Black Emperor, Tim Hecker",♡♡♡♡,03/28
digital,,Paint,Gift Shop [EP],self released,01/28,terrorbird,clean,"2, 3, 6","jangle pop, dream pop, noise pop","Alvvays, Beach Fossils, Slow Pulp, The Beths",♡♡,03/28
digital,,Queenie,New Moult,Cheersquad Records & Tapes,01/28,Planetary,clean,"2, 3, 10","Glam Rock, Pop Rock, Indie Rock, Baroque Pop, Progressive Pop, Chamber Pop ","The Last Dinner Party, Kate Bush, The Weather Station, Orla Gartland, Florence + The Machine, Marika Hackman",♡♡,03/28
digital,,total tommy,bruises,Play It Again Sam / [PIAS],01/28,Planetary,"2, 3, 8, 9, 5 (Clean edits available)","1, 2, 3, 7, 8","Pop Rock, Indie Rock ","Wishy, Georgia Gets By, Lutalo, zzzahara, Momma, Beach Vacation, CASTLEBEAT, flipturn, Junior Varsity, Porches",♡♡♡,03/28
digital,,White Denim,12,Bella Union,01/28,Planetary,3,"1, 5, 6, 9","Jazz-Rock, Indie Rock, Yacht Rock, Funk Rock, Rhythm and Blues, Neo-Psychedelia","Woods, King Tuff, King Gizzard & The Lizard Wizard, Temples, Unknown Mortal Orchestra",♡♡♡♡,03/28
digital,,A.L. West,“Nothing at All” b/w “Rabbitbrush 2”,SPIRIT RESEARCH,02/04,tiger bomb,clean,"1, 2","Bedroom Pop, Singer-Songwriter, Slacker Rock, Indie Folk, Slowcore, Neo-Psychedelia ","Alex G, Bonny Doon, Hovvdy, Teethe, Horse Jumper of Love, villagerrr",♡♡,04/04
digital,,Babe Rainbow,Like Cleopatra [single],pdoom records / Virgin,02/04,planetary,clean,single,"Psychedelic Pop, NeoPsychedelia","Mild High Club, Unknown Mortal Orchestra, of Montreal, King Gizzard & The Lizard Wizard, Connan Mockasin",♡♡♡♡,04/04
digital,,Bay Faction,"thanks, for waiting",VERSION III,02/04,tiger bomb,"3, 5 (clean version)","1, 4, 5 (clean)","Emo pop, indie rock","Joy Again, Current Joys, Royel Otis, BRONCHO",♡♡♡,04/04
digital,,Bonnie 'Prince' Billy,The Purple Bird,No Quarter,02/04,shine on,none,"1, 2, 9, 12","alt country, contemporary folk, americana","andrew bird, iron & wine, kurt vile, jeff tweedy, laura marling",♡♡♡♡,04/04
digital,,Bonnie Trash,Hellmouth [single],Hand Drawn Dracula,02/04,planetary,clean,single,"Darkwave, Post-Industrial, Trip Hop, Industrial Rock, Gothic Rock","Chelsea Wolfe, Zola Jesus, Angel Olsen, Ethel Cain, Lingua Ignota, Godspeed! You Black Emperor, Diamanda Galás, Siouxsie & The Banshees, PJ Harvey, EMA",♡♡,04/04
digital,x (PHL),Cigarrettes For Breakfast,Slow Motion,Abandon Everything Records,02/04,,,"1, 3, 5, 6, 7, 8","Shoegaze, Dream Pop, Alt Rock, Psychadelic","Slowdive, MBV, Doused, Wisp, TGABOW, Knifeplay, So Totally",♡♡♡,04/04
digital,,Courting,After You [single],Lower Third / [PIAS],02/04,planetary,clean,single,"Indie Rock, Post-Punk Revival, Pop Rock, Indietronica","The Dare, Yard Act, Bloc Party, Squid",♡♡♡,04/04
digital,,Christian Sean,Hallelujah Showers,Bon Sound,02/04,planetary,2 (clean available),"3, 5","Art Pop, Electronic Dance Music, Trance, Dance-Pop, Alternative R&B, Glitch Pop","FKA Twigs, Clarence Clarity, Caroline Polachek, Yves Tumor, Blood Orange, Tame Impala, Animal Collective",♡♡♡,04/04
digital,,False Heads,Cracked [single],No Fret Records,02/04,planetary,dirty (clean available),single,"Garage Rock Revival, Indie Rock, Post-Punk Revival, Dance-Punk","Arctic Monkeys, Queens of the Stone Age, The Libertines, Band of Skulls, Frank Turner",♡♡♡,04/04
digital,,Gus Englehorn,The Hornbook ,Secret City,02/04,Pirate!,,"3, 5, 2, 7","Avant-pop, surreal garage pop, alternative, indie rock","Mac DeMarco, Islands, of Montreal, The Magnetic Fields, Geordie Greep, Cameron Winter",♡♡,04/04
digital,,Harkness,Come And Get It [SINGLE],Windchild,02/04,Pirate!,clean,single,"Alternative Rock, Psychedelic Rock, Indie Rock","King Gizzard & The Lizard Wizard, The Flaming Lips, The Bug Club, The Lemon Twigs, Foxygen",♡,04/04
digital,,KNEECAP,H.O.O.D. 2025,[PIAS],02/04,planetary,Dirty (Excluding Instrumentals),"1, 3","Punk Rock, Hardcore Hip Hop, Conscious Hip Hop, Grime, Hardcore Punk, Rap ","Bob Vylan, Sleaford Mods, The Streets, Fat Dog, Fontaines D.C., IDLES",♡♡♡♡,04/04
digital,,L.S. Dunes,Violet,Fantasy/Concord,02/04,The Syndicate,Clean,"4, 10, 8, 5","Post-Hardcore, Alt Rock, Emo, Hard Rock","Militarie Gun, Us in Motion, Wednesday, Hum",♡♡♡♡,04/04
digital,,Lilies on Mars & Stefano Guzzetti,Shine,Mint 400,02/04,Pirate!,,"1, 3, 4","cosmic pop, dream pop, psychedelic pop, alt","Blonde Redhead, Slowdive, Mazzy Star, Weyes Blood, Dum Dum Girls",♡♡,04/04
digital,,Lily Talmers,"It Is Cyclical, Missing You",Self released,02/04,terrorbird,"7, 13","3, 4, 5","indie folk, indie rock, folk rock","Big Thief, hemlock, Lucy Dacus, Phoebe Bridgers",♡♡,04/04
digital,,Lowland Hum,Another Side of Lowland Hum,self released,02/04,tiger bomb,clean,"1, 2, 3, 9","Indie Folk, Singer-Songwriter, Orchestral","Gregory Alan Isakov, Aoife O'Donovan, River Whyless, The Paper Kites",♡♡♡,04/04
digital,,Mamalarky,Feels So Wrong [single],Epitaph,02/04,terrorbird,clean,single,"indie rock, neo psychedelia, bedroom pop","Palm, fantasy of a broken heart, Mia Joy, Wombo",♡♡♡,04/04
digital,,Maude Audet,Along The Road [single],Bravo Musique,02/04,planetary,clean,single,"Chamber Folk, Indie Folk, Indie Rock ","Florist, Lomelda, Les Hay Babies, Haley Heyndericx",♡♡♡,04/04
digital,,Samia,Bovine Excision [single],Grand Jury,02/04,planetary,clean,single,"Indie Pop, Singer-Songwriter, Indie Folk, Alt-Pop, Ambient Pop","Miya Folick, Haley Blais, Squirrel Flower, Claud, Kate Kirby",♡♡♡♡,04/04
digital,,The Convenience,I Got Exactly What I Wanted [single],Winspear,02/04,planetary,clean,single,"Indie Rock, Art Punk, Post-Punk, Dance-Punk, New Wave","Parquet Courts, Blur, Omni, Partner",♡♡♡,04/04
digital,x (PHL),Grayscale,The Hart,Infield,02/04,The Syndicate,11,,"Pop Punk, Alternative, Rock, Emo Revival","The Beths, Avril Lavigne, Waterparks, Meet Me @ The Alter",♡♡♡♡,04/04
digital,,Borderline,Heartbeat [single],self released,2/11,planetary,clean,single,"Indie Pop, New Rave, Indietronica, Post-Punk Revival, Dance-Punk","Two Door Cinema Club, Phoenix, The 1975, Hippo Campus, The Killers, Air Traffic Controller",♡♡♡,04/11
digital,,Dax Riggs,7 Songs For Spiders,Fat Possum,2/11,planetary,clean,"1, 2, 4, 6","Sludge Metal, Stoner Metal, Doom Metal","Acid Bath, Queens of The Stone Age, The Hard Quarter, Guided By Voices, Ween",♡♡♡,04/11
digital,,Frog Eyes,"Television, A Ghost In My Head [single]",Paper Bag,2/11,planetary,clean,single,indie rock,"Destroyer, Eels, Dr. Dog, Wolf Parade, Devendra Banhart, The National",♡♡,04/11
digital,,Guided By Voices,Universe Room,GBVinc,2/11,planetary,clean,"4, 6, 8, 13","Indie Rock, Power Pop, Singer-Songwriter, Slacker Rock, Art Rock ","Car Seat Headrest, Ty Segall, Bob Mould, Superchunk, Sebadoh, The Who, Big Star, Wire",♡♡♡♡,04/11
digital,,Heartworms,Glutton For Punishment,Speedy Wunderground/[PIAS],2/11,planetary,clean,"3, 5, and 6","Glitch Pop, Art Pop, Folktronica, Chamber Pop, Progressive Pop","Sorry, Jockstrap, Gurriers, Fat Dog, Moreish Idols, La Sécurité",♡♡♡,04/11
digital,,Jeannie Piersol,The Nest,High Moon,2/11,planetary,clean,"3, 1, 2, 11","Chamber Folk, Singer-Songwriter, Folk Pop, Traditional Folk Music","Vashti Bunyan, Linda Perhacs, Jessica Pratt, Judee Sill, Lee Hazelwood, Lottie Golden",♡♡,04/11
digital,,"Laughing Chimes, The",Whispers In The Speech Machine,Slumberland,2/11,terrorbird,clean,"4, 5, 6","indie rock, shoegaze, grunge","Spiral XP, Women, Deerhunter, Swirlies",♡♡♡,04/11
digital,,Mon Rovia,Act 4: Atonement,Nettwerk,2/11,planetary,clean,"1, 5, 4","Indie Folk, Singer-Songwriter, Americana, Chamber Folk, Contemporary Folk, Alt-Country","Hazlett, Sufjan Stevens, Gregory Alan Isakov, Noah Kahan",♡♡♡♡♡,04/11
digital,,New Orthodox,Bull Market on Corn,Joyful Noise,2/11,tiger bomb,"1, 3, 4, 5","5, 7, 8","Singer-Songwriter, Alternative Rock","Xiu Xiu, Nick Cave, Death In June, Laurie Anderson, Scott Walker, Shellac",♡♡,04/11
digital,,Oklou,choke enough,True Panther,2/11,terrorbird,clean,"4, 6, 8, 11","alt-pop, electronic, alternative r&b","FKA Twigs, Eartheater, underscores",♡♡♡♡♡,04/11
digital,,Penny and Sparrow,Lefty,Thirty Tigers,2/11,shine on,clean,"1, 9, 12, 13, 17","indie folk, singer songwriter, contemporary folk","iron & wine, andy shauf, father john misty, wild pink",♡♡♡♡,04/11
digital,,Rats on Rafts,Deep Below,Fire,2/11,shine on,clean,"2, 3, 9","post punk, new wave","the cure, joy division, new order",♡♡,04/11
digital,,Rosier,elle veille encore,self released,2/11,planetary,clean,"2, 7, 8","Soft Rock, Singer-Songwriter, Indie Rock, Alt-Country, Lounge","Faye Webster, Camera Obscura, lots of hands, Frankie Cosmos",♡♡♡,04/11
digital,,Skeleten,Mentalized,2MR,2/11,terrorbird,use edits,"2, 7, 8","indietronica, dance pop","Yves Tumor, Everything But The Girl, Toro Y Mo",♡♡♡♡,04/11
digital,,Sly Withers,The Band Sly Withers,self released,2/11,planetary,"2, 5, 7, 8, 9, 11, 14","1, 4, 10, 14","Indie Rock, New Wave, Post-Punk Revival, Synthpop","The Strokes, Tokyo Police Club, The Snuts, Blossoms",♡♡♡,04/11
digital,,Squid,Cowards,Warp,2/11,terrorbird,3,"1, 2, 6, 8","post rock, art rock, krautrock, post punk","Black Country New Road, Brian Eno, The Smile, Crack Cloud",♡♡♡♡,04/11
digital,,The Ocelots,"Everything, When Said Slowly",self released,2/11,shine on,clean,"2, 4, 6","indie pop, twee pop, chamber pop","belle and sebastian, sufjan stevens, oracle sisters 22* halo",♡♡♡,04/11
digital,,Zack Keim,Battery Lane,Super Sport,2/11,tiger bomb,clean,"1, 2, 3, 7","indie rock, garage rock","The Nude Party, The Strokes, The Shivas, King Tuff, Cut Worms, Nick Waterhouse",♡♡♡,04/11
digital,,Arc De Soleil,Sunchaser [single],Maison,2/18,Co-Sign,clean,single,"Neo-Psychedelia, Lounge, Funk Rock, Exotica","Khruangbin, Glass Beams, Tame Impala, Menahan Street Band, Unknown Mortal Orchestra, James Blake, Tom Misch",♡♡♡♡♡,4/18
digital,,Art D'Ecco,Serene Demon,Paper Bag,2/18,Planetary,clean,"1, 5, 7","glam rock, art rock","Foxygen, Lemon Twigs, Perfume Genius, U.S. Girls, MGMT, St. Vincent, Connan Mockasin, Girls",♡♡♡,4/18
digital,,Betty Taylor,Young Dumb Immature,Hello Gardner,2/18,Planetary,clean,"3, 5, 6","indie rock, noise rock","Sorry, Jockstrap, Gurriers, Fat Dog, Moreish Idols, La Sécurité",♡♡,4/18
digital,,Brother Ali,Satisfied Soul,Mello,2/18,Co-Sign,clean,"2, 12, 14, 5, 16","Hip-Hop, ","Lupe Fiasco, Mick Jenkins, Common, Big K.R.I.T., Atmosphere, Immortal Technique",♡♡♡♡,4/18
digital,x (PHL),Denison Witmer,Anything At All,Asthmatic Kitty,2/18,Tiger Bomb,clean,"1, 2, 3, 8","Singer-Songwriter, Folk","Sufjan Stevens, Damien Jurado, David Bazan, Angelo De Augustine, Iron & Wine, Field Medic",♡♡♡♡,4/18
digital,,Fernie,Hopeless Dreams,Secret City,2/18,Co-Sign,clean,"1, 3, 5",R&B + Soul,"Moses Sumney, FKA Twigs, Yseult, Frank Ocean",♡♡♡,4/18
digital,,fish narc,frog song,K,2/18,terrorbird,clean,"1, 2, 3","alt rock, pop punk, emo","Wicca Phase Springs Eternal, Corbin, quannnic, lil peep, Citizen",♡♡♡♡,4/18
digital,,Frog,1000 Variations on the Same Song,Audio Antihero,2/18,Planetary,clean,"3, 5, 6","Slacker Rock, Indie Rock, Alt-Country, Indie Folk","MJ Lenderman, Jonathan Richman, Horse Jumper of Love, Silver Jews, Wednesday",♡♡♡♡,4/18
digital,,Hifi Sean & David McAlmont,Twilight,Plastique,2/18,Planetary,clean,"2, 6, 8, 10","house, indietronica","Joe Goddard, Justice, Palms Trax, Laurence Guy, Jordan Rakei, Tom Misch",♡♡,4/18
digital,,Hollie Kenniff,For Forever,Nettwerk,2/18,Planetary,clean,"1, 3, 6, 9","Ambient, Drone","Laura Misch, Harold Budd, Laurel Halo, Daniel Lopatin",♡♡♡♡,4/18
digital,x (PHL),Hour,Subminiature,Dear Life,2/18,Tiger Bomb,clean,"1, 2, 10, 11, 14","Chamber Folk, Post-Rock","Tortoise, Rachel's, Balmorhea, Do Make Say Think",♡,4/18
digital,x (PHL),Joontoon,low poly// [EP],self released,2/18,n/a,1,"3, 4","alt pop, dance pop, hyperpop","pinkpanthress, new jeans, nia archives",♡,4/18
digital,,Maia Friedman,New Flowers,Last Gang,2/18,Co-Sign,clean,"1, 2","Singer-Songwriter, Indie Folk, Folk Rock, Indie Rock","Sharon Van Etten, Mitski, Julia Jacklin, Ada Lea, Coco",♡♡♡,4/18
digital,,Marinero,La La La,Hardly Art,2/18,Co-Sign,clean,"2, 8, 4, 5","indie pop, latin, bedroom pop, world","Paul Cherry, Divino Niño, Bruno Berle, Molly Lewis, Kaina, Allah-Las",♡♡♡,4/18
digital,,Maude Audet,Blue Tears,Bravo Musique,2/18,Planetary,clean,3,"Singer-Songwriter, Indie Folk, Slowcore, Ambient, Field Recordings","Florist, Lomelda, Les Hay Babies, Haley Heyndericx",♡♡,4/18
digital,,Mereba,The Breeze Grew A Fire,Secretly Canadian,2/18,Co-Sign/Secretly,clean,"1, 3, 12","soul, R&B","NAO, Cleo Soul, Raveena, Ravyn Lenae, Jamila Woods, Madison McFerrin",♡♡♡♡♡,4/18
digital,,Mild Minds,GEMINI,Foreign Family Collective,2/18,Co-Sign,clean,"3, 2, 1, 7, 6",EDM/Electronic,"Ben Böhmer, Logic1000, Romy, Flume, Pretty Girl, ford.",♡♡♡♡♡,4/18
digital,,Mochakk,From the Stars,Ninja Tune,2/18,Co-Sign,clean,"1, 2",EDM/Electronic,"Sofia Kourtesis, Key N Krates, Floating Points, KAYTRANADA, Machinedrum, Jaime xx",♡♡♡♡♡,4/18
digital,,Obongjayar,Not In Surrender [single],September,2/18,Co-Sign,clean,single,"Alt-Pop, Contemporary R&B, Alternative R&B, Neo-Soul, Dance-Pop","Omar Apollo, Arlo Parks, Sampha, MICHELLE, Sudan Archives, Nilüfer Yanya, Priya Ragu, Little Simz",♡♡♡♡♡,4/18
digital,,Oracle Sisters,Divinations,Wizard Artists,2/18,Shine On,clean,"1, 2, 3, 4","psych pop, psych folk","khruangbin, grizzly bear, whitney, drugdealer, strongboi",♡♡♡♡♡,4/18
digital,,Robert Ascroft,Echo Still Remains,Hand Drawn Dracula,2/18,Planetary,clean,"1, 2, 3, 8","Dream Pop, Indie Pop, Neo-Psychedelia, Ethereal Wave","Chromatics, Beach House, SQÜRL, Luna, Dean & Britta",♡♡,4/18
digital,,ROZET,Head,Young Art,2/18,Co-Sign,clean,"5, 8, 7, 6, 3",R&B + Soul,"Channel Tres, Machinedrum, Rochelle Jordan, TOKiMONSTA, Labyrinth, Jasper Tygner, Art School Girlfriend, Crystal Murray",♡♡♡,4/18
digital,,Salami Rose Joe Louis,Inside,Brainfeeder,2/18,Co-Sign,clean,"1, 2","Baroque Pop, Art Pop, Ambient, Progressive Pop, Singer-Songwriter, Dream Pop, Soft Rock","L'Rain, Helado Negro, Weyes Blood, Nick Hakim, Gia Margaret, Okay Kaya",♡♡♡♡,4/18
digital,,spill tab,Angie,Because,2/18,Co-Sign,clean,"1, 10, 11","Synthpop, Neo-Psychedelia, Alternative Dance, Chillwave, Dance-Pop, Progressive Pop, Pop Rock","Magdalena Bay, ill peach, Samia, Sales, Remi Wolf, Sir Babygirl, Goth Babe",♡♡♡♡,4/18
digital,,Thala,Avalanche,Fire,2/18,Shine On,10,"3, 4, 5","indie rock, singer songwriter","beabadoobee, soccer mommy, clairo, ethel cain",♡♡♡♡,4/18
digital,,"Velveteers, The",A Million Knives,Easy Eye Sound/Concord,2/18,Co-Sign,clean,"10, 2, 4, 5","Power Pop, Indie Rock","The Beths, Cults, Pom Pom Squad, Wet Leg, Sunflower Bean, Caroline Rose, Mattiel, Momma",♡♡♡♡,4/18
digital,,"Tucker Zimmerman ft. Big Thief, lji, Twain",Dance of Love,n/a,2/18,Beggars,clean,"5, 3, 2, 1","folk, country, indie pop",n/a,♡♡♡,4/18
digital,,venturing,ghostholding,deadAir,2/18,terrorbird,"3, 6, 13","5, 11, 12","shoegaze, indie rock, emo, slacker rock","Jane Remover, Bedlocked, Knifeplay, untitled (halo)",♡♡♡,4/18
digital,,Vulture Feather,It Will Be Like Now,felte,2/18,Tiger Bomb,clean,"1, 3, 5","Post-Punk, Art Punk, Darkwave","Wilderness, Preoccupations, Protomartyr, FACS, Unwound",♡♡,4/18
digital,,Anxious,Bambi,Run for Cover,2/25,terrorbird,9*,"1, 3, 4, 6","emo, pop punk, alt rock","One Step Closer, Fiddlehead, Title Fight, Militarie Gun",♡♡♡♡,4/25
digital,,Baths,Gut,Basement's Basement,2/25,terrorbird,use edits,"2, 4, 8, 10","indietronica, glitchpop, folktronica","Perfume Genius, Smerz, Caribou, Photay, Bibio",♡♡♡♡,4/25
digital,,bdrmm,Microtonic,Rock Action,2/25,shine on,clean,"2, 3, 4, 9","shoegaze, dream pop, post punk","diiv, mogwai, my bloody valentine, wild nothing, nation of language",♡♡♡♡,4/25
digital,,Dead Gowns,"It's Summer, I Love You, and I'm Surrounded by Snow",Mtn Laurel Recording Co.,2/25,tiger bomb,clean," 1, 2, 3, 6, 10","singer-songwriter, garage folk, indie","hemlock, Big Thief, Wye Oak, Angel Olsen, Julia Jacklin, Merce Lemon, PJ Harvey",♡♡♡,4/25
digital,,Kap Bambino,No Domination,Cleopatra,2/25,planetary,clean,"1, 9","electropunk, glitchpop, synth-pop, tripwave, witch house","Alice Glass/Crystal Castles, HEALTH, Fever Ray/The Knife, Sky Ferreira, 100 gecs, Magdalena Bay, Melody's Echo Chamber",♡♡♡,4/25
digital,,Kook Joey,Losing Limits,self-released,2/25,planetary,clean,"2, 3, 4","indie, dream pop, alternative indie","Maggie Rogers, Renforshort, Beabadoobee, Willow Avalon",♡♡♡,4/25
digital,,lovetempo,Live Or Die By Love,toucan sounds,2/25,tiger bomb,clean,1,"indietronica, electronic","Justice, Cut Copy, Toro y Moi, Poolside, Twin Shadow, The Rapture, Justice, Frankie Knuckles",♡♡♡,4/25
digital,,Masma Dream World,PLEASE COME TO ME,Valley of Search,2/25,shine on,clean,"3, 5, 6, 7","dark ambient, drone","zola jesus, alice coltrane, alan vega, pharmakon",♡♡♡,4/25
digital,,Nell Smith,Anxious [single],Bella Union,2/25,planetary,clean,single,"indie, dream pop, bedroom pop","The Flaming Lips, Soccer Mommy, Nilüfer Yanya, Maz, Feist, Jordana, Japanese Wallpaper, Shamir",♡♡♡,4/25
digital,,Q Lazzarus,Goodbye Horses: The Many Lives of Q Lazzarus,Sacred Bones,2/25,terrorbird,clean,"1, 2, 3","new wave, synthpop","Grace Jones, New Order, Geneva Jacuzzi",♡♡♡♡,4/25
digital,,Samia,Lizard [single],Grand Jury,2/25,planetary,clean,single,"indie rock, pop, alternative","Miya Folick, Haley Blais, Squirrel Flower, Claud, Kate Kirby",♡♡♡♡,4/25
digital,,Wishy,Fly / Planet Popstar,Winspear,2/25,planetary,clean,"1, 2","indie rock, alternative","Momma, Been Stellar, Joyer, Steel Wool, This is Lorelei, Friko, Honeyglaze, Wednesday",♡♡♡♡,4/25
digital,,Youth Lagoon,Rarely Do I Dream,Fat Possum,2/25,planetary,3*,"2, 3, 6, 8","neo-psychedelia, dream pop, noise pop, indie rock, and alternative/indie rock","Beach House, MGMT, 22° halo, Lots of Hands, Georgia Gets By, piglet, Cate Le Bon, Arthur Russell",♡♡♡♡,4/25
digital,,Cloakroom,Last Leg of the Human Table,Closed Casket Activities,3/4,terrorbird,clean,"4, 6, 7","shoegaze, doomgaze, dream pop","Cold Gawd, Greet Death, NOTHING, High., Ovlov",♡♡♡,5/11
digital,,Star 99,Gaman,Lauren Records,3/4,terrorbird,1,"3, 5, 8","shoegaze, indie rock, noise rock","Wishy, Bnny, she's green, youbet",♡♡♡,5/11
digital,x (PHL),KAUSE,Thy Fair Maiden,Self-Released,3/4,,Edit,Single,"R&B, Pop Rap, East Coast Hip Hop, Conscious Hip Hop","Tyler, the Creator, Raveena, Orion Sun, reveal, MAVI",♡,5/25
digital,,Darwin Chamber X DJ Spun,Episode One and Episode Two,Self-Released,3/4,terrorbird,clean,"1, 7, 8","Deep tech, EDM, House","Octo Octa, The Crytsal Method, Fatboy Slim, Tim Reaper",♡♡,5/11
digital,,"Men, The",Buyer Beware,Fuzz Club,3/4,shine on,"2, 7","1, 3, 5","indie rock, noise rock, garage rock","ty segall, preoccupations, obits, no age, total control",♡♡♡,5/11
digital,,"Chills, The",Spring Board: The Early Unrecorded Songs,Fire,3/4,shine on,clean,"1, 3, 13","jangle pop, indie pop","the church, the feelies, the cure, current joys",♡♡♡,5/11
digital,,Moonweather,Fall in the Void,Self-Released,3/4,shine on,clean,"1, 2, 3, 12","indie folk, indie rock, folk rock","wild pink, war on drugs, andy shauf, iron & wine",♡♡♡,5/11
digital,,Deep Sea Diver,Billboard Heart,Sub Pop,3/4,shine on,clean,"1, 4, 8","indie rock, indie pop","sharon van etten, caroline rose, bully, waxahatchee",♡♡♡♡,5/11
digital,,Cornelia Murr,Run to the Center,22Twenty,3/4,shine on,clean,"1, 2, 3, 4, 10","indie folk, dream pop, indie pop","beach house, katy kirby, weyes blood, cocteau twins",♡♡♡♡,5/11
digital,,Cheekface,Middle Spoon,Self-Released,3/4,Pirate!,"1, 6, 7, 8, 11, Edit","1, 7, 2, 4, 9","Alternative, Indie Rock, Talk Singing","Pavement, Jeff Rosenstock, The Front Bottoms, Slaughter Beach Dog, Lou Reed, Cake, Talking Heads",♡♡♡,5/11
digital,,Fair Panic,Love Could [EP],Mint 400,3/4,Pirate!,,"1, 2","Alternative, Dance, Electric, Baroque Rock, Pop Rock","Heart, Blondie, Be Your Own Pet, Starcrawler",♡,5/11
digital,,Gully Boys,Love Me 2 [Single],Smartpunk,3/4,Pirate!,,single,"Indie Rock, Punk Rock, ""Grunge""","Amyl and The Sniffers, Destroy Boys, Pinkshift, THICK, VIAL, Be Your Own Pet",♡♡♡,5/11
digital,,Model/Actriz,Cinderella [Single],True Panther/Dirty Hit,3/4,Pirate!,,Single,"Experimental, nowave, dance, industrial, noise, post-punk","Black Midi, Mandy Indiana, Xiu Xiu, Nine Inch Nails, Tropical F*ck Storm, Lightning Bolt",♡♡♡♡,5/11
digital,,New Translations,Vacation,War Bruddha/Warner,3/4,Pirate!,"5, Edit","1, 11, 8, 3, 6","Indie Pop, Dance Music, Indie Rock, Synth Pop","Joywave Foreign Air, Portugal The Man, Bleachers, Cal In Red, Husbands",♡♡♡,5/11
digital,,Pale Blue Eyes,New Place,We Are Busy Bodies,3/4,Pirate!,,"3, 5, 7, 1","Alternative, Dream pop, Indie Rock, Synthwave, ","Ride, GIFT, Wild Nothing, Darksoft, Film School, bdrmm",♡♡♡,5/11
digital,,Ezra Furman,Grand Mal [single],Bella Union,3/4,Planetary,clean,single,"indie pop, indie rock, dream pop, alternative","Perfume Genius, Art d'Ecco, Laura Jane Grace, Car Seat Headrest, Eels",♡♡♡♡,5/11
digital,,No Windows,Return [single],Fat Possum,3/4,Planetary,clean,single,"indie rock, post-punk, art-punk, dance punk","Sorry, Soccer Mommy, Wolf Alice, Big Thief, Adrianne Lenker, Honeyglaze, New Dad, Gretel Hanlyn, Porridge Radio, The Orielles, Camera Obscura, Mazzy Star",♡♡,5/11
digital,,The Tumblers,Starlight [single],Summit,3/4,Planetary,clean,single,"indie pop, jangle pop, twee, neo-psychedelia, psych-pop","The Shins, John K. Samson, Belle and Sebastian, Nate Reuss, Violent Femmes, The Mountain Goats",♡♡,5/11
digital,,Double Wish,Deeper Ecstasy,Hit The North,3/4,Planetary,5,"1, 2","bedroom pop, indie surf, jangle pop","DIIV, Beach Fossils, Real Estate, Surfer Blood, snow ellet",♡♡,5/11
digital,,Bonnie Trash,Mourning You,Hand Drawn Dracula,3/4,Planetary,clean,"2, 3, 4, 7","dream pop, slowcore, singer-songwriter, post-rock, americana, ethereal wave","Chelsea Wolfe, Zola Jesus, Angel Olsen, Ethel Cain, Lingua Ignota, Godspeed! You Black Emperor, Diamanda Galás, Siouxsie & The Banshees, PJ Harvey, EMA",♡♡,5/11
digital,,Mallrat,Light Hit My Face Like A Straight Right,Nettwerk,3/4,Planetary,clean,"2, 7, 10, 12","pop, electropop, and hyperpop","Cub Sport, Remi Wolf, MUNA, Arlo Parks, Charli XCX, The Aces",♡♡♡♡♡,5/11
digital,,Last Waltzon,Wethouse,Self-Released,3/4,Planetary,"2, 4","1, 5, 12, 2","punk, grunge, alt rock, proto-punk","Women, Wipers, Fat White Family, The Fall, OMNI",♡♡,5/11
digital,,Shelf Lives,No Idea,Modern Sky UK,3/4,Planetary,dirty*,2,"Alt rock, Punk, grunge, Progressive Pop, Art Pop","Heartworms, Peaches, Sneaks, Automatic, Le Tigre",♡♡♡,5/11
digital,,Julian Neel,Gallery Show,Cloak Fern,3/4,Tiger Bomb,clean,"1, 4, 3","indie pop, indie rock, dream pop, alternative","Twain, Cass McCombs, Andy Shauf, S. Carey, Angelo De Augustine, Sam Evian",♡♡,5/11
digital,,Monde UFO,Flamingo Tower,Fire,3/11,shine on,"1, 7","3, 6, 10","neo psychedelia, indietronica, dream pop","Broadcast, Stereolab, Sun Ra, Flaming Lips",♡♡♡,5/11
digital,,SASAMI,Blood On the Silver Screen,Domino,3/11,terrorbird,1,"1, 2, 5, 9","pop rock, alt rock, dance pop, alt pop","Nilüfer Yanya, Miya Folick, girlpuppy",♡♡♡♡,5/11
digital,,Lust for Youth & Croatian Armor,All Worlds,Sacred Bones,3/11,terrorbird,clean,"3, 6","future garage, indietronica, ambient","Black Marble, Jenny Hval, HTRK, Everything But The Girl",♡♡♡,5/11
digital,,Chase Petra,Lullabies for Dogs,Wax Bodega,3/11,terrorbird,clean,"1, 4, 11","indie pop, indie rock","Mal Blum, bugsy, Pollyana, Sorry Mom, Small Crush",♡♡♡♡,5/11
digital,,Kedr Livanskiy,Myrtus Myth,2MR,3/11,terrorbird,clean,"3, 6, 8","Hypnagogic Pop, Sophistipop, Alternative R&B","Sassy 009, Lust for Youth, Jessy Lanza",♡♡♡,5/11
digital,,"Burning Hell, The",Ghost Palace,You've Changed,3/11,terrorbird,clean,"2, 4, 6","indie folk, neo psychedelia, dance punk","Cheekface, Of Montreal, Violent Femmes",♡♡♡,5/11
digital,,Sharon Van Etten & The Attatchment Theory,Sharon Van Etten & The Attatchment Theory,Jagjaguwar,3/11,secretly,"8, 10","2, 3, 4","new wave, indie rock, post punk","Perfume Genius, Laura Marling, TORRES, Youth Lagoon",♡♡♡♡♡,5/11
digital,x (PHL),Eraser,Hideout,self-released,3/11,--,"4, 5",,,,♡,5/11
digital,,Courting,"Lust For Life, Or: How To Thread The Needle And Come Out The Other Side To Tell The Story",Lower Third,3/18,Terrorbird/Planetary,clean,"3, 4, 6","indie rock, post punk revival, dance punk","shame, parquet courts, squid, viagra boys, protomartyr",♡♡♡,5/18
digital,,feeble little horse,This Is Real [single],Saddle Creek,3/18,Terrorbird,clean,single,"noise pop, slacker rock, shoegaze","kero kero bonito, weatherday, julie, speedy ortiz",♡♡♡♡,5/18
digital,,GING NANG BOYZ,Blew Blue [EP],Lauren,3/18,Terrorbird,clean,"2, 4, 6","pop punk, noise rock, power pop","Penpals, The Pillows, Dinosaur Jr, Superchunk",♡♡♡♡,5/18
digital,,Prostitute,Attempted Martyr,deadAir,3/18,Terrorbird,censor manually,"2, 3, 5","noise rock, post hardcore, industrial rock","Haram, YHWH Nailgun, Chat Pile, Model/Actriz",♡♡♡,5/18
digital,,clipping,Dead Channel Sky,Sub Pop,3/18,shine on,use edits/censor manually,"3, 4, 11, 19","industrial hip hop, edm, glitch, experimental hip hop","Death Grips, Aesop Rock, Run The Jewels, Xiu Xiu",♡♡♡♡,5/18
digital,,Throwing Muses,Moonlight Concessions,Fire,3/18,shine on,"8, 9","1, 2, 7","alt rock, singer songwriter","cat power, waxahatchee, lucinda williams, liz phair",♡♡♡♡,5/18
digital,,Sunbathe,Myself To You,Time Release,3/18,shine on,clean,"1, 2, 3, 6","indie folk, singer songwriter, indie pop","alvvays, dead gowns, angel olsen, katy kirby",♡♡,5/18
digital,,ProleteR,Temperamental Cats,Prolance,3/18,shine on,clean,"1, 2, 3, 7, 11","electro-swing, swing hop, edm","the avalanches, wax tailor, gorillaz, caribou",♡♡♡♡,5/18
digital,,Taylor Art,Falling Out of Orbit,self released,3/18,Terrorbird,clean,"4, 6, 7","electronic, progressive house, techno","Aphex Twin, The Chemical Brothers, Caribou",♡,5/18
digital,,Adult Mom,Crystal [Single],Epitaph,3/18,Pirate!,Clean,single,"Singer-songwriter, Indie Rock, Alt Pop","Girlpool, Frankie Cosmos, Mitski, Soccer Mommy, Diet Cig, The Ophelias, Great Grandpa",♡♡♡,5/18
digital,,Harkness,Falling [Single],Windchild,3/18,Pirate!,Clean,single,"Alternative, Psychedelic Rock, Indie Rock, Indie Pop","King Gizzard & The Lizard Wizard, The Flaming Lips, The Bug Club, The Lemon Twigs, Foxygen",♡,5/18
digital,,Matt Berninger,Bonney Of Pins [Single],Book/Concord,3/18,Pirate!,Edit,Single,"Chamber Pop, Singer-songwriter, Indie Rock","he National, Destroyer, Broken Social Scene, The War On Drugs, Hamilton Leithauser, Phosphorescent",♡♡♡♡,5/18
digital,,mclusky,people person [Single],Ipecac,3/18,Pirate!,Edits,single,"prepunk, postpunk, noise rock","Hot Snakes, The Jesus Lizard, Les Savy Fav, Pissed Jeans, Metz, Titus Andronicus, Idles",♡♡♡,5/18
digital,,Trip Sitter,"Then Again, It Never Was",self released,3/18,Pirate!,"1, 2 (edits)","3, 7, 6, 4","Alt Rock, Psycheleic, Emo, Post-Hardcore","Kestrels, Bright Eyes, Cloud Nothings, Hotline TNT, Foxing, Turnover",♡♡,5/18
digital,,Two-Man Giant Squid,Two-Man Giant Squid,Mint 400,3/18,Pirate!,1 (edit),"2, 3, 7, 1","Punk, Psych, gage Rock, Dance-punk, Post-punk","Fontaines DC, Gustaf, Pile, Parquet Courts, Wavves",♡♡,5/18
digital,,Royal Chant,Be Your Own Boss,Dirty Mab,3/18,Planetary,clean,"1, 2, 5, 6, 10","indie rock, slacker rock, power pop, jangle pop","Guided By Voices, Built to Spill, Apples in Stereo, Superchunk",♡,5/18
digital,,Will Stratton,Points of Origin,Bella Union,3/18,Planetary,clean,"1, 3, 4","indie folk, singer songwriter","Mutual Benefit, Bon Iver, Gregory Alan Isakov, Tomberlin",♡♡♡,5/18
digital,,Jonathan Personne,Noveau Monde,Bonsound,3/18,Planetary,clean,"2, 8","folk rock, singer songwriter, indie rock","Corridor, Kurt Vile, Kevin Morby, Weyes Blood, Day Wave, Rolling Blackouts Coastal Fever, Real Estate, Sam Cohen",♡♡♡,5/18
digital,,Tamara & The Dreams,cracked phone screens,self released,3/18,Planetary,clean,"single, 2, 1","indie pop, twee pop, singer songwriter","Frankie Cosmos, Stella Donnelly, Courtney Barnett, Julia Jacklin, Angel Olsen, Vacations",♡♡,5/18
digital,,Baby Said,BS,Pal Records,3/18,Planetary,5,4,"pop punk, indie pop, indie rock","Wet Leg, Dream Wife, Olivia Rodrigo, Pinkshift, Paramore",♡♡♡,5/18
digital,,Miya Folick,Erotica Veronica,Nettwerk,3/18,Planetary,8,"1, 3, 4, 6","indie rock, singer songwriter, indie pop","Soccer Mommy, Samia, Hana Vu, Squirrel Flower, Sasami",♡♡♡♡,5/18
digital,,Antony Szmierek,Service Station at the End of the Universe,Mushroom,3/18,Planetary,"1, 5, 7, 10","2, 3, 12","progressive house, UK Bass, UK hip hop","Porijj, Sleaford Mods, Baxter Dury, The Streets, Faithless",♡♡♡♡,5/18
digital,,Frog Eyes,The Open Up,Paper Bag,3/18,Planetary,clean,"1, 2, 6","indie rock, art rock, experimental rock","Destroyer, Eels, Dr. Dog, Wolf Parade, Devendra Banhart, The National",♡♡,5/18
digital,,Moreish Idols,All In The Game,Speedy Wunderground,3/18,Planetary,clean,"5, 7, 10","post punk, indie rock","Shame, The Fall, Squid, Slaves, Fontaines DC, The Murder Capital",♡♡♡,5/18
digital,,Annie DiRusso,Super Pedestrian,Summer Soup Songs / AWAL,3/18,Planetary,"2*, 4, 5*, 7*, 9, 11","10, 2, 5, 7","indie rock, pop rock","Samia, Eliza McLamb, Indigo De Souza, Soccer Mommy, Bully",♡♡♡♡,5/18
digital,,Cari Cari,One More Trip Around The Sun,perla nera,3/18,Planetary,clean,"1, 4, 6","indie rock, psych rock","Rubblebucket, Ki!, Khruangbin, The xx, Cat Power, The Kills",♡♡♡♡,5/18
digital,,Thin Lear,A Shadow Waltzed Itself,Metropolitan Groove Merchants,3/18,Planetary,clean,"1, 4","indie folk, singer songwriter","Buck Meek, Christian Lee Hutson, Stars, Perfume Genius, Chris Farren, Dirty Projectors, The New Pornographers",♡♡♡,5/18
digital,,Letters to Lions,Seven Years,self released,3/18,Planetary,clean,"5, 1, 3","indie rock, indie pop, surf rock","Last Dinosaurs, Vacations, Middle Kids, The Terrys, Skegss, Hippo Campus",♡♡♡♡,5/18
digital,,Fust,Big Ugly,Dear Life Records,3/18,Tiger Bomb,clean,"1, 2, 4, 6",alt country,"MJ Lenderman, Sluice, Ohtis, Drive-By Truckers, Dougie Poole, Kevin Morby",♡♡♡,5/18
digital,,Cheapter,Empire Anthems,Pleasure Tapes,3/18,Tiger Bomb,clean,"1, 2, 4","noise rock, post punk, experimental rock","Iceage, Stuck, Gilla Band, Death Bells, Greet Death, Marbled Eye, Snoozer",,5/18
digital,,Cootie Catcher,Shy at first,Cooked Raw,3/18,Tiger Bomb,3,"4, 6, 8","twee pop, indietronica","The Pains of Being Pure at Heart, The Softies, Kitty Craft, @, Dear Nora, 22° Halo",♡♡,5/18
digital,,Japanese Breakfast,For Melancholy Brunettes (& sad women),Dead Oceans,3/18,Tiger Bomb,4,"2, 4","indie folk, singer songwriter, chamber pop, indie rock","Weyes Blood, Nilüfer Yanya, Beach House, Soccer Mommy, beabadoobee",♡♡♡♡♡,5/18
digital,,YHWH Nailgun,45 Pounds,AD 93 / Many Hats Endeavors,3/18,Tiger Bomb,"4, 6","1, 2, 4, 7, 8","experimental rock, art punk, noise rock, no wave","Model/Actriz, Throbbing Gristle, the sounds of the NYC subway, WU LYF, This Heat",♡♡♡♡,5/18
digital,,Pictoria Vark,Nothing Sticks,Get Better,3/25,terrorbird,10*,"3, 5, 6, 7","indie rock, singer songwriter, indie folk","Phoebe Bridgers, Faye Webster, Clairo",♡♡,5/25
digital,,Lucy Liyou,"Every Video Without Your Face, Every Sound Without Your Name",Orange Milk,3/25,terrorbird,clean,"1, 2, 3, 5","ambient pop, art pop, electroacoustic","More Eaze, Claire Rousay, Cryogeyser, Grouper, Kelsey Lu",♡♡♡,5/25
digital,,Mamalarky,Anhedonia [single],Epitaph,3/25,terrorbird / Pirate!,clean,single,"indie rock, neo psychedelia, bedroom pop","Palm, fantasy of a broken heart, Mia Joy, Wombo",♡♡♡,5/25
digital,,Elliza Niemi,Progress Bakery,Tin Angel,3/25,terrorbird,1,"6, 8, 9","indie rock, singer songwriter","Faye Webster, Weyes Blood, Men I Trust, Palehound",♡♡,5/25
digital,,Sharp Pins,Radio DDR,K/Perennial,3/25,terrorbird,clean,"2, 3, 14","power pop, slacker rock, jangle pop","The Byrds, Lilys, Big Star, Guided By Voices",♡♡♡,5/25
digital,,Dead Bars,All Dead Bars Go To Heaven,Iodine,3/25,Pirate!,"3, 5, 6, 7","9, 1, 2, 4, 8","Pop Punk, Punk Rock, Garage","Japandroids, Joyce Manor, Bob Mould, Los Campesinos!, PUP, Sheer Mag",♡♡♡,5/25
digital,,Greer,Big Smile,Epitaph,3/25,Pirate!,,"3, 6, 2, 5, 12","Indie Rock, Pop Noise, Indie Pop","Peach Pit, The Rare Occasions, The Happy Fits, Wallows, Twin Peaks, Briston Maroney",♡♡♡♡,5/25
digital,,Prop House,SPRU [EP],Mint 400,3/25,Pirate!,,"1, 3","college rock, emo, post-hardcore, post punk, older brother rock","Angel Du$t, Citizen, Anxious, Turnstile",♡,5/25
digital,,The Raging Nathans,The Grudge [Single],Rad Girlfriend,3/25,Pirate!,,Single,"Pop Punk, Punk Rock, Garage","Bad Religion, Descendents, The Ramones, Propagandhi, Dead Kennedys",♡♡,5/25
digital,,Superheaven,Stare At The Void [Single],Blue Grape,3/25,Pirate!,Clean,Single,"Post-Hardcore, Grunge, Emo, Shoegaze","Teenage Wrist, Narrow Head, Balance and Composure, Hum, Glitterer, Nothing",♡♡♡♡♡,5/25
digital,,Weatherday,Hornet Disatser,Topshelf,3/25,Pirate!,Clean,"2, 14, 11, 17, 1, 2","Noise Pop, lo-fi, Alt, Emo","Glass Beach, Xiu Xiu, Anamanaguchi, The Spirit of the Beehive, feeble little horse, Parannoul",♡♡♡♡,5/25
digital,,Brian D'Addario,Till The Morning,Headstack,3/25,The Syndicate,Clean,"1, 3, 8, 6","Rock, Sunshine Rock, Atl-Folk","The Lemon Twigs, Hurrah A Bolt of Light, Red Telephone",♡♡♡,5/25
digital,,Ally Evenson,Blue Super Love (DELUXE),Assemble Sound,3/25,The Syndicate,"1, 3, 5, 9","2, 4, 7, 8","Alt Indie, Electronica,  Folk Rock","Veronica Lewis, Season Falls, Rain Recordings, Dollt Valentine",♡♡♡,5/25
digital,,Jeremy Bradley Earl,Four Songs [EP],Woodsist,3/25,shine on,Clean,"1, 2","folk rock, singer songwriter, indie folk","Woods, Kevin Morby, Animal Collective, Panda Bear",♡♡♡,5/25
digital,,Mim Jensen,Shadow of the Gift [EP],self released,3/25,shine on,2,"1, 3, 6","singer songwriter, indie pop, chamber pop","Faye Webster, Phoebe Bridgers, Japanese Breakfast",♡♡♡,5/25
digital,,Foxwarren,Listen2me [Single],Anti-,4/1,Pirate!,clean,single,"Indie, Rock, Alternative","Andy Shauf, Fleet Foxes, Father John Misty, Fruit Bats, Whitney, Cass McCombs",♡♡♡♡,6/1
digital,,JIVEBOMB,Ethereal,Flatspot,4/1,Pirate!,4,"2, 3, 9, 5, 8","Punk, Hardcore, Heavy","GEL, Scowl, DRAIN, Trapped Under Ice, Year of the Knife, Candy",♡♡♡,6/1
digital,,Model/Actriz,Doves [Single],True Panther/Dirty Hit,4/1,Pirate!,,Single,"Experimental, nowave, dance, industrial, noise, post-punk","Black Midi, Mandy Indiana, Xiu Xiu, Nine Inch Nails, Tropical F*ck Storm, Lightning Bolt",♡♡♡♡,6/1
digital,,PUNCHBAG,I'm Not Your Punchbag [Single],Mute,4/1,Pirate!,1,single,"Alt Pop, Indie Pop, Indietronica","Charli xcx, Icona Pop, Magdalena Bay, SOPHIE, Robyn, IDER, Romy",♡♡♡,6/1
digital,,Sam Akpro,Evenfall,Anti-,4/1,Pirate!,2,"3, 4, 6, 9, 5","Indie, Rock, Dub, Alternative, Country","Steve Lacy, Yves Tumor, Nick Hakim, Jelani Aryeh, Blood Orange, Childish Gambino",♡♡♡,6/1
digital,,Deafheaven,Lonely People With Power,Roadrunner,4/1,The Syndicate,Clean,"3, 5, 2, 1, 4, 11","Blackgaze, Post-Balck Metal, Post-Rock","Empire of Love, Banshee, Scorched earth, The Falling Tide",♡♡♡♡,6/1
digital,,CocoRosie,Little Death Wishes,Joyful Noise,4/1,Tiger Bomb,"7, 9, 11","2, 3, 7, 8","folktronica, freak folk and ""New Weird America""","Fever Ray, ANOHNI, Eartheater, FKA Twigs, Björk",♡♡♡,6/1
digital,,Destroyer,Dan's Boogie,Merge,4/1,Tiger Bomb,"1, 2","4, 5, 8","indie rock, alt rock, synth pop","Father John Misty, Yo La Tengo, Cate Le Bon, The New Pornographers, Rosali, David Bowie, Leonard Cohen",♡♡♡,6/1
digital,,Half Gringa,Cosmovision,Teleferico,4/1,Tiger Bomb,clean,"5, 6, 7","contemporary indie-rock, Latin American, midwestern folk","Jess Williamson, Cass McCombs, Beth Orton, Flock of Dimes, Half Waif, Gia Margaret",♡♡,6/1
digital,,Palmyra,Restless,Oh Boy,4/1,Tiger Bomb,2,"1, 2","bluegrass, folk, americana","The Avett Brothers, Band of Horses, Houndmouth, Mipso, Florry, Mt. Joy",♡♡♡,6/1
digital,,Soundwalk Collective with Patti Smith,Correspondences Vol. II,Bella Union,4/1,Planetary,clean,1,"experimental, rock, soundscape","Lucrecia Dalt, Meredith Monk, Laurie Anderson, John Cage, Kali Malone",♡♡♡♡♡,6/1
digital,,Noonzy,Puppies [single],[PIAS],4/1,Planetary,clean,"1, 2, 4","Bedroom Pop, Singer-Songwriter, Indie Folk, Slacker Rock, Indie Rock","King Krule, Nilüfer Yanya, Spoon, Alex G, GANA, Toko Joyce",♡♡♡,6/1
digital,,Awksymoron,Ollie,self released,4/1,Planetary,"3, 5","1, 4","indie pop, indie rock, lo-fi, bedroom pop","Girlpool, Frankie Cosmos, U.S. Girls, Jackie Cohen, illuminati hotties, Clairo, Kero Kero Bonito",♡,6/1
digital,,The Darkness,Dreams on Toast,Cooking Vinyl,4/1,Planetary,"5, 9","1, 2, 3, 6","rock, indie rock, hard rock, classic rock","The Hives, Electric Six, Andrew W.K., Queen, MC5, Thin Lizzy",♡♡♡♡♡,6/1
digital,,Dutch Interior,Moneyball,Fat Possum,4/1,Planetary,"3, 8","7, 2, 10","indie rock, ambient, southern rock, jazz, dance","MJ Lenderman, Frog, Greg Freeman, Touching Ice, Friendship",♡♡♡♡,6/1
digital,,Floodlights,Underneath,[PIAS],4/1,Planetary,clean,"2, 4, 7, 10","rock, alternative, art rock","Wild Pink, The Walkmen, Gold Star, The Districts, Born Ruffians",♡♡♡♡,6/1
digital,,Ollella,AntiFragile,self released,4/1,Planetary,clean,"1, 5, 2","indie folk, Indie rock, folk rock, alternative rock","Feist, Cat Power, Fiona Apple, Sylvan Esso",♡♡♡,6/1
digital,,Mountaintop Junkshop,Misadventureland,Electric Blanket,4/1,Planetary,9,"2, 3, 5","indie folk, folk rock, americana, country rock","Big Thief, Phosphorescent, Beth Gibbons, Smog, Wilco, Songs: Ohia",♡,6/1
digital,,better joy,heading into blue [EP],self released,4/1,shine on,clean,"1, 2, 4","indie rock, indie pop, singer songwriter","suki waterhouse, soccer mommy, julia jacklin, tennis, beabadoobee",♡♡♡,6/1
digital,,"Nightingales, The",The Awful Truth,Fire,4/1,shine on,11,"1, 2, 4","post punk, indie rock","Viagra Boys, The Fall, Nick Cave",♡♡,6/1
digital,,Somebody's Child,When Youth Fades Away,Frenchkiss,4/1,shine on,"4, 11","2, 8","alt rock, heartland rock, indie rock","sam fender, the national, gang of youths, war on drugs",♡♡♡♡,6/1
digital,,Ruby Gill,Some Kind of Control,self released,4/1,shine on,8,"3, 6, 9","singer songwriter, indie rock, indie folk","julia jacklin, fiona apple, daughter, tomberlin, katy kirby",♡♡♡,6/1
digital,,Bria Salmena,Big Dog,Sub Pop,4/1,shine on,clean,"2, 3, 4, 8, 9","indie rock, singer songwriter, alt country","waxahatchee, cut worms, nap eyes, mazzy star, nick cave",♡♡♡,6/1
digital,,girlpuppy,Sweetness,Captured Tracks,4/1,terrorbird,"2*, 3*, 7*","3, 5, 6, 7","indie rock, indie pop, singer songwriter","Alvvays, Great Grandpa, Liz Phair, Yo La Tengo",♡♡♡♡,6/1
digital,no but this record rules,Great Grandpa,"Patience, Moonbeam",Run for Cover,4/1,terrorbird,clean,"2, 3, 5, 7, 12","indie rock, indie folk, dream pop","Ratboys, Hop Along, Wednesday, Why Bonnie, Trophy Wife",♡♡♡♡,6/1
digital,,Dean Wareham,That's The Price of Loving Me,Carpark,4/1,terrorbird,7,"1, 4, 7, 8","dream pop, shoegaze","Galaxie 500, Spiritualized, Silver Jews, Lush",♡♡♡,6/1
digital,,Niis,NIIS WORLD,Get Better,4/1,terrorbird,"2, 6, 8","1, 2, 3, 7","punk, hardcore, grunge","Die Spitz, Slaughterhouse, Upchuck",♡♡♡,6/1
digital,,OHYUNG,You Are Always On My Mind,NNA/Phantom Limb,4/1,terrorbird,5,"2, 4, 7","art pop, chamber pop, avant folk","Arthur Russell, Cibo Matto, Dean Blunt, Mica Levi, Tirzah, Yves Tumor",♡♡,6/1
digital,,Destroyer,Dan's Boogie,Merge Records,4/1,cosign,1,"2, 4, 5, 7, 8","indie rock, art rock, chamber pop","Father John Misty, Yo La Tengo, The Clientele, Cate Le Bon, The New Pornographers, Rosali",♡♡♡♡,6/1
digital,,Yukimi,For You,Ninja Tune,4/1,cosign,clean,"2, 3, 6, 8, 9, 11","electro-pop, rnb, synth-pop, trip-hop","Little Dragon, Hiatus Kaiyote, Blood Orange, Lianne La Havas, NAO, Jamila Woods, serpentwithfeet",♡♡♡,6/1
digital,,SPELLLING,Portrait of My Heart,Sacred Bones,4/1,cosign,clean,"1, 3, 5, 7","experimental pop, indie electronic, art pop","Jockstrap, Hemlocke Springs, Jenny Hval, L’Rain, Mid-Air Thief, Weyes Blood, Eartheater, Deerhoof",♡♡♡♡,6/1
digital,,Choses Sauvages,Choses Sauvages III,Audiogram,4/1,cosign,clean,"2, 4, 7","dance punk, indie rock, electropunk, post-punk, experimental rock","Talking Heads, Bon Enfant, Parquet Courts, Pond, Habibi, Corridor, Omni",♡♡♡,6/1
digital,,Butcher Brown,Letters From The Atlantic ,Concord,4/1,cosign,7,"2, 4, 6, 8, 10","jazz, funk, soul, rnb, hip-hop","Yussef Dayes, Ebi Soda, Kiefer, Nubiyan Twist, Sly5thAve",♡♡♡♡,6/1
digital,,Rita Donte,Ritual,Ansonia Records,4/1,cosign,clean,"1, 7, 11","alternative rnb, neo-soul, electronic, indie pop","Cochemea, Orquesta Akokan, Daymé Arocena, Combo Chimbita, Dos Santos, Reyna Tropical",♡♡,6/1
digital,,Lord Sko,PIFF,Stimulated Music,4/1,cosign,all,"4, 5, 7, 15","hip-hop, trap, cloud rap, experimental rap","Curren$y, Action Bronson, Joey Bada$$, Wiz Khalifa, Rome Streetz",♡♡♡,6/1
digital,,ODESZA & Theodore Shapiro,Music To Refine To: A Remix Companion To Severance,Foreign Family Collective,4/1,cosign,clean,"1, 3, 6","electronic, ambient, downtempo, experimental, soundtrack","Bonobo, TYCHO, Kasbo, Flume, Washed Out, M83",♡♡♡♡♡,6/1
digital,X,Paperdisk,Material and Chemical,self released,4/1,N/A,3,"1, 2, 3","indie rock, indie folk, progressive folk","big thief, 22 degree halo, little kid, rigby picnic, tapir",♡,8/1
digital,X,leonia,blue star rising [EP],self released,4/1,N/A,clean,"1, 3, 4","singer songwriter, indie folk, contemporary folk","saya gray, ichiko aoba, kara jackson",♡,8/1
digital,X,Spring Onion,Seated Figure,Anything Bagel,4/1,N/A,"3, 5","1, 4, 10","indie rock, indie pop, twee pop, bedroom pop","indigo de souza, dr dog, big thief, wilco, soccer mommy, dear nora",♡♡,8/1
digital,,"Black Country, New Road",Forever Howlong,Ninja Tune,4/8,Cosign,clean,"1, 7, 8, 11","Progressive pop, art rock, Chamber pop","caroline, black midi, Dry Cleaning, Joanna Newsom, Broken Social Scene, Tenci, L'Rain",♡♡♡♡♡,6/8
digital,,Mekons,Horror,Fire,4/8,Shine On,6,"1, 4, 5, 6","Post punk, alt country, alt rock, indie rock","The Clash, Comet Gain, Primal Scream, Belle & Sebastian ",♡♡♡,6/8
digital,,Craig Finn,Always Been,Thirty Tigers,4/8,Shine On,"3, 6","1, 2, 4, 7","singer songwriter, alt country, indie rock","Andy Shauf, Wild Pink, Jeff Tweedy, Ben Kweller, MJ Lenderman",♡♡♡,6/8
digital,,L.A. Witch,DOGGOD,Suicide Squeeze,4/8,Shine On,clean,"1, 2, 04","garage rock, psychedelic rock","sheer mag, bully, amyl and the sniffers, death valley girls, tropical fuck storm",♡♡♡,6/8
digital,,This Is Lorelai / MJ Lenderman,Dancing In The Club [single],Double Double Whammy,4/8,Shine On,"use edit, or not, idc",single,"indie folk, indie pop, neo psychedelia","Water from your Eyes, Porches, Samia, Guided By Voices, Alex G",♡♡♡♡,6/8
digital,,Momma,Welcome to My Blue Sky,Polyvinyl,4/8,terrorbird,9*,"2, 3, 8, 9","alt rock, indie rock, dream pop, shoegaze","Wishy, Wombo, Wednesday, Soccer Mommy",♡♡♡♡,6/8
digital,,Florist,Jellywish,Double Double Whammy,4/8,terrorbird,4,"2, 5, seven ","indie folk, singer songwriter","Mount Eerie, Elliot Smith, Lomelda, Adrianne Lenker",♡♡♡♡,6/8
digital,,Anika,Abyss,Sacred Bones,4/8,terrorbird,clean,"1, 4, seven","post punk, noise pop","PJ Harvey, Kim Gordon, Molly Nilsson, Aldous Harding, Nico",♡♡♡♡,6/8
digital,,Sister Ray,Believer,Royal Mountain,4/8,terrorbird,clean,"1, 2, 5, 9","folk rock, singer songwriter","Lily Talmers, Wet, Cornelia Murr",♡♡♡,6/8
digital,,Corbin,Crisis Kid,September Recordings,4/8,terrorbird,clean,"4, 5","alternative r&b, post punk, dream pop","Provoker, Bobby Raps, Wicca Phase Springs Eternal, lil peep",♡♡♡♡,6/8
digital,,"Ophelias, The",Spring Grove,Get Better,4/8,terrorbird,"2, 10","3, 7, five","indie pop, chamber pop, art pop","Rosie Tucker, Great Grandpa, Girlpuppy, Katy Kirby",♡♡♡,6/8
digital,,EMEFE,FORWARD,self released,4/8,terrorbird,clean,"2, 4, five","jazz, funk, afrobeat","Polyrhythmics, Louis Cole, Jeb Bush Orchestra",♡♡♡,6/8
digital,,Jane Remover,Revengeseekerz,deadAir,4/8,terrorbird,cesnor manually,"8, 9 12","digicore, experimental hip hop, rage, hyperpop","underscores, 2hollis, Frost Children, Bladee, Oklou, Quadeca",♡♡♡♡,6/8
digital,,Bowling Shoes,Factory Pop,Self-Released,4/8,Pirate!,"3, 4, 5, 7, 9","4, 2, 6, 8, 12","Power Pop, Indie Rock, Post-Punk, Now Wave, Dance/Electornic","Talking Heads, Passion Pit, LCD Soundsystem, Hippo Campus, Cheekface, Vampire Weekend",♡♡♡,6/8
digital,,Glare,Sunset Funeral,Deathwish,4/8,Pirate!,Clean,"1, 9, 7, 2, 4","Contemporary Shoegaze, Dream Pop, Grunge Gaze, Ethereal, Ambient","DIIV, Superheaven, Wisp, Deafheaven, MILLY, Narrow Head, Teenage Wrist, HUM",♡♡♡♡♡,6/8
digital,,Hundredth,All The Way [Single],Self-Released,4/8,Pirate!,Clean,Single,"Dance Punk, Indie Pop, Alt Rock","The Neighbourhood, Twenty One Pilots, Bad Suns, La Bouquet",♡♡♡♡,6/8
digital,,My Son the Doctor,Glamours,Trash Casual,4/8,Pirate!,,"3, 4, 5, 8, 10","90s Rock, Garage Rock, DIY","Joyce Manor, Jeff Rosenstock, The Front Bottoms, Wavves, FIDLAR, The Frights, Pavement",♡♡,6/8
digital,,Wet Leg,Catch These Fists [Single],Domino,4/8,Pirate!,Use Edit,Single,"Indie Rock, Post Punk Revival, Dance Punk","Sorry, Pip Blom, The Breeders, Yard Act, Mitski, Porridge Radio, Goat Girl",♡♡♡♡♡,6/8
digital,,Wet,Two Lives,30SF,4/8,Pirate!,Clean,"3, 8, 5, 2, 10","Alt R&B, Alt-Pop, Art Pop, Indietronica","The Japanese House, PinkPantheress, Sylvan Esso, Tei Shi, Georgia Gets By, Lykke Li",♡♡♡♡,6/8
digital,,Duckwrth,All American F*ckboy,Them Hellas,4/8,The Syndicate,"USE EDITS - 1, 2, 4, 5, 6, 7, 8, 9, 10, 11, 12, 15, 16, 17, 18, 19, 20","2, 14, 10, 6, 8, 5","Pop Rap, Neo Soul, Hip House","The Divine Feminine, Baw Baw Black Sheep, Lone, Borealis, Surf",♡♡♡♡♡,6/8
digital,,Try,Try,Spectrophonic Sound,4/8,The Syndicate,"2, 6, 10","5, 12, 8, 11","Pop Rap, Soundscape, Neo Soul, Hip House","RZA, RY X, JAY1, DreamDoll, EARTHGANG,  Empress Of",♡♡♡♡,6/8
digital,,Emma Anderson,I'll Be Alright,self released,4/8,Tiger Bomb,1,"2, 4, 5","electronic dream pop, shoegaze, indie pop","Adrianne Lenker, Lizzy McAlpine, early Bon Iver, Leith Ross, early Phoebe Bridgers",♡♡♡,6/8
digital,,Discus,To Relate To,SUN-ROM,4/8,Tiger Bomb,clean,"3, 4, 5, 8",alternative indie rock,"Real Estate, Omni, Ducks Ltd., The Radio Dept., Another Sunny Day, Bonny Doon, A.L. West",♡♡,6/8
digital,,Lily Seabird,Trash Mountain,Lame-O,4/8,Tiger Bomb,9,"5, 6, 7","indie rock, folk rock, singer-songwriter, alt country ","Tim Buckley, Merce Lemon, hemlock, Adrienne Lenker, Florry, Anna McClellan",♡♡♡,6/8
digital,,Shonali,Bomb Shelter,Little Lamb,4/8,Tiger Bomb,clean,"1, 2, 3","indie rock, alternative, indie pop","Jenny Lewis, Hurray For the Riff Raff, Big Thief, The Hold Steady, Ted Leo, Margaret Glaspy",♡,6/8
digital,,Maz,NPC,Winspear,4/8,Planetary,clean,"1, 3, 4","electronic, dream pop, Afro Brazilian House","Jordana, Clairo, Mallrat, Santigold",♡♡♡,6/8
digital,,Palace,Greyhound,self released,4/8,Planetary,3,"1, 2","alternative rock, indie, rock","Foals, Bombay Bicycle Club, My Morning Jacket, Dope Lemon, Adult Jazz",♡♡♡♡♡,6/8
digital,,The Hives,Enough is Enough [single],Play It Again Sam / [PIAS,4/8,Planetary,dirty*,single,"garage rock revival, garage punk, punk rock","The White Stripes, The Strokes, The Vines, The Libertines, Jet, The Von Bondies",♡♡♡♡♡,6/8
digital,,Magi Merlin,A Weird Little Dog,AWAL/Bonsound,4/8,Planetary,clean,4,"rap, hip-hop, alternative","Joyce Wrice, AlunaGeorge, Anderson .Paak, KAYTRANADA",♡♡♡,6/8
digital,,Teenage Joans,Sweet and Slow [single],AWAL,4/8,Planetary,clean,single,"juice-box punk pop, indie rock, pop, punk rock, and rock band","The Beths, WAAX, Bugs, Nervous Dater, Alex Lahey",♡♡♡,6/8
digital,,Dirty Projectors & David Longstreth & Stargaze,Song Of The Earth,Transgressive/PIAS,4/8,Planetary,clean,"3, 4, 5, 16, 20","ambient, alternative classical, dreamy orchestral","John Cale, Johnny Greenwood, Terry Riley, Julia Holter",♡♡♡♡,6/9
digital,,Cars Seat Headrest,CCF (I'm Gonna Stay With You),Matador,4/9,Beggars,clean,single,"Experimental Rock, Rock Opera, Contemporary Folk","Bright Eyes, Sufjan Stevens, Modest Mouse, Pavement",♡♡♡♡♡,6/9
digital,,Jenny Hval,The artist is absent [single],4AD,4/9,Beggars,clean,single,"Art Pop, Electronic, Experimental Folk, Spoken Word","Fever Ray, Grouper, Kate Bush, Arca, ANOHNI, Julia Holter, Laurie Anderson, Scott Walker",♡♡♡♡,6/9
digital,,Lawrence Hart,Come In Out Of The Rain,Double Six Records,4/9,Co-Sign,10,"5, 3, 2, 8, 7","deep house, electronica, progressive house","Floating Points, Pretty Girl, HAAi, Logic1000, CRi, Kasbo",♡♡♡♡,6/9
digital,,Perfume Genius,Clean Heart,Matador,4/9,Beggars,clean,"1, 2, 3, 5","art pop, singer songwriter, indie folk, indie rock","Saya Gray, The Weather Station, Sufjan Stevens, Andrew Bird",♡♡♡♡♡,6/9
digital,,Horsegirl,Phonetics On and On,Matador,4/9,Beggars,clean,"4, 6, 7, 9","indie rock, slacker rock, twee pop","PACKS, Sparklehorse, This Is Lorelai, Great Grandpa, Deep Sea Diver",♡♡♡♡,6/9
digital,,Bon Iver,"SABLE, fABLE",Jagjaguwar,4/11,Secretly / Tiger Bomb,"4, 6","(disc 2) 2, 3, 7","pop soul, art pop, indie folk, folktronica","Dijon, Mk.gee, James Blake, Father John Misty, Moses Sumney",♡♡♡♡♡,6/11
digital,,Mamalarky,Hex Key,Epitaph,4/15,terrorbird / Pirate!,8,"2, 5, 6, 11","indie rock, neo psychedelia, indie pop","Palm, fantasy of a broken heart, Mia Joy, Wombo",♡♡♡♡,6/15
digital,,Stereolab,Arial Troubles [single],Warp,4/15,terrorbird,clean,single,"art pop, indie pop, indietronica, noise pop","Broadcast, The Magnetic Fields, Guided By Voices",♡♡♡♡,6/15
digital,,fantasy of a broken heart,Chaos Practitioner [EP],Dots Per Inch,4/15,terrorbird,3,"3, 5, six","neo psychedelia, indie pop","Mamalarky, water from your eyes, youbet, godcaster",♡♡♡,6/15
digital,,Kills Birds,Crave [EP],Lucky Number,4/15,shine on,2,"1, 3, four","grunge, indie rock, noise rock, post hardcore","Amyl & The Sniffers, Bully, Yeah Yeah Yeahs, Mannequin Pussy",♡♡♡,6/15
digital,,set dressing,i can't be alone tonite [EP],Fire Talk,4/15,terrorbird,clean,"2, 5","Darkwave, experimental, post industrial","Mandy, Indiana, YHWH Nailgun, Oslo Twins",♡♡,6/15
digital,,Ribbon Skirt,Bite Down,Mint,4/15,terrorbird,6,"2, 4, 5, 9","indie rock, slacker rock","knitting, Birthday Girl, bedridden, Deeper",♡♡,6/15
digital,,Lido Pimenta,Mago [Single],Anti-,4/15,Pirate!,Clean,Single,"Alter Latina, Electronic, Experiemental, Devotional","Combo Chimbita, Tanya Tagaq, Y La Bamba, Fiona Apple, Kae Tempest, Bomba Estereo",♡♡♡♡,6/15
digital,,McLusky,chekhov's guns [Single],Ipecac,4/15,Pirate!,Edits,Single,"Prepunk, rock, Punk Rock","Hot Snakes, The Jesus Lizard, Les Savy Fav, Pissed Jeans, Metz, Titus Andronicus, Idles",♡♡♡,6/15
digital,,Teen Mortgage,Devil Ultrasonic Dream,Roadrunner,4/15,Pirate!,"9, 11, edits",,"Punk, garage punk, Hardcore, stoner rock","FIDLAR, Death Lens, Bad Nerves, The Chats, Together Pangea, Turnstile, White Reaper",♡♡♡♡,6/15
digital,,Turnstile,Never Enough [Single],Roadrunner,4/15,Pirate!,Clean,Single,"Dream Pop, Grungegaze, Alt Rock","Citizen, The Armed, Militarie Gun, Turnover, Angel Du$t, Ceremony, Hotline TNT",♡♡♡♡♡,6/15
digital,,OK Go,And The Adjacent Possible,Paracadute,4/15,The Syndicate,Clean,"3, 2, 4, 10","Power Pop, indie Rock, Synthpop, Neo-Psychedlia","The NEw Pornographers, Blue Jacket, Plumtree, the pillows",♡♡♡♡♡,6/15
digital,,Scowl,Are We All Angels,Dead Oceans,4/15,Secretly,"7*, 11*","2, 3, 4, 5","Melodic hardcore, alt rock, pop punk","Turnstile, Mannequin Pussy, Militarie Gun, Momma",♡♡♡♡,6/15
digital,,Panchiko,Gingko,Nettwerk,4/15,Planetary,clean,"2, 3, 4, 7, 9","indie rock, post britpop, dream pop","Radiohead, Asian Glow, Weatherday, Parannoul, Momma, Whirr, Model/Actriz, Untitled (Halo), Tanukichan",♡♡♡♡♡,6/15
digital,,Nell Smith,Anxious,Bella Union,4/15,Planetary,5,"1, 6, 9","neo psychedelia, noise pop","The Flaming Lips, Soccer Mommy, Nilüfer Yanya, Maz, Feist, Jordana, Japanese Wallpaper, Shamir",♡♡♡,6/15
digital,,Miki Berenyi Trio,Tripla,Bella Union,4/15,Planetary,clean,"1, 3, 6","dream pop, shoegaze, indie pop","Lush, Elastica, Modern English, Japanese Breakfast, Beach House, Slowdive, Moose",♡♡♡,6/15
digital,,Steel Wool,Steel Wool,Bugbody,4/15,Planetary,clean,"1, 2, 4","shoegaze, dream pop, indie surf","DIIV, Blue Smiley, The Radio Dept., Dutch Interior, Nothing, Wisp, Ride, Mojave 3",♡,6/15
digital,,Spacey Jane,Through My Teeth [single],Concord,4/15,Planetary,clean,single,"indie rock, indie pop, indie surf","Day Wave, Local Natives, Hippo Campus",♡♡♡♡♡,6/15
digital,,Ultra Far,For Music is Alive and Well,Not So Gifted,4/15,Planetary,clean,"1, 6, 4","singer songwriter, baroque pop, art pop","Knitting, Faith Healer, Weyes Blood, Cecile Believe, The Blow",♡,6/15
digital,,The Painters,Single Cell Nostalgia,Bonsound,4/15,Planetary,clean,"1, 2","jangle pop, indie pop, indie rock","Ducks Ltd., The Feelies, Dehd, Mac DeMarco, GIFT, Deeper, Omni, Young Guv",♡,6/15
digital,,Sahara Grim,Fable,self released,4/15,Tiger Bomb,"6, 10","2, 4, 5, 8","singer songwriter, indie folk, indie pop","Kate Bollinger, Jenny Hval, Hannah Cohen, Alice Phoebe Lou, Julia Holter",♡♡♡,6/15
digital,,Slow Teeth,/,Bim Sounds,4/15,Tiger Bomb,clean,2,"post rock, electronic, slowcore","Explosions in the Sky, Mogwai, Godspeed You! Black Emperor, Sigur Rós",♡,6/15
digital,,Valerie June,"Owls, Omens, and Oracles",Concord,4/15,Co-sign,clean,"1, 3, 9, ","Country Soul, Americana","Allison Russell, Sunny War, Sharon Van Etten, Neko Case, Mavis Staples",♡♡♡♡,6/15
digital,,Grub Lord,Slumber Party Ritual [EP],Self-Released,4/22,Pirate!,"1, 2, 4, (edits)","5, 2, 1,","Femme Punk, Riot Grrrl, Indie Rock","Mannequin Pussy, Destroy Boys, Pinkshift, NOBRO, Be Your Own Pet, Tetchy",♡,6/22
digital,,Harkness,Ciao To The Beauty,Windchild,4/22,Pirate!,4,"1, 3, 5, 9, 4","Alternative Rock, Psychedelic Rock, Indie Rock","King Gizzard & The Lizard Wizard, The Flaming Lips, The Bug Club, The Lemon Twigs, Foxygen",♡♡,6/22
digital,,M(H)AOL,I Miss My Dog [Single],Merge,4/22,Pirate!,Edits,Single,"Punk, Industrial, Post-Punk","Petrol Girls, English Teacher, Wet Leg, Sprints, Billy Nomates, Mannequin Pussy, Priests",♡♡♡,6/22
digital,,Sophie Coran,i don't go to new york anymore,Self-Released,4/22,The Syndicate,Clean,"12, 3, 8, 6, 14","Neo-soul, R&B, Noir & B","Elise Petersen, northey, Frankie June, Jamie Lena",♡♡,6/22
digital,,Quade,The Foel Tower,AD 93,4/22,terrorbird,Clean,"1, 5, 3,","post rock, art rock, chamber music, slowcore","Still House Plants, Moin, Black Country, New Road",♡♡♡,6/22
digital,,sunnbrella,gutter angel,Music Website,4/22,terrorbird,6,"2, 4, 8,","dream pop, indietronica","Yndling, Wishy, Full Body 2",♡♡♡,6/22
digital,,Domino Kirke,The Most Familiar Star,Self-Released,4/22,terrorbird,clean,"5, 7, 8,","singer songwriter, baroque pop, art pop","Weyes Blood, Angel Olson, Hiding Places",♡♡♡,6/22
digital,,"David Longstreth, stargaze, & Dirty Projectors",Song Of the Earth,Nonesuch,4/22,shine on,clean,"2, 3, 4, 5, 16, 20, 23","modern classical, art pop, post minimalism","grizzly bear, bjork, animal collective, the national, mount eerie",♡♡♡♡,6/22
digital,,Tunde Adebimpe,Thee Black Bolts,Sub Pop,4/22,shine on,"4, 7","2, 3, 5, 8, 10","indie rock, art rock, indietronica","TV on the Radio, Bartees Strange, Yeah Yeah Yeahs, Foals",♡♡♡♡,6/22
digital,,Arcy Drive,The Pit,AWAL,4/22,planetary,"2, 4","1, 2, 4, 6, 10",indie rock,"Twin Peaks, Arctic Monkeys, the moss, Japandroids, Cloud Nothings",♡♡♡♡,6/22
digital,,The Convenience,Like Cartoon Vampires,Winspear,4/22,planetary,clean,"1, 3, 6, 11","indie rock, post punk, art punk, garage rock","Parquet Courts, Blur, Squid, Omni, Partner",♡♡♡,6/22
digital,,Witch Post,Beast,Self-Released,4/22,planetary,clean,"1, 2, 4",indie rock,"Alaska Reid, Dylan Fraser, The Waeve, piglet, Weatherday",♡♡♡,6/22
digital,,The K's,I Wonder If The World Knows,LAB,4/22,planetary,"1, 2, d7","3, 9, 10","indie rock, pop rock","Fontaines DC, The Kooks, Bloc Party, The Libertines, Arctic Monkeys, Franz Ferdinand, Yard Act",♡♡♡♡,6/22
digital,,Yumi Zouma,Bashville on the Sugar [single],Nettwerk,4/22,planetary,clean,single,"indie pop, dream pop, synthpop","Soccer Mommy, Men I Trust, Shura, Barrie",♡♡♡♡,6/22
digital,,Alice Phoebe Lou,You and I [single],Nettwerk,4/22,planetary,clean,single,"singer songwriter, indie pop, art pop","Kate Bollinger, Weyes Blood, Julia Jacklin, Angel Olsen, Big Thief, Arlo Parks, Aldous Harding, Kevin Morby, Laura Marling",♡♡♡♡♡,6/22
digital,,Avery Friedman,New Thing,Audio Antihero,4/22,planetary,1*,"2, 3, 4","indie pop, indie rock, singer songwriter","CIAO MALZ, Indigo De Souza, Skullcrusher, Faye Webster, Blondshell",♡♡♡,6/22
digital,,Grumpy,Harmony / Lonesome Ride,Bayonet,4/22,tiger bomb,clean,"1, 2","neo psychedelia, indie pop","fantasy of a broken heart, This Is Lorelei, Frost Children, Ian Sweet, Great Grandpa",♡♡♡,6/22
digital,,imy3,imy2,Self-Released,4/22,tiger bomb,"2, 7","3, 4, 8","singer songwriter, acoustic, indie folk","Florist, Grouper, Mount Eerie, 22º Halo",♡,6/22
digital,,MIEN,MIIEN,Fuzz Club,4/22,tiger bomb,1*,"1, 3, 4, 6",psychedelic rock,"The Black Angels, Elephant Stone, Fuzz, King Gizzard and the Lizard Wizard, DAIISTAR, Holy Wave",♡♡♡,6/22
digital,,Slime Ring,Slime Ring EP2,The Slime Foundation / FLZ,4/22,tiger bomb,clean,"5, 1, 2, 4","art punk, post punk, experimental rock","The Garden, Palm, George Clanton, Kassie Krut, Love Spirals Downwards, Yellow Magic Orchestra, draag me",♡,6/22
digital,,Julien Baker & TORRES,Send A Prayer My Way,Matador,4/22,Beggars,1,"3, 9 11","Americana, Singer Songwriter, Alt Country","Sharon Van Etten, Waxahatchee, Sierra Ferell",♡♡♡♡,6/22
digital,X,Superheaven,Superheaven,Blue Grape,4/22,Pirate!,Clean,Single,"Post-Hardcore, Grunge, Emo, Shoegaze","Teenage Wrist, Narrow Head, Balance and Composure, Hum, Glitterer, Nothing",♡♡♡♡♡,8/22
digital,X,Maz Rambam,The Years I Spent in Solitude and the Dawn I Sailed Away,Glerk...Shloomp!,4/22,N/A,clean,"1, 6, 8, 10","indie rock, indie folk, singer songwriter","AJJ, Car Seat Headrest, The Mountain Goats, Neutral Milk Hotel",♡,8/22
digital,X,Flavorless Gum,High Society,satisfied!,4/22,N/A,clean,2,"indie rock, indie pop, garage rock","The Strokes, Yuck",♡,8/22
digital,X,Rigby Picnic & Kitt's Hummock,Split [EP},Self-Released,4/22,N/A,clean,"2, 3","Indie rock, indie pop, bedroom pop","wilco, mk.gee, big thief, american analog set, chris cohen",♡♡,8/22
digital,,Common Saints,Honey [Single],ONErpm,4/29,Pirate!,Clean,2,"Alternative , Psychedelic Rock, Sould","Khruangbin, MGMT, Tame Impala, St. Paul & The Broken Bones, Leon Bridges, Unknown Mortal Orchestra, Jungle",♡♡♡♡,6/22
digital,,Ekko Astral,pink ballons: popped [EP],Topshelf,4/29,Pirate!,2,"5, 3, 1","Punk, Gender Rock, Post-Punk, Moshpit","Mannequin Pussy, Priests, Model/Actriz, Sprints, Mhaol, Pinkshift",♡♡♡,6/22
digital,,Press Club,To All The Ones That I Loved,Self-Released,4/29,Pirate!,"3, 8, 9","4, 2, 1, 5, 6, 7","Punk Rock, Indie Rock, Alternative","Church Girls, Middle Kids, Bully, Camp Cope, Mannequin Pussy, Weakened Friends",♡♡♡,6/22
digital,,she's green,Figurines [Single],Photo Finish,4/29,Pirate!,single,clean,"Shoegaze, Dreampop, Alternative Rock","Crumb, Clairo, Men I Trust, Hatchie, Beach House, julie, Lowertown, MILLY",♡♡♡♡,6/22
digital,,Softcult,Pill To Swallow [Single],Easy Life,4/29,Pirate!,single,clean,"Shoegaze, Grunge, indie rock, Alternative","Momma, Slow Pulp, Wisp, Teenage Wrist, Beabadoobee, Cherry Glazerr, Pom Pom Squad, Glixen",♡♡♡♡,6/22
digital,,The Raging Nathans,Looking Out For Me [Single],Rad Girlfriend,4/29,Pirate!,single,Single,"Pop Punk, Punk Rock, Garage","Bad Religion, Descendents, The Ramones, Propagandhi, Dead Kennedys",♡♡,6/22
digital,,The Toxhards,Your Neighborhood,Hopeless,4/29,Pirate!,"6, 9","6, 9, 2, 7, 12","Indie Prog Rock, Power Pop, Garage Rock, Psychedelic","The Rare Occasions, Hippo Campus, The Happy Fits, OK Go, The Flaming Lips",♡♡♡,6/22
digital,,Viagra Boys,Viagr Aboys,Shrimptech Enterprises/Year0001,4/29,The Syndicate,"1, 3, 5, 7, 9","1, 3, 2,","Post-Punk, Art Punk, Dance Punk, Garage Punk","Amyl and the Sniffers, King Gizzard, IDLES, High Vis, Squid, ",♡♡♡♡♡,6/22
digital,,Phoneboy,Heartbreak Designer,AWAL,4/29,The Syndicate,"4, 10","4, 2, 1,","Indie Rock, Dream Pop, Grunge Pop","Kevin Walkman, Justin Magnaye, Mickey Darling, adan Diaz",♡♡♡♡,6/22
digital,,Jensen McRae,I Don't Know How But They Found Me,Dead Oceans,4/29,The Syndicate / secretly,"2, 5, 6, 8, 11","10, 3, 2,","Folk, Alt Pop, Folk Pop, Singer-Songwriter","Boy Genuis, Carole King, Laufey, Adrianne Lenker",♡♡♡♡,6/22
digital,,Gringo Star,Sweethearts,Dizzybird,4/29,shine on,clean,"2, 6, 7, ","psychedelic pop, neo psychedelia","Babe Rainbow, Night Beats, Sharp Pins, Friko, Deer Tick",♡♡♡,6/22
digital,,Bells Larsen,Blurring Time,Royal Mountain,4/29,shine on,"1, 6","1, 2, 5, 9","singer songwriter, indie folk","Alex G, Elliott Smith, Lomelda, Andy Shauf, Conor Oberst",♡♡♡,6/22
digital,,Sunflower Bean,Mortal Primetime,Lucky Number,4/29,shine on,clean,"1, 2, 6, 7","indie pop, power pop, indie rock, neo psychedelia","Momma, Alvvays, Yeah Yeah Yeahs, Belle & Sebastian, Soundgarden",♡♡♡♡,6/22
digital,,Somebody's Child,When Youth Fades Away,Frenchkiss,4/29,shine on,"4, 11","2, 3, 8,","indie rock, heartland rock, alt rock","Sam Fender, The National, Gang of Youths, War on Drugs, Inhaler",♡♡♡♡,6/22
digital,,This Is Lorelei,"Box for Buddy, Box for Star (Deluxe)",Double Double Whammy,4/29,shine on,"3, 4, 12,","12, 13","indie folk, indie pop, neo psychedelia","Water from your Eyes, Snail Mail, MJ Lenderman, Porches",♡♡♡♡,6/22
digital,,Maria Usbeck,Naturaleza,Cascine,4/29,terrorbird,clean,"1, 5, 8,","art pop, downtempo, synthpop, latin alternative","Wet, Tennis, Men I Trust",♡♡♡,6/22
digital,x (PHL),Cold Court,Nina [single],Boiled,4/29,--,clean,single,"experimental rock, chaotic rock",,♡♡♡,6/22
digital,,Samia,Bloodless,Grand Jury,4/29,planetary,11,"2, 3, 4, 13",,"Miya Folick, Haley Blais, Squirrel Flower, Claud, Kate Kirby",♡♡♡♡,6/22
digital,,Wishy,Planet Popstar,Winspear,4/29,planetary,3*,"1, 2, 3","grunge, indie rock, noise rock, post hardcore","Momma, Been Stellar, Joyer, Steel Wool, This is Lorelei, Friko, Honeyglaze, Wednesday",♡♡♡♡,6/22
digital,,Deerhoof,Noble and Godlike in Ruin,Joyful Noise,4/29,tiger bomb,clean,"1, 2, 4, 9, 10",,"Spirit of the Beehive, Palm, Kassie Krut, Pom Poko, Animal Collective, Snõõper",♡♡♡♡,6/22
digital,,Luke Titus,From What Was Will Grow A Flower,Sooper,4/29,tiger bomb,"5*, 7","3, 2, 5, 8","alternative r&b, synth funk, dream pop","Mk.gee, Salami Rose Joe Louis, J Dilla, Toro Y Moi, Steve Lacy, Thundercat, Dijon, Sen Morimoto",♡♡♡,6/22
digital,,Mei Semones,Animaru,Bayonet,4/29,tiger bomb,clean,"1, 2, 4, 5, 9","singer-songwriter, midwest emo, indie folk","Frankie Cosmos, Laufey, Faye Webster, American Football, Astrud Gilberto, Japanese Breakfast",♡♡♡♡,6/22
digital,,Kills Birds,Crave [EP],Lucky Number,5/6,shine on,2,"1, 3, 4,","grunge, indie rock, noise rock, post hardcore","amyl & the sniffers, bully, yeah yeah yeahs, scowl, mannequin pussy",♡♡♡,7/6
digital,,Lael Neale,Altogether Stranger,Sub Pop,5/6,shine on,clean,"1, 3, 5, 6","art pop, indie pop, neo psychedelia","weyes blood, nico, julie byrne, mazzy star, julia holter, florist",♡♡♡,7/6
digital,,Oldstar,Of the Highway,self released,5/6,shine on,clean,"4, 6, 7, 9","alt country, country rock, slowcore","MJ Lenderman, Hotline TNT, Friko, Silver Jews, Florry",♡♡♡,7/6
digital,,Sextile,"yes, please.",Sacred Bones,5/6,terrorbird,use edits,"3, 6, 8,","EBM, synth punk, dance punk","Model/Actriz, Boy Harsher, Fcukers",♡♡♡♡,7/6
digital,,"Vegyn, Air",Blue Moon Safari,Parlophone,5/6,terrorbird,clean,"2, 4, 6,","downtempo, ambient pop, trip hop","Floating Points, Astrid Sonne, Mount Kimbie",♡♡♡♡♡,7/6
digital,,YULLOLA,Strange Serenity,self released,5/6,terrorbird,clean,"2, 6, 7,","indie pop, electropop","Eartheater, Oklou, Grace Ives",♡♡♡♡,7/6
digital,X,Full Body 2 [EP reissue],infinity signature,YEAR0001,5/6,terrorbird,4,"2, 3, 6,","shoegaze, breakcore","They Are Gutting A Body Of Water, sunnbrella, feeble little horse",♡♡♡,9/6
digital,,Alex Orange Drink,Victory Lap (#23),Million Stars,5/13,shine on,"2, 3, 5, 6, 7","2, 3, 4,","noise rock, post hardcore, post punk","Lifeguard, The Clash, Friko, Alex G, Titus Andronicus",♡♡♡♡,7/13
digital,,Deradoorian,Ready for Heaven,Fire,5/13,shine on,clean,"2, 3, 4, 5","neo psychedelia, art pop, krautrock","Kelly Lee Owens, Broadcast, Grimes, Cate Le Bon",♡♡♡,7/13
digital,,Yuno,Blest,Sub Pop,5/13,shine on,clean,"1, 2, 3, 5, 8, 9","alternative r&b, synth funk, dream pop","Blood Orange, Mk.gee, Toro y Moi, Bartees Strange, Unknown Mortal Orchestra",♡♡♡♡,7/13
digital,,Mark Pritchard & Thom Yorke,Tall Tales,Warp,5/13,terrorbird,clean,"4, 7, 8","glitch pop, indietronica, ambient","New Puritans, Darkside, Radiohead",♡♡♡♡,7/13
digital,,Alien Boy,You Wanna Fade?,Get Better,5/13,terrorbird,"2, 11, 13","2, 6, 8, ","emo, shoegaze","Hotline TNT, Momma, Militarie Gun",♡♡♡,7/13
digital,,Rebekka Karijord & Roomful of Teeth,The Bell Tower,Bella Union,5/13,planetary,clean,"2, 4, 6","art pop, electronic, ambient pop","Björk, Laurie Anderson, Caroline Polachek, Complete Mountain Almanac, Caroline Shaw",♡♡♡,7/13
digital,,Debbii Dawson,You Killed The Music,RCA,5/13,planetary,clean,"1, 3","europop, synth pop","Suki Waterhouse, Chappell Roan, Lady Gaga, Sky Ferriera, Daisy The Great, Role Model",♡♡♡♡,7/13
digital,,young friend,motorcycle sound effects,Nettwerk,5/13,planetary,"4, 8, 11, 12","1, 9, 10","singer songwriter, chamber pop, indie folk, folk rock","Andy Shauf, Bright Eyes, Bon Iver, Courtney Barnett, Phoebe Bridgers",♡♡♡♡,7/13
digital,,Soft Loft,Modern Roses,PIAS,5/13,planetary,clean,"1, 2, 3","indie rock, art rock, post punk, indie folk","Porridge Radio, The Last Dinner Party, Big Thief, Florence + the Machine",♡♡♡,7/13
digital,,Spacey Jane,If That Makes Sense,Concord,5/13,planetary,"3, 10, 13, 4","2, 4, 6","indie rock, indie pop, indie surf, jangle pop","Day Wave, Local Natives, Hippo Campus",♡♡♡♡♡,7/13
digital,,No Windows,The Great Traitor,Fat Possum,5/13,planetary,"3, 4","2, 6","indie folk, bedroom pop, indie rock","Sorry, Soccer Mommy, Wolf Alice, Big Thief, Adrianne Lenker, Honeyglaze, New Dad, Gretel Hanlyn, Porridge Radio, The Orielles, Camera Obscura, Mazzy Star",♡♡♡,7/13
digital,,Montclair,Heart Is Alive!,NBD,5/13,planetary,clean,"1, 2, 6","indie rock, stomp and holler, indie folk","Arcy Drive, Caamp, Mt. Joy, Wilderado",♡♡♡,7/13
digital,,Darker Lighter,Darker Lighter,Mishi,5/13,tiger bomb,clean,"2, 3, 4, 7, 8","britpop, indie pop, art rock, jangle pop","Pulp, Oasis, The Verve, Echo & The Bunnyman, Teenage Fanclub, Doves",♡,7/13
digital,,Laura Reznak,The Sewing Room,Mary Yelling,5/13,tiger bomb,3,"5, 2, 1, 8","singer songwriter, art pop","Fiona Apple, Nick Drake, Joni Mitchell, Ani DiFranco, Allegra Krieger, Judee Still",♡♡,7/13
digital,,Mei Semones,Aminaru,Bayonet,5/13,tiger bomb,clean,"1, 2, 4, 5, 9","jazz pop, chamber pop, bossa nova","Frankie Cosmos, Laufey, Faye Webster, American Football, Astrud Gilberto, Japanese Breakfast",♡♡♡♡,7/13
digital,,Michael Seyer,Boylife,Seyerland,5/13,tiger bomb,clean,"2, 3, 4","hypnagogic pop, dream pop","Mac DeMarco, Enjoy, Alex G, Current Joys, Paul Cherry, Men I Trust, Hana Vu, Inner Wave, Vacations, Good Morning",♡♡♡♡,7/13
digital,,Jenny Hval,Iris Silver Mist,4AD,5/13,Beggars,clean,"1, 2, 9","Art pop, field recordings, ambient, ambient pop","Maria Somerville, Deradoorian, caroline, Smerz, aya, Kassie Krut, Lucy Liyou",♡♡♡♡,7/13
digital,,The Raging Nathans,Room For One More,Rad Girlfriend,5/19,Pirate!,"3, 4, 5, 7, 9","1, 2, 6, 8, 12","Pop Punk, Punk Rock, Garage","Bad Religion, Descendents, The Ramones, Propagandhi, Dead Kennedys",♡♡,5/25
digital,,Lido Pimenta,La Belleza,Anti-,5/19,Pirate!,Clean,"4, 6, 9","Alter Latina, Electronic, Experiemental, Devotional","Combo Chimbita, Tanya Tagaq, Y La Bamba, Fiona Apple, Kae Tempest, Bomba Estereo",♡♡♡♡,7/19
digital,,M(H)AOL,Something Soft,Merge,5/19,Pirate!,"4, 6, 8","10, 1, 2, 7, 4","Noise Rock, Post-Punk, Dance Punk","Wet Leg, Sprints, English Teacher, Billy Nomates, Mannequin Pussy, La Securite, Fake Fruit",♡♡♡,7/19
digital,,Sydney Sprague,As Scared As Can Be [Single],Self-Released,5/19,Pirate!,Edits,Single,"Alt Pop, Indie Rock, Pop Rock, Alt Rock","Soccer Mommy, Rilo Kiley, Michigander, Ratboys, Queen of Jeans, Annie DiRusso, Ally Evenson",♡♡♡,7/19
digital,,Wounded Touch,A Vivid Depiction Of Collapse,Smartpunk,5/19,Pirate!,,"5, 4, 7","Metalcore, Hardcore, Mathcore, Post-hardcore","Converge, Botch, Knocked Loose, Code Orange, Chat Pile, Poison The Well, Jeromes Dream",♡♡,7/19
digital,,Black Polish,BE WITH YOU [Single],BMG,5/19,The Syndicate,Edit,Single,"Alt Indie, Alt Pop, Indie Noise","Alex G, Venus & the Flytraps, Mega Mango, Kid Sistr",♡♡♡♡,7/19
digital,,100%WET,100%WET,Crunchy Frog,5/20,shine on ,clean,"1, 2, 5, 7","indie rock, dream pop, slacker rock","Slow Pulp, Alvvays, My Bloody Valentine, Japanese Breakfast",♡♡,7/20
digital,,Erin Durant,Firetrail,Ruination,5/20,terrorbird,clean,"1, 4, 8,","indie pop, dream pop, psychedelic pop, indie folk","Suki Waterhouse, Adrianne Lenker, Weyes Blood",♡♡,7/20
digital,,Couch Prints,Pitbull 2,Music Website,5/20,terrorbird,clean,"2, 3, 5, 7","hyperpop, electropop, electroclash, synthpop","The Dare, 8485, underscores, Frost Children, PinkPantheress",♡♡,7/20
digital,,bug crush,somehow i go in circles all the time [EP],self released,5/20,terrorbird,clean,"1, 2","indie folk, indie rock","Mali Velasquez, Babehoven, Allegra Krieger, Bloomsday",♡♡,7/20
digital,,Hannah Frances,Keeper Of The Shepherd (Deluxe),Fire Talk,5/20,terrorbird,clean,"1, 2, 4,","progressive folk, singer songwriter, indie folk","Big Thief, Wednesday, @",♡♡♡,7/20
digital,,Ezra Furman,Goodbye Small Head,Bella Union,5/20,planetary,"4*, 6","1, 4, 3","indie rock, punk, alternative folk","Perfume Genius, Art d'Ecco, Laura Jane Grace, Car Seat Headrest, Eels",♡♡♡♡,7/20
digital,,Billy Nomates,Metal Horse,Invada,5/20,planetary,"7*, 8, 11","3, 4, 7","alternative indie, rock, post-punk","Dry Cleaning, Sleaford Mods, Working Men's Club, Crack Cloud, Warmduscher, Porridge Radio",♡♡♡♡,7/20
digital,,Miso Extra,Earcandy,Transgressive/PIAS,5/20,planetary,"5, 6, 12","2, 3, 4, 8, 9","pop, future funk, indie, hyperpop, jazz","Arlo Parks, Magdalena Bay, Clairo, Sigrid, Remi Wolf",♡♡♡♡,7/20
digital,,YARD,YARD [EP],self released,5/20,planetary,clean,"1, 3",electropunk,"Chalk, HEALTH, NAH, Model/Actriz, Fat Dog, Nine Inch Nails",♡♡♡,7/20
digital,,Orla Gartland,Everybody Needs A Hero (Deluxe),New Friends,5/20,planetary,1*,"1, 2",acoustic folk indie pop indie folk pop rock,"Nilüfer Yanya, Maggie Rogers, HAIM, Tegan & Sara, Shura, The Preatures",♡♡♡♡,7/20
digital,X,Friendship,Caveman Wakes Up,Merge,5/20,tiger bomb,"7, 9","2, 3, 4, 10",indie rock and alternative country,"MJ Lenderman, Sluice, Greg Freeman, Bill Callahan, Lambchop, Will Oldham/Bonnie 'Prince' Billy",♡♡♡,7/20
digital,,Swimming Bell,Somnia,Perpetual Doom,5/20,tiger bomb,clean,"1, 2, 3","chamber pop, psychedelic folk, soft rock, noise and experimental rock","Cate Le Bon, Weyes Blood, Cass McCombs, Sharon Van Etten, Mega Bog",♡♡♡,7/20
digital,,The Sympathies,My World,Petticoat Publishing,5/20,tiger bomb,clean,"2, 4, 6","rock, folk, folk rock","Strand of Oaks, Tindersticks, Conor Oberst & The Mystic Valley Band, Christopher Owens, Jim James, Michael Kiwanuka",♡,7/20
digital,,Thor & Friends,Heathen Spirituals,Joyful Noise,5/20,tiger bomb,clean,"1, 2, 3","avant-garde, experimental, and classical ensemble","“krautrock does marimba” or: Masayoshi Fujita, John Carpenter, Water Damage, Penguin Cafe Orchestra, William Basinski, Brian Eno, Terry Riley, Steve Reich, Philip Glass",♡♡,7/20
digital,X,Friendship,Caveman Wakes Up,Merge,5/20,tiger bomb,"7, 9","2, 3, 4, 10",indie rock and alternative country,"MJ Lenderman, Sluice, Greg Freeman, Bill Callahan, Lambchop, Will Oldham/Bonnie 'Prince' Billy",♡♡♡,9/20
digital,,Jolie Laide,Creatures,Victory Pool,5/27,shine on,clean,"1, 2, 4, 7",folk rock,"The National, Weyes Blood, Big Thief, Drive By Truckers",♡♡,7/27
digital,,Paper Lady,Idle Fate,self released,5/27,shine on,5,"1, 2, 3, 7","indie rock, indie folk, shoegaze","Wednesday, Alvvays, Bully, Soccer Mommy, Sharon Van Etten",♡♡♡,7/27
digital,,These New Puritans,Crooked Wing,Domino,5/27,shine on,clean,"2, 3, 4, 6","art pop, neoclassical darkwave, post industrial","The National, Caroline Polachek, Dirty Projectors, Weyes Blood",♡♡♡♡,7/27
digital,,Stereolab,Instant Hologram on Metal Film,Warp,5/27,terrorbird,clean,"2, 3, 8","neo psychedelia, indie pop, lounge","Broadcast, Yo La Tengo, Animal Collective",♡♡♡♡,7/27
digital,,Sedona,Getting Into Heaven,Kiss This,5/27,terrorbird,clean,"3, 4, 5, 6, 7","indie pop, indie rock","Claud, Clairo, Liz Phair, Waxahatchee",♡♡♡,7/27
digital,,Home Is Where,Hunting Season,Wax Bodega,5/27,Pirate!,"1, 4, 8, 9, 10","2, 5, 11","Country, Punk, Emo, 5th Wave Emo","Joyce Manor, Oso Oso, Prince Daddy & The Hyena, Jeff Rosenstock, Sweet Pill, Gulfer, Neutral Milk Hotel",♡♡♡,7/27
digital,,Hundreth,Faded Splendor,self released,5/27,Pirate!,,"4, 5, 3, 7, 8","Alternative, Indie Pop, Dreampop","The Neighbourhood, Slow Joy, Twenty One Pilots, Bad Suns, Bloc Party, Interpol",♡♡♡♡,7/27
digital,,Laura Stevenson,Honey [Single],Really Records,5/27,Pirate!,Clean,Single,"Alt Americana, Alt-Folk, Indie Rock","Ratboys, Hop Along, Waxahatchee, Petal, Julien Baker, Great Grandpa",♡♡♡,7/27
digital,,Sir Woman,If It Doesn't,ONErpm,5/27,Pirate!,"4, 11, 12","2, 7, 8, 1, 6","Neo Soul, Pop, R&B","Lake Street Dive, The Dip, St. Paul & The Broken Bones, Remi Wolf, Hiatus Kaiyote, Khruangbin",♡♡♡♡,7/27
digital,,Suzi Moon,turbulent Hearts: All Out,Pirates Press,5/27,Pirate!,"5, 11, 12, Edits","11, 17, 1, 13, 5","Punk Rock, Glam Punk","The Interrupters, Death Valley Girls, Bad Cop/Bad Cop, The Distillers, The Go-Go's, Joan Jett",♡♡,7/27
digital,,The Armed,Well Made Play [SINGLE],Sargent House,5/27,Pirate!,,single,"Hardcore, Punk, Destroy","Nine Inch Nails, Metz, Spirit of the Beehive, Fucked Up, Queens of the Stone Age, Sleigh Bells",♡♡♡,7/27
digital,,The Salt Collective,Last Day That We're Young [EP],Propeller Sound,5/27,Pirate!,,"1, 4, 3","College Rock, Psych Rock, Power Pop","XTC, The DB's, Matthew Sweet, Juliana Hatfield, Nada Surf",♡♡,7/27
digital,,Theo Bleak,Bad Luck Is Two Yellow Flowers,Polymoon,5/27,The Syndicate,Clean,"4, 2, 3","Gloom Folk, Folk Rock, Altnerative, Alt Rock",,♡♡♡,7/27
digital,,Dirty Nice,Planet Weekend,Chiverin,5/27,Planetary,4,"2, 4, 6, 10, 11, 14","alternative indie, shoegaze, bossa nova","Passion Pit, Djo, STRFKR, St. Lucia, MGMT, Bleachers",♡♡♡♡,7/27
digital,,CDSM,Convertible Hearse,Mothland,5/27,Planetary,"1*, 2*, 5, 6","1, 2, 8","freakout post punk, goth rock, prison jazz","The Voidz, Viagra Boys, Jagged Baptist Club, Fat Dog, PyPy, The Dare",♡♡,7/27
digital,,Cassia Hardy,In Relation,Mint,5/27,Planetary,5,"9, 2, 6","indie punk-rock, poetic lyrics, and synth work","Destroyer, Lucy Dacus, Land of Talk, Wares, ASKO",♡,7/27
digital,,Vox Rea,Art Oracles,604,5/27,Planetary,clean,"6, 4, 10, 13","indie pop, noir pop, indie","Warpaint, Zella Day, Camp Cope, Bat For Lashes, Sharon Van Etten",♡♡♡,7/27
digital,,Orla Gartland,Everybody Needs A Hero (Extended Edition),New Friends,5/27,Planetary,1,"1, 2","acoustic folk, indie pop, indie folk, pop rock","Nilüfer Yanya, Maggie Rogers, HAIM, Tegan & Sara, Shura, The Preatures",♡♡♡♡,7/27
digital,,Pam Amsterdam,Confines,Heavenly/PIAS,5/27,Planetary,"2, 3, 4, 5, 6, 8, 12","1, 3, 4, 6, 12","alternative R&B, left-field rap, and underground rap","Thundercat, Gorillaz, De La Soul, Dam-Funk, MF Doom, Ibibio Sound Machine, George Clinton, KNEECAP",♡♡♡♡,7/27
digital,,Jess Joy,Won't Be Kicked Out the Garden,Joyful Noise,5/27,Tiger Bomb,clean,"2, 7, 5","alternative rock, electropop","Tune-Yards, Björk, Joanna Newsom, ANOHNI, Immaterial Possession, Deerhoof, Kate Bush",♡,7/27
digital,,Judson Claiborne,"Live Action Culture, Vol. 2",self-released,5/27,Tiger Bomb,,"4, 6, 1",experimental folk-rock,"Father John Misty, Michael Nau, Morphine, Kevin Morby, Peter Gabriel",♡,7/27
digital,,Blondshell,If You Asked For A Picture,Partisan,5/29,CoSign,"1, 2, 4, 9","3, 6, 11","indie rock, singer songwriter, jangle pop, slacker rock","Soccer mommy, Cherry Glazerr, Samia, SASAMI, Miya Folick, Lucy Dacus",♡♡♡♡,7/29
digital,x (PHL),Idiot Mambo,Shoot The Star,Strange Mono,6/3,Pirate!,1,"5, 3, 2, 8, 10","Alternative, Bedroom, Noise, Tape","Purr, Mac DeMarco, Belle and Sebastian, Alex G, Bonny Doon, Yo La Tengo",♡,8/3
digital,,Prop House,Vector [EP],Mint 400,6/3,Pirate!,"1, 2, 3","1, 3","Punk, Alternative, Post-hardcore","Angel Du$t, Citizen, Anxious, Turnstile",♡,8/3
digital,,Cash Langdon,Dogs,Seasick,6/3,shine on,clean,"1, 4, 5, 6 ","alt country, indie rock, indie folk","Kurt Vile, MJ Lenderman, Wilco, Andy Shauf, Cass McCombs",♡♡,8/3
digital,,"Alan Sparhawk, Trampled by Turtles",Alan Sparhawk with Trampled by Turtles,Sub Pop,6/3,shine on,"1*, 9*","1, 3, 4, 5, 6","folk rock, indie rock, indie folk, prog folk","Low, My Morning Jacket, The Avett Brothers, Billy Strings",♡♡♡♡,8/3
digital,,Keep,Almost Static ,AWAL,6/3,terrorbird,clean,"1, 4, 11","alt rock, nu metal, shoegaze","Deftones, DIIV, Hotline TNT, Fleshwater",♡♡♡,8/3
digital,,find my friends ,find my friends,Bloody Knuckles,6/3,terrorbird,3,"2, 4, 6, 7","noise pop, slacker rock, indie pop","feeble little horse, Bleary Eyed, TAGABOW, Hooky",♡♡,8/3
digital,,Preston Woolsey,bubba,Rose Garden,6/3,terrorbird,3,"2, 5, 9, 10","indie folk, singer songwriter","Bon Iver, Sufjan Stevens, Fleet Foxes",♡♡,8/3
digital,,Wednesday,Elderberry Wine [single],Dead Oceans,6/3,secretly,clean,single,"alt country, indie rock, indie folk","MJ Lenderman, Wilco, Pinegrove, Horsegirl",♡♡♡♡,8/3
digital,,Sea Lemon,Diving For a Prize,Luminelle,6/3,planetary,clean,"11, 2, 5, 7","Dream Pop, Bedroom Pop, Indie Pop","Soccer Mommy, Winter, Tanukichan, Hatchie, SASAMI, Fazerdaze",♡♡♡♡,8/3
digital,,Shura,I Got Too Sad For My Friends,Play It Again Sam/PIAS,6/3,planetary,"4*, 9, 11","4, 5, 2","Synthpop, Alternative R&B, Synth Funk","Lorde, Cassandra Jenkins, Sky Ferriera, HAIM, Tei Shi, Litany",♡♡♡♡,8/3
digital,,CIVIC,Chrome Dipped,ATO,6/3,planetary,clean,"2, 4, 8","Punk Rock, Garage Punk","White Reaper, The Chats, Shutups, Death By Unga Bunga, FIDLAR, Viagra Boys, Thee Oh Sees",♡♡♡,8/3
digital,,Egoism,And Go Nowhere,self-released,6/3,planetary,"1*, 5*, 9*, 11*","1, 2, 5, 9","indie pop, dream pop, indie, rock, pop","The Beths, illuminati hotties, Soccer Mommy, Snail Mail, Charly Bliss",♡♡♡,8/3
digital,,Goddess,Goddess,Bella Union,6/3,planetary,"2*, 4, 6","2, 3","melodic industrial, indie rock, experimental ","Savages, Daughter, Black Honey, SOPHIE, Portishead, Massive Attack, Björk, This Mortal Coil",♡♡♡,8/3
digital,,The Fall,Singles,Popstock/Bella Union,6/3,planetary,8,"1, 3","Post-punk, art punk, indie rock, college rock","Wire, Gang Of Four, The Birthday Party, Magazine, The Slits",♡♡♡♡,8/3
digital,,The Budos Band,VII,Diamond West,6/3,tiger bomb,clean,"2, 4, 9","Jazz-Funk, Deep Funk, Funk Rock","Hermanos Gutiérrez, Khruangbin, El Michels Affair, Dengue Fever, Glass Beams, Ikebe Shakedown, The Cactus Channel, Surprise Chef",♡♡♡♡,8/3
digital,x (PHL),Caring Less,Whatever You Want,self-released,6/3,tiger bomb,clean,"3, 4","acoustic rock, alt rock, shoegaze, indie rock","Hop Along, Momma, PACKS, PJ Harvey, Slow Pulp, Wolf Alice, Jeff Buckley",♡♡,8/3
digital,,Sufjan Stevens,Carrie & Lowell (10th Anniversary Edition),Asthmatic Kitty,6/3,tiger bomb,10,"12, 14, 16","Singer-Songwriter, Indie Folk, Ambient","Bon Iver, Mount Eerie, Andrew Bird, José González, Elliott Smith, Nick Drake, Angelo De Augustine, Gregory Alan Isakov",♡♡♡♡♡,8/3
digital,,Wine Country,Hard Times,self-released,6/3,tiger bomb,clean,"3, 1, 2",minimalist rock,"Pavement, Cola, The Feelies, Jonathan Richman, The Velvet Underground, Parquet Courts",♡,8/3
digital,,Been Stellar,Breakaway [Single],Dirty Hit,6/10,Pirate!,Clean,single,"Post-Rock, Punk Rock, Alt Rock","Fontaines DC, Friko, Horsegirl, Geese, Cloud Nothings, Wunderhorse, Shame, DIIV, English Teacher",♡♡♡♡,8/10
digital,,Bug Vandy feat. Yellow Pills,The Broken Sink,Mint 400,6/10,Pirate!,clean,"7, 2, 3, 1, 8","indie Rock, Alternative, Bedroom","Lomelda, Bellows, Florist, Hand Habits",♡,8/10
digital,,Common Saints,Equinox [EP],ONErpm,6/10,Pirate!,Clean,"3, 4, 2, 1","Alternative , Psychedelic Rock, Sould","Khruangbin, MGMT, Tame Impala, St. Paul & The Broken Bones, Leon Bridges, Unknown Mortal Orchestra, Jungle",♡♡♡♡,8/10
digital,,Curtis Harding,There She Goes [Single],Anti-,6/10,Pirate!,Clean,single,"R&B, Soul, Alternative Rock","Michael Kiwanuka, Son Little, Black Pumas, Gary Clark Jr, Aaron Frazer, Durand Jones",♡♡♡♡♡,8/10
digital,,Frost Children,CONTROL [Single],True Panther/Dirty Hit,6/10,Pirate!,TBD,single,"EDM, Electornic, Rave, Pop","Porter Robinson, Neggy Gemmy, Jane Remover, Fcukers, 100 gecs, underscores",♡♡♡♡,8/10
digital,,Star Matriarch,Red Ship,Exotic Fever,6/10,Pirate!,"1, 2, 5, 7, 8, Edits","8, 2, 4, 5, 11, 1","Post-Punk, Alternative, Indie Rock","Sleater-Kinney, St. Vincent, Yeah Yeah Yeahs, PJ Harvey, Throwing Muses, LA Witch",♡♡,8/10
digital,,The Knocks & Dragonette,Revelation,Neon Gold/Futures,6/10,Pirate!,Clean,"3, 1, 6, 7, 2","Electropop, Dance-Pop, New Rave, Alt-Pop, Synthpop","Justice, CHVRCHES, Robyn, Sofi Tukker, Tegan and Sara, Carly Rae Jepsen, Miami Horror",♡♡♡♡♡,8/10
digital,,Turnstile,Never Enough,Roadrunner,6/10,Pirate!,7,"1, 3, 6, 8, 10, 11, 14","Dream Pop, Grungegaze, Alt Rock","Citizen, The Armed, Militarie Gun, Turnover, Angel Du$t, Ceremony, Hotline TNT",♡♡♡♡♡,8/10
digital,,Phoebe Rings,Aseurai,Carpark,6/10,terrorbird,Clean,"4, 5, 6, 8","indie pop, dream pop, bedroom pop","Alice Phoebe Lou, Men I Trust, Stereolab, Mei Semones, Chinese American Bear",♡♡♡,8/10
digital,,Night School,For Keeps [EP],graveface,6/10,terrorbird,Clean,"2, 3","indie rock, shoegaze, dream pop","Momma, Tanukichan, Bully",♡♡,8/10
digital,,Kassie Krut,Kassie Krut [expanded EP],Fire Talk,6/10,terrorbird,Clean,"1, 4, 5","hard drum, deconstructed club, glitch pop","Panda Bear, Kero Kero Bonito, Palm, fantasy of a broken heart, SPIRIT OF THE BEEHIVE",♡♡♡,8/10
digital,,Lucy Gooch,Desert Window,Fire,6/10,shine on,Clean,"1, 4, 6","ambient pop, ethereal wave","Weyes Blood, Cassandra Jenkins, Bjork, Julia Holter",♡♡♡,8/10
digital,,Frankie and the Witch Fingers,Trash Classic,The Reverberation Appreciation Society / Greenway,6/10,tiger bomb,4,"3, 5, 8, 10","psych garage rock, proto-punk, new wave, and industrial","Osees, Idles, Fuzz, Acid Dad King Gizzard & The Lizard Wizard, Devo",♡♡♡♡,8/10
digital,,Landlady,Make Up / Lost Time,Landladyland,6/10,tiger bomb,clean,"in pairs! 2 & 3, 5 & 6, and 14 & 15","soulful art rock, art pop, experimental prog","Randy Newman, George Harrison's All Things Must Pass, The Flaming Lips, Destroyer, Cass McCombs, Wilder Maker, The Roches, Allen Touissant",♡♡,8/10
digital,,Ryan Cassata,Greetings from Echo Park,Kill Rock Stars,6/10,tiger bomb,"1, 9, 12","2, 3, 11, 13","Folk rock, indie, alternative","Langhorne Slim, Mountain Goats, The Beths, illuminati hotties, Nana Grizol, Defiance, Ohio",♡♡♡,8/10
digital,,Samuel Aaron,Rambler,self-released,6/10,tiger bomb,clean,"2, 4, 6, 9","soul, pop, and alternative rock.","Blake Mills, Andy Shauf, Big Thief, Bon Iver, Father John Misty, MJ Lenderman, Blind Pilot, Wilco",♡♡,8/10
digital,,McKinley Dixon,"Magic, Alive!",City Slang,6/10,planetary,dirty*,"2, 4, 5, 11","jazz rap, hip-hop, r&b, soul","Noname, Blu, Ghais Guevara, Denzel Curry, The Roots, Kendrick Lamar",♡♡♡♡,8/10
digital,,Bakers Eddy,I'm Doing Better [EP],self-released,6/10,planetary,"2, 6","1, 3","alt pop punk, garage rock, indie rock","WAAX, Vacations, Alex Lahey, Maggie Lindemann, Stand Atlantic, Grandson",♡♡♡,8/10
digital,,The Ting Tings,Home,Wonderful,6/10,planetary,clean,"1, 2, 7, 10","indie pop, indie rock, dance-punk, synth-pop","Tennis, TOPS, Fleetwood Mac, The Carpenters",♡♡♡♡♡,8/10
digital,,Agora Sci-Fi,Finding It Hard to Explain Something So Obvious,self-released,6/10,planetary,5,"1, 2, 3","lo-fi, pop, indie rock, indie pop","Stef Chura, Rilo Kiley, Wye Oak, The Breeders",♡,8/10
digital,,Moptop,Long Day,Yeah Rock,6/10,planetary,clean,"1, 2, 8","Alternative rock, indie rock, pop rock, pop punk","The Strokes, Franz Ferdinand, Tom Petty, Interpol",♡♡♡,8/10
digital,,Gigi,Gallicolumba,self-released,6/10,planetary,clean,"1, 2, 3","prog rock, experimental rock, alternative","Deerhoof, Miki Berenyi Trio, Snõõper, Shampoo, !!!, French Vanilla, Enon",♡,8/10
digital,,the drowning kind,the redemption arc,dad that don't leave,6/10,planetary,3,"6, 4, 8, 5","punk, indie pop, alt rock","Vendetta Red, Spanish Love Songs, Tiny Moving Parts, The Wonder Years",♡,8/10
digital,,caroline,caroline 2,Rough Trade,6/10,Beggars,clean,"1, 2, 3","post rock, avant-folk, progressive folk, chamber folk","Maria Somerville, Jenny Hval, Smerz, Model/Actriz, Horsegirl, YHWH Nailgun",♡♡♡♡,8/10
digital,,Pulp,Got To Have Love,Rough Trade,6/10,Beggars,"2, 7","1, 3, 4","art rock, alternative, britpop, alternative dance","Fontaines DC, Arcade Fire, Blur, The Jesus And Mary Chain, Elbow, The Cure",♡♡♡♡♡,8/10
digital,,Lifeguard,Ripped and Torn,Matador,6/10,Beggars,clean,"2, 4, 5, 7","garage punk, noise rock, post punk, art punk","Fib, Mhaol, The Convenience, shame, Viagra Boys, Protomartyr",♡♡♡,8/10
digital,,Graham Hunt,Timeless World Forever,Run For Cover,6/17,terrorbird,2,"5, 6, 7","indie rock, baggy","Dazy, Beck, Primal Scream, Mike Krol",♡♡,8/17
digital,,beaming,beaming [EP],Rose Garden,6/17,terrorbird,clean,"2, 3","indietronica, indie rock, slacker rock","Porches, Wishy, Yot Club, Youbet, Field Medic",♡♡♡,8/17
digital,,The Bug Club,Very Human Features,Sub Pop,6/17,shine on,"11*, 12*","3, 8, 12, 13","indie rock, dance punk","Wet Leg, Sprints, Parquet Courts, The Fall, English Teacher",♡♡♡♡,8/17
digital,,Mila Moon,In Transit,self released,6/17,shine on,10,"1, 3, 5, 9","lo fi, bedroom pop, singer songwriter","Frankie Cosmos, Beabadoobee, Faye Webster, Hand Habits",♡♡♡,8/17
digital,,King Gizzard and the Wizard Lizard,Phantom Island,p(doom),6/17,shine on,"1, 4, 6","2, 7, 10","symphonic rock, baroque pop, glam rock","Ty Segall, Uknown Mortal Orchestra, The Flaming Lips, Squid",♡♡♡♡♡,8/17
digital,,Jahnah Camille,My Sunny Oath!,Winspear,6/17,planetary,clean,"2, 5","bedroom pop, dream pop, indie pop, chamber pop","Luna Li, Japanese Breakfast, Soccer Mommy, Blondshell, TOPS, Indigo De Souza",♡♡♡♡,8/17
digital,,Sara Forslund,The Let Go [EP],Jivvar,6/17,planetary,clean,"2, 3, 4","singer songwriter, art pop, psych folk, ambient pop","Weyes Blood, Ethel Cain, Nico, Mazzy Star",♡,8/17
digital,,HighSchool,149 [single],[PIAS] Australia,6/17,planetary,clean,single,"hypnagogic pop, slacker rock, indie rock","bar italia, Broadcast, Provoker, Eyedress, Polvo, King Krule",♡♡♡,8/17
digital,,Se So Neon,Remember [single],AWAL,6/17,planetary,clean,single,"indie rock, alt rock","The Marias, Orla Gartland, Momma, Soccer Mommy, Men I Trust, beabadoobee",♡♡♡♡,8/17
digital,,Annahstasia,Tether,drink sum wtr,6/17,tiger bomb,9,"7, 2, 5, 11","singer songwriter, contemporary folk","Kara Jackson, Karen Dalton, Julie Byrne, ANOHNI, Nina Simone, Julie Byrne, Sade, Tracy Chapman, Labi Siffre",♡♡♡♡,8/17
digital,,M83,A Necessary Escape,Other Suns,6/17,tiger bomb,clean,"3, 7, 9","synth pop, dream pop, electronic, indietronica","Caribou, Floating Points, The xx, Daft Punk, Four Tet, Brian Eno",♡♡♡♡♡,8/17
digital,,lighthearted,we all live on borrowed time,self-released,6/24,terrorbird,2,"6, 8, 9","indie folk, singer songwriter, americana","Hannah Cohen, The Staves, Phoebe Bridgers",♡♡♡,8/24
digital,,PSILK,All That I Am [EP],Quiet Life,6/24,shine on,clean,"1, 5","indie pop, singer songwriter, synthpop","The 1975, Colin Miller, Djo, Bombay Bicycle Club, Foals",♡♡♡,8/24
digital,,Hotline TNT,Raspberry Moon,Third Man,6/24,shine on,clean,"1, 4, 6, 8, 11","shoegaze, noise pop, jangle pop","Turnstile, Alex G, MJ Lenderman, Wishy, TAGABOW, Militarie Gun",♡♡♡♡,8/24
digital,,"Tropical Fuck Storm *DO NOT SAY ""FUCK"" ON AIR*",Fairyland Codex,Fire,6/24,shine on,"1, 4, 6","2, 4, 6, 7","art punk, experimental rock, noise rock","Viagra Boys, Squid, Protomartyr, Yeah Yeah Yeahs, Dry Cleaning",♡♡♡♡,8/24
digital,,Wednesday,Wound Up Here (By Holdin On) [single],Dead Oceans,6/24,Secretly,clean,single,"alt country, slacker rock, noise pop","MJ Lenderman, This Is Lorelai, Horsegirl, Waxahatchee, Frog",♡♡♡♡,8/24
digital,,Subsonic Eye,Singapore Dreaming,Topshelf,6/24,Pirate,clean,"4, 1, 7, 3, 8","indie rock, power pop, jangle pop, math pop, twee pop","The Beths, Lunar Vacation, Tanukichan, Fazerdaze, shower curtain, Alvvays, Pale Waves",♡♡♡,8/24
digital,,CATT,A Different Life,self-released,6/24,Syndicate,clean,"2, 4, 1, 9","alternative, indie, pop, folk","OSKA, Wallners, Femi Luna, Dekker, JISKA, Mogli",♡♡♡♡,8/24
digital,,Drugdealer & Weyes Blood,The Real Thing [single],Mexican Summer,6/24,Planetary,clean,single,"psych pop, indie rock, soft rock, neo-psych","Angel Olsen, Japanese Breakfast, The Lemon Twigs, Men I Trust, Alice Phoebe Lou",♡♡♡♡♡,8/24
digital,,Pretoria,Selfish [single],self-released,6/24,Planetary,clean,single,"bacardi house, ampiano, afro-house","The Doozers, Mustard Service, Future Misters, Phoenix",♡♡♡♡,8/24
digital,,Force Model,Barricade,Bug Body,6/24,Planetary,clean,"1, 3, 4","noise pop, alternative","Vundabar, Big Star, FIDLAR, Diners, DIIV, Hotline TNT",♡,8/24
digital,,Bloodshot Bill,So Fed Up!,Goner,6/24,Planetary,"6, 12","1, 2, 7, 9","rockabilly, garage rock, and punk blues","The Reverend Horton Heat, Brian Setzer, The Go Getters, Roy Orbison, The Delta Bombers",♡♡♡,8/24
digital,,Empanadas Ilegales,Sancocho Trifásico,We Are Time,6/24,Planetary,clean,"1, 6, 8",psychedelic cumbia and salsa,"Combo Tezeta, Los Baby Jaguars, Hotel De Nova, Mambo Negro, Mestizo Music Collective",♡♡♡,8/24
digital,,The Hives,Paint A Picture [single],Play It Again Sam/[PIAS],6/24,Planetary,dirty*,single,garage rock revival and garage punk,"The White Stripes, The Strokes, The Vines, The Libertines, Jet, The Von Bondies",♡♡♡♡♡,8/24
digital,,Winter,Misery (ft. Horse Jumper of Love) [single],Winspear,6/24,Planetary,clean,single,"indie folk, ambient, and electronic music","Tanukichan, Horse Jumper of Love, Wombo, Wishy, Melody's Echo Chamber",♡♡♡♡,8/24
digital,,Sloan,Live Forever [single],Yep Roc,6/24,Planetary,clean,single,power pop and alternative rock,"The New Pornographers, Spoon, White Reaper, Ben Folds Five, Guided By Voices, Supercrush, Low Cut Connie",♡♡♡♡,8/24
digital,,Dear Boy,Kelly Green [single],Last Gang,6/24,Planetary,clean,single,"indie rock, post-punk, britpop, shoegaze","Day Wave, Rogue Wave, Hazel English, Ride, Beach Fossils, Teenage Fanclub",♡♡,8/24
digital,,Pale Rider,1to0,ComingHome,6/24,Planetary,clean,"1, 4, 5",harmonic post-punk,"Cocteau Twins, A Sunny Day in Glasgow, DIIV, LSD and The Search For God",♡,8/24
digital,,Raynes,Bloom [EP],self-released,6/24,Planetary,clean,"3, 4","""expensive folk,"" folk, pop, and world","Mumford & Sons, The Lumineers, Of Monsters and Men, Ben Howard",♡♡♡♡,8/24
digital,,Benét,Make 'Em Laugh,Bayonet,6/24,Tiger Bomb,"1, 7, 8","2, 6, 11","indie pop, soul, experimental electronic","Lutalo, Laufey, Faye Webster, June McDoom, Anjimile, Samia, Djo",♡♡♡♡,8/24
digital,,Dorio,Super Love 3,Earth Libraries,6/24,Tiger Bomb,clean,"2, 3, 5, 10, 12","bubblegum pop, hip-hop, indie-pop, neo-psych","Stereolab, Pizzicato Five, Pearl & the Oysters, Ginger Root",♡♡,8/24
digital,,Jess Kerber,From Way Down Here,felte,6/24,Tiger Bomb,clean,"1, 2, 3, 5, 6",acoustic folk indie pop indie folk pop rock,"Haley Heynderickx, Julien Baker, Gillian Welch & David Rawlings, Waxahatchee, Skullcrusher, Julie Byrne",♡♡,8/24
digital,,Little Mazarn,Mustang Island,Dear Life,6/24,Tiger Bomb,clean,"4, 5, 6, 7","Southern outsider, primitive folk, appalachian sound","Lomelda, hemlock, Kath Bloom, Gia Margaret, Bill Callahan, Marissa Nadler, Karen Dalton",♡♡,8/24
digital,,Bikini Trill,Cool Riff [single],Ineffable,6/24,Planetary,clean,single,"surf-pop, surf rock, dream pop, edm","SASAMI, Paramore, Feeble Little Horse, Sleigh Bells, Turnstile",♡♡♡,8/24
digital,,Yaya Bey,do it afraid,drink sum wtr,7/1,Co-Sign,"1*, 3*, 4*, 7*, 9, 10, 11*, 12, 14*, 16*","1, 4, 5, 6, 7, 8, 11","neo-soul, contemporary r&b, alternative r&b","Eykah Badu, Sade, Aaliyah, Amber Mark, Nia Archives, SZA, Jorja Smith, Nao",♡♡♡♡,9/1
digital,,L'Eclair,CLOUD DRIFTER,Innovative Leisure,7/1,Co-Sign,use edits,"1, 2, 3, 4, 5, 8, 10","dance, electronic, funk, synth-pop","The Mauskovic Dance Band, Ibibio Sound Machine, Automatic, Yin Yin, Keleketla!, Bolis Pupul",♡♡♡♡,9/1
digital,,Yuuf,Alma's Cove [EP],Ninja Tune,7/1,Co-Sign,clean,"2, 3, 4","indie, instrumental funk, folk-funk?","Hermanos Gutiérrez, Khruangbin, Steve Gunn, Eli Winter",♡♡♡♡,9/1
digital,,Frankie Cosmos,Different Talking,Sub Pop,7/1,shine on,"1*, 4, 8","1, 2, 4, 7","indie pop, twee pop, singer songwriter","Soccer Mommy, Mitski, Alvvays, beabadoobee, Jay Som, Hovvdy",♡♡♡♡♡,9/1
digital,,Juan Wauters,MVD LUV,Captured Tracks,7/1,terrorbird,clean,"2, 3, 6","singer songwriter, indie folk, psych folk","Helado Negro, Devendra Banhart, Y La Bamba",♡♡♡,9/1
digital,,Cid Rim,SPRINT,LUCKYME,7/1,terrorbird,clean,"2, 3","indietronica, house, alternative dance ","Caribou, Nourished by Time, Hot Chip",♡♡♡,9/1
digital,,Horsepower,Horsepower [EP],Rose Garden,7/1,terrorbird,clean,"1, 2, 3","indie rock, indie pop, singer songwriter","Samia, Katie Gavin, Julien Baker",♡♡♡,9/1
digital,,Daisy The Great,The Rubber Teeth Talk,S-Curve,7/1,planetary,clean,"1, 3, 5, 9","indie pop, folk, baroque pop","Indigo De Souza, Sidney Gish, Orla Gartland, The Happy Fits, Samia, Frances Forever, The Greeting Committee",♡♡♡♡,9/1
digital,,Sons of The East,SONS,MGM,7/1,planetary,clean,"1, 5, 8","indie folk, rock. americana","Conor Oberst, Wilco, Ben Gibbard, Neil Young, Cloud Cult",♡♡♡♡♡,9/1
digital,,The K's,The Bends (Here We Go Again) [single],LAB,7/1,planetary,clean,single,"brit-rock, indie rock, punk rock","Fontaines DC, The Kooks, Bloc Party, The Libertines, Arctic Monkeys, Franz Ferdinand, Yard Act",♡♡♡♡,9/1
digital,,Bass Drum of Death,Do Nothing [single],Cobraside,7/1,planetary,clean,single,"garage rock, garage punk, alt rock, indie rock","Arctic Monkeys, Black Keys, Ty Segall, The White Stripes, Cage The Elephant",♡♡♡♡,9/1
digital,,Oceanique,Skylines,self-released,7/1,planetary,clean,"3, 6, 9","singer-songwriter, indie folk","First Aid Kit, The Staves, The Waifs, Daisy the Great",♡♡,9/1
digital,,White Denim,Time The Avenger / Tattooed Love Boys [single],Bella Union,7/1,planetary,clean,"1, 2","indie rock, garage rock, progressive rock, psychedelic rock, Southern rock, experimental rock","The Pretenders, Woods, King Tuff, King Gizzard & The Lizard Wizard, Temples, Frankie & the Witch Fingers, Unknown Mortal Orchestra",♡♡♡♡,9/1
digital,,The Cure,"Drone: Nodrone - JOYCUT ""Anti-Gravitational"" Remix [single]",Fiction/Capitol,7/1,planetary,clean,single,"gothic rock, post-punk, new wave","Fat Dog, Rüfüs Du Sol, Tim Hecker, William Basinski, Brian Eno, Fred again.., Aphex Twin",♡♡♡♡♡,9/1
digital,,OjiAji,Love & Company,Hopestreet,7/1,planetary,clean,"1, 2, 5","r&b, soul, jazz, lo-fi","Izy, The Pro-Teens, Karate Boogaloo, Frollen Music Library, Surprise Chef, So.Crates",♡♡,9/1
digital,,Rujen,Velvet Dream,Broc Recordz,7/1,tiger bomb,10,"3, 5, 7, 8","indie rock, psych rock, jazz rock","Babe Rainbow, Holy Wave, La Luz, Peel Dream Magazine, Pond, Improvement Movement",♡♡,9/1
digital,,Smut,Tomorrow Comes Crashing,Bayonet,7/1,tiger bomb,clean,"2, 3, 4, 7","alt rock, shoegaze, indie rock","Fleshwater, Hotline TNT, Momma, Slow Pulp, Friko, Softcult, Shower Curtain, The Sundays",♡♡♡,9/1
digital,,Stalefish,New Pop Experiments Vol. 1,Happen Twice,7/1,tiger bomb,clean,"2, 3, 4","pop rock, indie rock, alt rock","The Pastels, Blur, Beck, The Apples In Stereo, Ween, Ivy",♡,9/1
digital,,Foxwarren,2,Anti-,7/1,pirate,clean,"4, 8, 9, 2, 6","indie folk, indie rock, indie pop","Andy Shauf, Fleet Foxes, Father John Misty, Fruit Bats, Whitney, Cass McCombs",♡♡♡♡,9/1
digital,,Laura Stevenson,Late Great,Really Records,7/1,pirate,clean,"8, 5, 3, 2, 11","singer-songwriter, indie rock, indie folk, alt-country","Ratboys, Hop Along, Waxahatchee, Petal, Julien Baker, Great Grandpa, Sharon Van Etten",♡♡♡♡,9/1
digital,,Greet Death,Die in Love,Deathwish Inc.,7/1,pirate,"1, 3*, 5, 8*","4, 2, 3, 8","indie rock, shoegaze, slowcore","Horse Jumper of Love, Hotline TNT, Post Animal, MILLY, Pinegrove, Duster",♡♡♡,9/1
digital,,Meg Elsier,sportscar [scrapped] [single],Bright Antenna,7/1,syndicate,clean,single,"indie rock, slacker rock","Ok Cowgirl, Nymphlord, Virgo Rising, Mim Jensen, Francis of Delirium",♡♡♡,9/1
digital,x (PHL),winters,cars that look like beds,self-released,7/10,n/a,clean,"2, 4, 12, 6","alternative pop, art pop, electronic, vocoder music","Imogen Heap, Billie Eilish, Phoebe Bridgers, Jane Remover, Low",♡,9/10
digital,x (PHL),Yellow Paper Rose,Burn Ban,self-released,7/10,n/a,"2, 9","1, 3, 4, 5, 2","indie folk, singer/songwriter, chamber folk","Bright Eyes, Angus & Julia Stone, Chad VanGaalen, Greg Mendez, Caroline",♡,9/10
digital,x (PHL),Dogboys,It's All Over Soon,self-released,7/10,n/a,clean,"4, 1, 3, 2","garage rock, indie rock, punk rock, post punk","The Strokes, Queens of the Stone Age, Arctic Monkeys, Geese, The Rolling Stones",♡,9/10
digital,x (PHL),Carmen Perry,Eyes Like a Mirror,self-released,7/10,n/a,clean,"2, 1, 3","indie rock, indie pop, bubblegrunge, singer/songwriter, alt country","Waxahatchee, Illuminati Hotties, Samia, Indigo De Souza, Julien Baker",♡♡,9/10
digital,x (PHL),WPTR,Redness & Swelling at the Injection Site,Lame-O Records,7/10,n/a,clean,"3, 18, 15, 10","singer/songwriter, indie folk, folk pop, jangle pop, freak folk","2nd Grade, The Lemon Twigs, Elliot Smith, Dear Nora, Of Montreal",♡♡,9/10
digital,,81355 (pronounced Bless.... girl whatever),Bad Dogs,Jouful Noise,7/15,terrorbomb,use edits,"2, 3, 9, 10","pop rap, hip hop","Kendrick Lamar, NNAMDÏ, Frank Ocean, Earl Sweatshirt",♡♡,9/15
digital,,Aunt Katrina,This Heat is Slowly Killing Me,self released,7/15,terrorbomb,2*,"2, 5, 9","alt-country, singer-songwriter, slacker rock","feeble little horse, Alex G, villagerrr, knitting",♡♡,9/15
digital,,Mal Blum,The Villain,Get Better,7/15,terrorbomb,clean,"2, 3, 4","indie pop, pop punk","AJJ, Sidney Gish, The Mountain Goats, Speedy Ortiz",♡♡♡♡,9/15
digital,,Rival Consoles,Landscape from Memory,Erased Tapes,7/15,terrorbomb,clean,"2, 4, 7, 9","IDM, Microhouse, Progressive electronic","Oneohtrix Point Never, Aphex Twin, Boards of Canada, Weval",♡♡♡♡,9/15
digital,,This House is Creaking,I Want to Feel at Home Here,self released,7/15,terrorbomb,1*,"1, 2, 4, 7","neo-psychedelia, noise pop, indie rock","Spirit of the Beehive, Alex G, Guerilla Toss, Porter Robinson, Kero Kero Bonito, Anamanaguchi",♡♡,9/15
digital,,Jessica Winter,My First Album,Lucky Number,7/15,shine on,"12, 13","2, 4, 5, 8, 9","alt pop, electropop","Magdalena Bay, Caroline Polachek, Charli XCX, Pinkpanthress",♡♡♡♡,9/15
digital,,Gina Birch,Trouble,Third Man,7/15,shine on,clean,"1, 3, 6, 8","post punk, indie rock, art punk","Dry Cleaning, Blonde Redhead, Fake Fruit, Bas Jan",♡♡,9/15
digital,,PHABIES,The Curse of Caring,self released,7/15,shine on,clean,"2, 3, 4, 6","indie folk, singer-songwriter, indie rock","Alvvays, Waxahatchee, Julia Jacklin, Rilo Kiley, Angel Olsen",♡♡,9/15
digital,,Wet Leg,moisturizer,Domino,7/15,Pirate,use edits,"1, 3, 4, 6","Indie Rock, Post-Punk Revival, Indie Pop","Sorry, Pip Blom, The Breeders, Yard Act, Mitski, Porridge Radio, Goat Girl",♡♡♡♡♡,9/15
digital,,Split Chain,motionblur,Epitaph,7/15,Pirate,clean,"5, 9, 2, 3, 4","Alternative Metal, Shoegaze, Nu Metal, Post-Hardcore","Teenage Wrist, Narrow Head, Softcult, Keep, Nothing, Knifeplay",♡♡♡♡,9/15
digital,,sunking,I DON'T LIKE MY TELEPHONE,Anti-,7/15,Pirate,clean,"1, 5, 8, 9, 10","Nu Jazz, Jazz","High Pulp, Alfa Mist, Miles Davis, Blood Orange, Thundercat",♡♡,9/15
digital,,Kevin Abstract,Blush,Juno / X8,7/15,Syndicate,use edits,"4, 10, 5, 8","Pop Rap, Bedroom Pop, Neo-Soul, Experimental Hip-Hop","Ameer Vann, SoGone SoFlexy, E Bleu, Drigo, Truly Young, Quadeca, Shelly",♡♡♡♡♡,9/15
digital,,Moon By Moon,"It’s So Nice In Here, Don’t You Think So?",Gardenhead,7/15,Planetary,"4, 11","3, 4, 8","Indie rock, indie pop, folk rock, psych rock","Neutral Milk Hotel, The Beach Boys, Animal Collective, Beach House, The Shins, Yo La Tengo, Angel Olsen",♡♡,9/15
digital,,BC Camplight,A Sober Conversation,Bella Union,7/15,Planetary,"2, 6","2, 3, 5","Indie rock, Indie pop, Singer-songwriter, Lo-Fi","The Lemon Twigs, MGMT, Super Furry Animals, Field Music, Foxygen",♡♡♡,9/15
digital,,Dropkick Murphys,For The People,Play It Again Sam,7/15,Planetary,"3, 6, 12","1, 4, 2, 5","celtic punk, folk punk, street punk, hardcore","Against Me!, Flogging Molly, Social Distortion, Rise Against",♡♡♡♡♡,9/15
digital,,Gwenno,Utopia,Heavenly/[PIAS],7/15,Planetary,clean,"2, 4, 5","Indie pop, electropop, art pop, dream pop","The Weather Station, Cate Le Bon, Julia Jacklin, Alice Phoebe Lou, Pipettes, Gruff Rhys",♡♡♡,9/15
digital,,Anna of the North,"""Give Me Your Love Back"" [single]",Play It Again Sam,7/15,Planetary,clean,single,"electropop, dream pop, art pop","MUNA, The Aces, The Japanese House, Bon Iver, Flock of Dimes",♡♡♡♡♡,9/15
digital,,Mel Bryant & The Mercy Makers,Every God Forsaken Morning,self released,7/15,Planetary,all*,"3, 6, 8, 9","Indie rock, alt country, indie pop, prog rock","Olivia Rodrigo, boygenius, Avril Lavigne",♡♡♡,9/15
digital,,Sweet Talk,Switch On,Cheatin' Hearts,7/15,Planetary,"2, 9","3, 5","southern rock, blues, country","Charley Crockett, The Red Clay Strays, Turnpike Troubadours, Robert Ellis",♡♡♡,9/15
digital,,Forth Wanderers,The Longer This Goes On,Sub Pop,7/22,shine on,9,"1, 2, 4, 8","indie rock, indie pop","LVL UP, Alex G, Hovvdy, Adult Mom, Snail Mail, Palehound",♡♡♡♡,9/22
digital,,Natalie Bergman,My Home Is Not In This World,Third Man,7/22,shine on,clean,"1, 2, 3, 6","singer songwriter, pop soul, chamber pop","Angel Olsen, Lana Del Rey, Strongboi, Julia Jacklin, Kate Bollinger",♡♡♡♡,9/22
digital,,Panic Shack,Panic Shack,Brace Yourself,7/22,shine on,"2, 3, 4, 10","1, 8, 11","garage punk, riot grrrl","Amyl & the Sniffers, Fake Fruit, SPRINTS, Lambrini Girls, HotWax",♡♡♡♡,9/22
digital,,Madeline Kenney,Kiss From The Balcony,Carpark,7/22,terrorbomb,clean,"1, 6, 9","dream pop, indie pop, art pop, singer songwriter","Half Waif, Jenny Hval, Black Belt Eagle Scout, Deradoorian",♡♡♡,9/22
digital,,Jamie Lidell,Places of Unknowing,TODO,7/22,terrorbomb,clean,"3, 7, 9","pop soul, synth funk, idm, nu jazz","James Blake, Rufus Wainwright, Duval Timothy",♡♡♡♡,9/22
digital,,Drought,Souvenir,Iodine,7/22,pirate,13,"13, 2, 4, 8","post-hardcore, screamo, emo","Pianos Become The Teeth, Fiddlehead, Title Fight, mewithoutYou, Deafheaven, Touche Amore",♡♡♡,9/22
digital,,Constellation Myths,Cost of Living,self-released,7/22,pirate,8,"1, 2, 7, 9, 10","indie folk, alt-country, indietronica, indie rock","Neko Case, Angel Olsen, Waxahatchee, The Ballroom Thieves, Hand Habits, Big Thief",♡♡,9/22
digital,,"Dream, Ivory",When You Come Back I Have So Much To Tell You,AWAL,7/22,planetary,1,"3, 6, 7, 10","dream pop, shoegaze, bedroom pop, indie rock","CASTLEBEAT, Wolf Alice, The 1975, Current Joys",♡♡♡♡♡,9/22
digital,,Sly and the Family Stone,The First Family: Live At Winchester Cathedral 1967,High Moon,7/22,planetary,clean,"3, 5, 10","psychedelic soul, early funk","Parliament/Funkadelic, James Brown, Curtis Mayfield, The Isley Brothers, Prince",♡♡♡♡♡,9/22
digital,,Old Mervs,What You've Lost [single],Dew Process / Universal,7/22,planetary,clean,single,"indie rock, surf rock, alt rock, britpop","Royel Otis, The Kooks, Hippo Campus, Circa Waves",♡♡♡♡,9/22
digital,,runo plum,Lemon Garland [single],Winspear,7/22,planetary,clean,single,"indie rock, folk-rock","Alvvays, Florist, Soccer Mommy, Mali Velasquez, girlpuppy",♡♡♡♡,9/22
digital,,Poliça,Dreams Go [single],Memphis Industries,7/22,planetary,clean,single,"synth-pop, indietronica, R&B","Zola Jesus, ANOHNI, Fever Ray, HEALTH, Bat For Lashes, Anna Von Hausswolff, Twin Shadows, Son Lux, Chairlift, Yeasayer",♡♡♡♡,9/22
digital,,Mairead,IS,self-released,7/22,planetary,clean,"2, 3, 8","singer songwriter, art pop warble, chamber pop","Natalie Merchant, Sarah McLachlan, Norah Jones, Rufus Wainwright",♡,9/22
digital,X,Alex G,Headlights,RCA,7/22,syndicate,clean,"3, 1, 5, 8, 10","indie folk, singer-songwriter, neo-psychedelia, americana, folk rock","Adrianne Lenker, Duster, Big Thief, Current Joys, salvia palth, Kimya Dawson",♡♡♡♡♡,11/22
digital,X,"Kurt Vile, Luke Roberts",Classic Love [EP],Verve,7/29,shine on,2,1,"folk rock, americana, singer songwriter","Courtney Barnett, The War on Drugs, Neil Young, Cass McCombs",♡♡♡♡♡,11/29
digital,,Indigo de Souza,Precipice,Loma Vista / Concord,7/29,co-sign,clean,"6, 2, 3, 5","indie rock, indie pop, singer-songwriter, dream pop","Leith Ross, Alice Phoebe Lou, Slow Pulp, Big Thief",,12/12
digital,,DEBBY FRIDAY,The Starrr of the Queen of Life,Sub Pop,8/5,shine on,use edits,"1, 2, 4, 10","EDM, Dancehall, Trance, Afrobeats","Kelela, FKA Twigs, Dawn Richard, SZA, Goldfrapp, Shygirl",♡♡♡♡,10/5
digital,,"New Eves, The",The New Eve Is Rising,Transgressive,8/5,terrorbomb,"1, 4","2, 3, 8","art punk, folk punk, art rock, folk rock","English Teacher, Life Without Buildings, The Raincoats, Mhaol",♡♡♡,10/5
digital,,Sex Week,Upper Mezzanine [EP],Grand Jury,8/5,planetary,4,"1, 2","alt rock, indie rock, slowcore","Soccer Mommy, Automatic, Sorry, Dehd, Blonde Redhead",♡♡♡,10/5
digital,,The K's,Pretty on the Internet,LAB,8/5,planetary,6,"4, 3, 11","indie rock, pop punk, brit-rock","Fontaines DC, The Kooks, Bloc Party, The Libertines, Arctic Monkeys, Franz Ferdinand, Yard Act",♡♡♡♡,10/5
digital,,Laura Groves,Yes [EP],Bella Union,8/5,planetary,clean,"1, 2","atmospheric, art pop, singer-songwriter, avant pop","Men I Trust, TOPS, Couch Prints, Julia Holter, Westerman",♡♡♡,10/5
digital,,Wisp,If Not Winter,(Music Soup/ Interscope),8/5,syndicate,clean,"2, 9, 11, 7, 3","shoegaze, dream pop, noise pop","Glare, Novulent, flyingfish, quannnic, Midrift, Whirr, Panchiko",♡♡♡♡♡,10/5
digital,,DE'WAYNE,june,Fearless/Concord,8/5,pirate,clean,"8, 6, 5, 2, 7, 4, 8","alternative rock, pop punk, rap rock","Genesis Owusu, Prince, Blood Orange, Yves Tumor, Lenny Kravitz, binki, iDKHOW",♡♡♡♡,10/5
digital,,The Voidz,Megz of Ram,ONErpm,8/5,pirate,"2*, 3*","2, 3","neo-psychedelia, synthpop, synth fuck, art pop","The Strokes, MGMT, Tame Impala, Melody's Echo Chamber, Albert Hammond Jr, Pond",♡♡♡♡,10/5
digital,,Mal Devisa,Palimpsesa,Topshelf,8/5,pirate,"1, 2, 4, 5, 6, 12*","26, 7, 15, 23, 3, 18, 21, 12","alternative r&b, singer-songwriter, soul","Vagabon, Benét, McKinley Dixon, Orion Sun, Anjimile, Lauryn Hill, Moor Mother",♡♡,10/5
digital,,Anamanaguchi,Anyway,Polyvinyl,8/5,co-sign,clean*,"2, 3, 6, 10","slacker rock, power pop, chiptune, noise pop","Yuck, Weezer, Jeff Rosenstock, The Flaming Lips",♡♡♡♡♡,10/5
digital,,Ebi Soda,milk in my console [Single],Tru Thoughts,8/5,co-sign,clean,single,"jazz, indie jazz, electronic jazz, beat music","Ezra Collective, corto.alto, Emma-Jean Thackray, Shabaka Hutchings, Moses Boyd, New boost",♡♡♡♡,10/5
digital,,Kassa Overall,C.R.E.A.M. (CASH RULES EVERYTHING AROUND ME) [Single],Warp,8/5,co-sign,clean,single,"jazz, hip-hop, spiritual jazz","Kamasi Washington, SAULT, Butcher Brown, Ezra Collective, Thundercat, Makaya McCraven, Reggie Watts",♡♡♡,10/5
digital,,Gilligan Moss ,Passionfruit [Single],Foreign Family Collective,8/5,co-sign,clean,"1, 2, 3, 4","electronic, house, EDM, electronica","Phoenix, Roosevelt, Miami Horror, Cut Copy, LP Giobbi, The Avalanches, Caribou, Axel Boman",♡♡♡♡,10/5
digital,,Osees,Abomination Revealed At Last,Deathgod,8/12,shine on,"4, 6, 9, 10","1, 2","Garage punk, hardcore, krautrock","Frankie & The Witch Fingers, Snooper, Crack Cloud, Tropical Fuck Strom",♡♡♡♡,10/12
digital,,Ada Lea,when i paint my masterpiece,Saddle Creek,8/12,terrorbomb,9,"3, 4, 5, 10","singer songwriter, indie folk, indie rock","Gia Margaret, Babehoven, Sun June, Merce Lemon",♡♡♡,10/12
digital,,Wombo,Danger In Fives,Fire Talk,8/12,terrorbomb,clean,"1, 2, 6, 9","indie rock, post punk, art punk","PACKS, Wet Leg, Deeper, Cola",♡♡♡♡,10/12
digital,,Teethe,Magic Of The Sale,Winspear,8/12,terrorbomb/planetary,1,"2, 4, 5, 12","slowcore, slacker rock","Horse Jumper of Love, Hovvdy, Grandaddy, villagerrr",♡♡♡♡,10/12
digital,,T. Hardy Morris,Artificial Tears,Normaltown,8/12,terrorbomb,clean,"2, 3, 5","folk rock, alt-country, singer-songwriter","Cut Worms, Dougie Poole, Tim Heidecker, My Morning Jacket",♡♡♡,10/12
digital,,Ethel Cain,"Willoughby Tucker, I'll Always Love You",Daughters of Cain,8/12,syndicate,"3, 6","4, 7, 3, 1, 6","slowcore, singer-songwriter, ambient, post-rock, dreampop","Samia, Lucy Dacus, yeule, Indigo De Souza, Caroline Polachek, Big Thief",♡♡♡♡♡,10/12
digital,,Bad Suns,Accelerator,Epitaph,8/12,pirate,clean,"8, 4, 1, 3, 2, 7, 10","pop rock, indie pop, indie rock","COIN, The Driver Era, Smallpools, Bear Hands, Wallows, The Wrecks, Winnetka Bowling League",♡♡♡♡♡,10/12
digital,,Blair Borax,The Color Green,self-released,8/12,pirate,2,"1, 9, 6, 3, 8","folk, pop, singer-songwriter","Adrianne Lenker, Hannah Cohen, Angel Olsen, Tomberlin, Skullcrusher, Katy Kirby, Angie McMahon",♡♡,10/12
digital,X,Algernon Cadwallader,Hawk [single],Saddle Creek,8/12,shine on,clean,single,"midwest emo, post hardcore","Capn Jazz, Somos, Joyce Manor, Joan of Arc, Marietta",♡♡♡,12/12
digital,X,Moon By Moon,"It's So Nice In Here, Don't You Think So",Gardenhead,8/12,n/a,4,"9, 7, 8, 2","indie pop, indie rock, baroque pop, dream pop","The Sins, Great Grandpa, Beach House, Grizzly Bear",♡♡,12/12
digital,X,Julia Finegan,screendoor [EP],self-released,8/12,n/a,clean,"2, 1, 4","indie folk, singer/songwriter, contemporary folk","Adrianne Lenker, Haley Heynderickx, Joni Mitchell",♡,12/12
digital,X,Superspreder,Superspreder [EP],self-released,8/12,n/a,clean,"4, 1","hard rock, punk rock, rock 'n' roll, garage rock","Mudhoney, Motorhead, Queens of the Stone Age, The Stooges, Dead Kennedys",♡,12/12
digital,X,Kaho Matsui,end of psychosis,self-released,8/12,n/a,clean,"4, 1, 3, 2","ambient folk, avant-folk, singer/songwriter, folktronica","Underscores, Mount Eerie, Lomelda, Caroline, Phoebe Bridgers",♡♡,12/12
digital,X,Bleary Eyed,Easy,Born Losers,8/12,n/a,clean,"3, 9, 2, 1","shoegaze, dream pop, glitch pop, noise pop","TAGABOW, Full Body 2, Sweet Trip, Winter, Hooky",♡♡♡,12/12
digital,,Getdown Services,Primordial Slot Machine [EP],Breakfast,8/19,shine on,clean,"2, 4","dance punk, new wave, indie pop","Viagra Boys, The Bug Club, Warmduscher, Yard Act, shame",♡♡♡♡,10/19
digital,,Bret McKenzie,Freak Out City,Sub Pop,8/19,shine on,"2, 8","1, 2, 6, 10","singer songwriter, alt country","Wilco, Randy Newman",♡♡♡♡,10/19
digital,,Pile,Sunshine and Balance Beams,Sooper,8/19,terrorbomb,8*,"5, 6, 8","post hardcore, indie rock, noise rock","Protomartyr, Shellac, Slint, Deerhoof",♡♡♡,10/19
digital,,Marissa Nadler,New Radiations,Sacred Bones,8/19,terrorbomb,clean,"5, 7, 8","Psychedelic Folk, Singer Songwriter, Chamber Folk","Aldous Harding, Zola Jesus, Chelsea Wolfe, Julie Byrne",♡♡♡,10/19
digital,,Case Oats,Last Missouri Exit,Merge,8/19,terrorbomb,"1*, 5*, 9","2, 3, 5, 7","indie rock, alt country, singer songwriter","Wilco, Waxahatchee, Lily Seabird, Moldy Peaches",♡♡♡,10/19
digital,,Shaki Tavi,Minor Slip,felte,8/19,terrorbomb,"1, 4","3, 5, 8","shoegaze, indie rock, noise pop","Drop Nineteens, Ovlov, Narrow Head, Nothing",♡♡,10/19
digital,,9Million,9Million,Homie Shit Magazine,8/19,syndicate,clean,"2, 9, 3, 12","alternative rock, grunge, neo-psychedelia","Retail Drugs, Garage Sale, Starling, Bleary Eyed, thistle., halloween, ",♡♡♡,10/19
digital,,Autoheart,Heartlands,O/R,8/19,syndicate,clean,"1, 4, 5, 8","indie pop, synthpop, piano rock","The Orion Experience, Fish in a Birdcage, The Crane Wives, Mother Mother, Penelope Scott, Will Wood",♡♡♡♡,10/19
digital,,she's green,Chrysalis,Photo Finish,8/19,pirate,clean,"2, 5, 3, 1","shoegaze, dream pop, ethereal wave","Crumb, Clairo, Men I Trust, Hatchie, Beach House, julie, Lowertown, MILLY",♡♡♡♡,10/19
digital,,ivri,the theory of you,SoundOn,8/19,pirate,clean,"3, 7, 2, 6, 8","alternative rock, indietronica, shoegaze","Wisp, Beabadoobee, Glare, she's green, Panchiko, Mother Soki, Softcult, Slow Pulp",♡♡♡♡♡,10/19
digital,,Pool Kids,Easier Said Than Done,Epitaph,8/19,pirate,"1*, 3*, 7*, 10*","4, 6, 11, 1, 3, 7","emo-pop, indie rock, midwest emo, dream pop","Sweet Pill, Paramore, Slow Pulp, Oso Oso, Soccer Mommy, Origami Angel, Alvvays, HAIM",♡♡♡♡,10/19
digital,,TOPS,Bury the Key,Ghostly,8/26,terrorbomb/secretly,"8*, 9","3, 5, 6, 8","indie pop, synthpop, dream pop","Tennis, Men I Trust, L'Imperatrice, Molly Burch, Unknown Mortal Orchestra",♡♡♡♡,10/26
digital,,Superchunk,Songs in the Key of Yikes,Merge,8/26,terrorbomb,clean,"1, 2, 3, 7, 8","indie rock, power pop, slacker rock","Archers of Loaf, Guided by Voices, Pavement, Teenage Fanclub",♡♡♡♡,10/26
digital,,Greg Freeman,Burnover,Transgressive,8/26,terrorbomb,"2*, 4*, 6, 8","1, 2, 4, 7","indie rock, alt country, slacker rock","Friendship, MJ Lenderman, Songs: Ohia, Lily Seabird",♡♡♡♡,10/26
digital,,Pearly Drops,The Voices Are Coming Back,Music Website,8/26,terrorbomb,clean,"2, 3, 5, 8","synthpop, bedroom pop, dreampop","Vitesse X, Eartheater, yeule, Neggy Gemmy",♡♡♡♡,10/26
digital,,Lathe of Heaven,Aurora,Sacred Bones,8/26,terrorbomb,clean,"2, 5, 7, 10","new wave, goth rock, dream pop","The Cure, Cold Cave, Death Bells",♡♡,10/26
digital,,Seedbed,Stalemate,Tiny Engines,8/26,terrorbomb,clean,"1, 3, 5","indie rock, dream pop","Duster, villagerrr, Broken Social Scene, 22° Halo",♡,10/26
digital,,Wednesday,Bitter Everyday [single],Dead Oceans,8/26,secretly,clean,single,"alt country, indie rock, singer songwriter","MJ Lenderman, Friendship, Merce Lemon",♡♡♡♡,10/26
digital,,Mac DeMarco,Guitar,Mac's Record Label,8/26,shine on,clean,"3, 7, 11","singer-songwriter, bedroom pop, indie folk","Alex G, Porches, Mitski, Clairo, beabadoobee, Matt Maltese",♡♡♡♡♡,10/26
digital,,Evidence,"Unlearning, Vol. 2",Rhymesayers,8/26,co-sign,use edits,"2, 3, 4, 6, 8, 13, 15","hip-hop, boom bap","Black Milk, Madlib, J Dilla, McKinley Dixon, Noname",♡♡♡♡,10/26
digital,,Murs,Love & Rockets 3:16 (The Emancipation),Mello Music Group,8/26,co-sign,use edits,"1, 2, 3, 4, 5, 7, 10","hip-hop, boom bap","Fashawn, Atmosphere, Living Legends, Run The Jewels, Open Mike Eagle",♡♡♡♡,10/26
digital,,Stacy Epps,FLOWHEART,RE:SOURCE COLLAB,8/26,co-sign,clean,"2, 8, 9","neo-soul, R&B, hip-hop","Georgia Anne Muldrow, Karriem Riggins, Erykah Badu, NxWorries, Jamila Woods, Mereba, Digable Planets, Liv.e",♡♡♡♡,10/26
digital,,Anand Wilder,Psychic Lessons,Last Gang Records,8/26,co-sign,10,"1, 3, 8, 11","psych-pop, indie psych, psych rock","Yeasayer, Vampire Weekend, Tame Impala, Unknown Mortal Orchestra",♡♡♡,10/26
digital,,Kelly Moonstone,New Moon,self-released,8/26,co-sign,use edits,"2, 3, 4, 11","hip-hop, R&B, neo-soul","Erykah Badhu, Jill Scott, Ms. Lauryn Hill, Pink Siifu, MAVI, Saba, Navy Blue",♡♡♡,10/26
digital,,Ami Taf Ra,The Prophet and The Madman,Brainfeeder,8/26,co-sign,clean,"2, 3, 5, 8, 11","jazz, spiritual jazz, soul, gospel","Yazz Ahmed, Alabaster Deplume, duendita, Nubya Garcia, Kamasi Washington, Thundercat, Shabaka Hutchings",♡♡♡,10/26
digital,,Water From Your Eyes,It's A Beautiful Place,Matador,8/26,Beggars/shine on,clean,"2, 3, 4, 7","noise pop, art pop, indie rock","Wombo, Winter, Fantasy of a Broken Heart, Geese",♡♡♡♡,10/26
digital,,Nourished By Time,The Passionate Ones,XL,8/26,Beggars,8,"3, 6, 9, 12","hypnagogic pop, neo-soul, synthpop","John Glacier, Chanel Beads, LUCY, Nilüfer Yanya",♡♡♡♡,10/26
digital,,"hey, nothing",Black Bear [single],Music Soup/Interscope,8/26,syndicate,clean,single,"indie folk, indie rock, singer-songwriter","Joe P, Medium Build, Arcy Drive, flipturn, Slaughter Beach, Dog, ",♡♡♡♡,10/26
digital,,Winter,Adult Romantix,Winspear,8/26,planetary,"1, 2*","2, 4, 8","Indie rock, shoegaze, dream pop, indie pop","Tanukichan, Horse Jumper of Love, Wombo, Wishy, Melody's Echo Chamber",♡♡♡♡,10/26
digital,,Bikini Trill,Bikini Trill,Ineffable,8/26,planetary,clean,"3, 11, 6, 10","surf-pop, surf rock, dream pop, edm","SASAMI, Paramore, Feeble Little Horse, Sleigh Bells, Turnstile",♡♡♡,10/26
digital,,Borderline,Chrysalis [EP],Borderline/Empire,8/26,planetary,clean,"1, 2, 5","pop, pop rock, electro pop, funk","Tame Impala, The 1975, The Killers, Two Door Cinema Club, Phoenix, Hippo Campus, Air Traffic Controller",♡♡♡,10/26
digital,,Sir Chloe,Swallow The Knife,ONErpm,8/26,pirate,clean,"2, 4, 9, 1, 3, 7","indie rock, post-punk revival, jangle pop","Cherry Glazerr, Caroline Polachek, Saya Gray, The Regrettes, Blondshell, Beabadoobee",♡♡♡♡♡,10/26
digital,,Georgia Harmer,Eye of the Storm,Arts & Crafts,8/26,pirate,clean,"2, 8, 1, 4, 9","singer-songwriter, indie folk","boygenius, Taylor Janzen, Sister Ray, Clairo, The Weather Station, Free Range, Allegra Krieger",♡♡♡,10/26
digital,,The World Is A Beautiful Place & I Am No Longer Afraid To Die,Dreams of Being Dust,Epitaph,8/26,pirate,"4*, 5*, 11*","7, 2, 10","post-hardcore, alternative metal, emo, metalcore","Foxing, Manchester Orchestra, Tigers Jaw, Into It. Over It., Touche Amore",♡♡♡♡,10/26
digital,,Dean Johnson ,I Hope We Can Still Be Friends,Saddle Creek,9/2,shine on,clean,"1, 3, 7","americana, singer songwriter","Andy Shauf, Rilo Kiley, Conor Oberst, Iron & Wine, John Prine",♡♡♡♡,11/2
digital,,Runnner,A Welcome Kind of Weakness,Run For Cover,9/2,terrorbomb,"2*, 3*, 10*, 11","2, 5, 8, 9","indie rock, singer songwriter, indie folk","Field Medic, Hovvdy, Alex G, Babehoven",♡♡♡♡,11/2
digital,,"Beths, The",Straight Line Was A Lie,Anti-,9/2,terrorbomb,clean,"1, 3, 4, 5","indie rock, jangle pop, power pop","illuminati hotties, Courtney Barnett, Soccer Mommy",♡♡♡♡,11/2
digital,,Disiniblud,Disiniblud,Smuggler's Way/Domino,9/2,terrorbomb,clean,"1, 2, 6","folktronica, electroacoustic, glitch pop","Lucy Liyou, Juliana Barwick, claire rousay, More Eaze",♡♡♡,11/2
digital,,Delicate Steve,Luke's Garage,Have Fun Thinking,9/2,terrorbomb,clean,"2, 4, 15","electronic, indietronica","Luke Temple, William Tyler, J Dilla’s Donuts, Ryley Walker, Rose City Band",♡♡♡♡,11/2
digital,,Tchotchke,Playin' Dumb,Self Released,9/2,terrorbomb,clean,"2, 4, 7, 11","indie pop, pop rock, psychedelic pop","The Knee-His, Heavenly, Le Pain, Starcleaner Reunion, Sharp Pins",♡♡♡,11/2
digital,,Ganser,Animal Hospital,felte,9/2,terrorbomb,"10*, 11","1, 2, 10","post punk, art punk, noise rock","Drahla, Sleater-Kinney, Liars, Wombo, Blonde Redhead, Dry Cleaning",♡♡♡,11/2
digital,,Blood Orange,Essex Honey,RCA,9/2,syndicate,clean,"5, 3, 11, 6, 4","alt-pop, art pop, indietronica, alternative r&b","Clairo, Lorde,Shelly, Beach House, Yebba, The Marias, Ravyn Lenae",♡♡♡♡♡,11/2
digital,,Pinkshift,Earthkeeper,Hopeless,9/2,pirate,1*,"11, 4, 3, 2, 8","post-hardcore, pop punk, alternative rock, emo-pop","Destroy Boys, Mannequin Pu*sy, Scowl, Sweet Pill, The Linda Lindas, Turnstile",♡♡♡♡,11/2
digital,,myah,i don't know what i'm feeling,self-released,9/2,pirate,clean,"14, 17, 3, 2, 9, 4","alt-pop, electropop, indie pop","Billie Eilish, CMAT, Maggie Rogers, Chappell Roan, Fletcher, Paramore, Gracie Abrams",♡♡,11/2
digital,,The Technicolors,Heavy Pulp,SoundOn,9/2,pirate,4,"1, 11, 5, 3, 6, 2","indie rock, alternative rock, psychadelic rock","The Strokes, Circa Waves, Franz Ferdinand, Bad Suns, Vlad Holiday, COIN, The Vaccines",♡♡♡♡,11/2
digital,,"Hives, The",The Hives Forever Forever The Hives,PIAS,9/2,planetary,"2*, 3, 4, 5*, 7*, 12","2, 5, 7, 13","garage rock, garage punk, punk rock","The White Stripes, The Strokes, The Vines, The Libertines, Jet, The Von Bondies",♡♡♡♡♡,11/2
digital,,Girljockey,Girljockey,Helping Hands,9/2,planetary,clean,"1, 4, 6, 9, 10","slowcore, grunge, alt-rock, dream pop","PJ Harvey, Die Spitz, Jessica Lee Mayfield, Swans, Scout Niblett, Jessica Pratt, Mazzy Star",♡,11/2
digital,,Modern Nature,The Heat Warps,Bella Union,9/2,planetary,clean,"1, 4, 6","experimental jazz, folk, krautrock","Big Thief, Sufjan Stevens, Tomberlin, Anna St. Louis, Itasca",♡♡♡,11/2
digital,,Lord Friday the 13th,Promoerotica,self-released,9/2,planetary,"1, 2*, 10*","2, 5, 10","glam punk, punk rock, garage rock","Lambrini Girls, Amyl & The Sniffers, Hunx & His Punx, SPRINTS, The Cramps",♡,11/2
digital,,shame,Cutthroat,Dead Oceans ,9/9,secretly / terrorbomb,use edits,"2, 3, 9","post punk, garage rock, dance punk","Wet Leg, Courting, Viagra Boys, Franz Ferdinand, Bloc Party",♡♡♡♡,11/9
digital,,Ella Ion,Blue Black Crows [EP],Our Golden Friend,9/9,shine on,clean,"1, 3, 5","indie folk, singer songwriter","Folk Bitch Trio, Natalie Bergman, Julia Jacklin, Adrianne Lenker",♡♡♡,11/9
digital,,Junaco,In Motion [EP],self released,9/9,shine on,clean,"3, 4, 5, 7","art pop, sophisti-pop, dream pop","Weyes Blood, Alice Phoebe Lou, Stereolab, Dirty Projectors",♡♡♡,11/9
digital,,Late Again,Clearly It's All Staged [EP],self released,9/9,shine on,clean,"1, 2, 3","chillwave, neo psychedelia, indie pop","Toro Y Moi, Of Montreal, Washed Out, Beck, Tame Impala, Still Woozy",♡♡♡,11/9
digital,,Hayley Williams,Ego Death at a Bachelorette Party,Post Atlantic,9/9,terrorbomb,use edits,"2, 5, 10, 18","alt rock, singer-songwriter, trip hop","Paramore, Arlo Parks, HAIM, King Princess, Lucy Dacus, St. Vincent",♡♡♡♡♡,11/9
digital,,Acopia,Blush Response,Scenic Route,9/9,terrorbomb,clean,"1, 3, 6","dream pop, downtempo","snuggle, Fine, Operelly, spirit blue",♡♡♡♡,11/9
digital,,JayWood,Leo Negro,Captured Tracks,9/9,terrorbomb,"2*, 5*, 6, 7, 8, 11","2, 3, 5","hip hop, jazz rap, alternative r&b","Steve Lacy, Nourished By Time, Yuno, They Hate Change",♡♡♡,11/9
digital,,Asher White,8 Tips for Catastrophe Living,Joyful Noise,9/9,terrorbomb,5,"1, 2, 3","indie pop, contemporary folk, singer songwriter","Godcaster, fantasy of a broken heart, Deerhoof, Animal Collective",♡♡,11/9
digital,,Cut Copy,Moments,Cutters,9/9,co-sign,clean,"1, 2, 3, 4","electronic, psych-pop, synth-pop","Hot Chip, Caribou, Django Django, Unkown Mortal Orchestra, Toro y Moi, Myd",♡♡♡♡,11/9
digital,,Venna,MALIK,Cashmere Thoughts,9/9,co-sign,use edits,"3, 4, 6, 8, 10, 16, 17","jazz, r&b, hip-hop, modern jazz","BADBADNOTGOOD, Leon Thomas, Yussef Dayes, Ashley Henry, Tom Misch, Mansur Brown",♡♡♡♡♡,11/9
digital,,Sons of Sevilla,Street Light Moon,Ubiquity Records,9/9,co-sign,clean,"1, 2, 7, 8, 9","soul, indie, R&B, jazz-rock","Real Estate, BRONCHO, Whitney, Foxygen, Allah-Las, Drugdealer",♡♡♡,11/9
digital,,Steven Bamidele,THE CRASH!,Tru Thoughts,9/9,co-sign,use edits,"1, 4, 5, 9, 10","soul, jazz, electro-jazz, jazz-rock","Jordan Rakei, Tom Misch, Nick Hakim, Ebi Soda, Lianne La Havas, Thundercat, Michael Kiwanuka, James Blake",♡♡♡,11/9
digital,,Weval,CHOROPHOBIA,Technicolour,9/9,co-sign,clean,"3, 4, 6, 9, 11","electronic, dance, electro-funk","Daphni, Leon Vynehall, Four Tet, TSHA, Daniel Avery, Floating Points, Purelink",♡♡♡♡,11/9
digital,,Myd,Mydnight,Ed Banger,9/9,co-sign,use edits,"1, 2, 3, 10, 13","electronic, dance, club music","L'Imperatrice, Jungle, Franc Moody, Carlita, LP Giobbi",♡♡♡♡♡,11/9
digital,,Sunset Rollercoaster,Quit Quietly,WM Taiwan/East West,9/9,co-sign,clean,"1, 2, 4, 10, 11","psych-pop, chamber-pop, indie pop","Peter Cat Recording Co., Ginger Root, Clairo, Men I Trust, Ichiko Aoba, Sam Evian, Drugdealer, Mild High Club, Gia Margaret",♡♡♡♡♡,11/9
digital,,Hot Chip,Joy In Repitition,Domino,9/9,syndicate,clean,all,"synthpop, electropop, indietronica, new rave, alternative dance","The Rapture, Cut Copy, Simian Mobile Disco, LCD Soundsystem, Caribou",♡♡♡♡,11/9
digital,,La Dispute,No One Was Driving The Car,Epitaph,9/9,pirate,7,"2, 1, 4, 3, 11, 12, 13","post-hardcore, emo, post-punk, indie rock","Touché Amoré, Pianos Become The Teeth, Defeater, Title Fight, Basement, The World Is a Beautiful Place & I Am No Longer Afraid to Die",♡♡♡♡,11/9
digital,,Flyte,Between You and Me,Nettwerk,9/9,pirate,clean,"2, 1, 4, 3, 6","indie folk, indie rock, singer-songwriter","Fleet Foxes, The Staves, Half Moon Run, Bombay Bicycle Club, Iron & Wine, Bon Iver, Local Natives, The Paper Kites",♡♡♡♡,11/9
digital,,Whitehall,National Finals Radio,Enci,9/9,pirate,2,"8, 5, 7, 3, 2",indie rock,"The Happy Fits, Petey USA, Cal In Red, Surf Curse, Hippo Campus, Arlie",♡♡♡,11/9
digital,X,Algernon Cadwallader,Trying Not To Have A Thought,Saddle Creek,9/9,shine on,"2, 6, 11","1, 4, 8, 10","emo, post hardcore, math rock","Cap'n Jazz, Marietta, Joyce Manor, Joan of Arc, Somos",♡♡♡♡,1/9
digital,,Your Smith,The Rub,Nettwerk,9/16,shine on,"4, 5, 6","1, 7, 10","indie pop, singer songwriter","Mitski, Japanese Breakfast, Caroline Rose, Sylvan Esso, Chappell Roan",♡♡♡♡,11/16
digital,,"Chameleons, The",Arctic Moon,Metropolis,9/16,shine on,clean,"1, 7","jangle pop, post punk, neo psychedelia","The Church, Pulp, Ride, Oasis, The Stone Roses, The Smiths",♡♡♡♡,11/16
digital,,Guerilla Toss,You're Weird Now,Sub Pop,9/16,shine on,clean,"1, 2, 3, 4, 5","neo psychedelia, new wave, zolo","Deerhoof, Death Grips, Pylon, Tune-Yards, Ought",♡♡♡,11/16
digital,,Whitney K,Bubble,Fire,9/16,shine on,"3, 10, 11","1, 2, 12","Americana, alt country","Bill Callahan, Silver Jews, Lou Reed, MJ Lenderman, Smog",♡♡♡,11/16
digital,,Hockey Dad,The Clip [EP],self released,9/16,shine on,clean,"1, 2","indie rock, surf rock","Vampire Weekend, Babe Rainbow, Mac DeMarco, Kurt Vile",♡♡♡♡,11/16
digital,,Gruff Rhys,Dim Probs,Rock Action,9/16,shine on,clean,"3, 4, 6","chamber pop, psychedelic pop","Super Furry Animals, Jens Lenkman, Andy Shauf, Stereolab",♡♡♡,11/16
digital,,"Hidden Cameras, The",BRONTO,Motor,9/16,shine on,clean,"1, 2, 4, 7","indie pop, chamber pop","Hot Chip, Arthur Russell, Rufus Wainwright, Belle & Sebastian",♡♡♡,11/16
digital,,Die Spitz,Something to Consume,Third Man,9/16,shine on,clean,"1, 3, 8, 9","alt rock, sludge metal, post-hardcore","Amyl & The Sniffers, Bully, SPRINTS, Hole, Lambrini Girls, Upchuck",♡♡♡♡,11/16
digital,,Cafuné,Bite Reality,Aurelians Club,9/16,terrorbomb,"3*, 6","1, 2, 3, 7","indie rock, alt pop, indie pop","Alvvays, Cults, Beabadoobee, girl in red",♡♡♡♡♡,11/16
digital,,mark william lewis,Mark William Lewis,A24 Music,9/16,terrorbomb,6,"1, 3, 5, 8","singer-songwriter, slowcore, alt-country","Elias Rønnenfelt, Dean Blunt, King Krule, Cameron Winter",♡♡♡♡,11/16
digital,,Carson McHone,Pentimento,Merge,9/16,terrorbomb,clean,"2, 4, 8","americana, singer-songwriter","Charlotte Cornfield, Julie Doiron, Esther Rose, Margo Guryan, Daniel Romano",♡♡♡,11/16
digital,,Will Paquin,Hahaha,self released,9/16,terrorbomb,9,"1, 2, 5","singer-songwriter, indie folk","Current Joys, Vacations, Joy Again, Vundabar, Ty Segall",♡♡♡♡♡,11/16
digital,,Laveda,"Love, Darla",Bar/None,9/16,terrorbomb,"1*, 5*","2, 5, 6","indie rock, punk, shoegaze","julie, Blonde Redhead, Sonic Youth, Momma, Fleshwater",♡♡♡,11/16
digital,,In The Pines,Sunbeam Dream,self released,9/16,terrorbomb,clean,"2, 4, 5","psych rock, indie rock, alt rock","Melody's Echo Chamber, The Brian Jonestown Massacre, Pond, The Stone Roses",♡♡♡,11/16
digital,,Verses GT,Verses GT,LUCKYME,9/16,terrorbomb,clean,"2, 3, 6","glitch hop, electronic, ambient pop","Nosaj Thing, Jacques Greene, Floating Points, Caribou, Aphex Twin, Burial, Gold Panda",♡♡♡♡,11/16
digital,,Ho99o9,Tomorrow We Escape,Last Gang,9/16,syndicate,all except 9,"9, 3, 4, 7","industrial hip hop, digital hardcore, hardcore punk, trap metal","King Yosef, Street Sects, The Armed, Backxwash, clipping., Chat Pile",♡♡♡♡,11/16
digital,,Frost Children,SISTER,True Panther/ Dirty Hit,9/16,pirate,"1, 7, 9, 11","9, 7, 4, 2, 5, 12","electro house, electropop, dance pop, hyperpop","Porter Robinson, Neggy Gemmy, Jane Remover, Fcukers, 100 gecs, underscores",♡♡♡♡,11/16
digital,,Fleshwater,2000: In Search Of The Endless Sky,Closed Casket Activities,9/16,pirate,6,"2, 3, 4, 8, 1, 10","alternative metal, post-hardcore, alternative rock, shoegaze","Softcult, julie, Narrow Head, Wisp, Glare, Superheaven, No Joy, Blushing",♡♡♡♡,11/16
digital,,Rafiq Bhatia,Environments,Anti-,9/16,pirate,clean,"7, 3, 5, 6","post-rock, nu jazz, tribal ambient, progressive electronic","Son Lux, Oneohtrix Point Never, Andy Stott, William Basinski, Mouse on the Keys, Dawn of Midi, David Lynch",♡♡,11/16
digital,,Bodyweb,deadwired [EP],Flatspot,9/16,pirate,use edits,"4, 3, 2","nu metal, metalcore, post-hardcore","Higher Power, DRAIN, End It, Chat Pile, Portrayal of Guilt",♡♡♡,11/16
digital,X,Jacob Tremont & Lauren Rosato,This Time Around [EP],Mint 400,9/16,pirate,5*,"4, 3, 1, 5","alt-country, singer-songwriter, indie folk","MJ Lenderman, Waxahatchee, Wild Pink, Billie Marten, Trace Mountains, Haley Heynderick",♡,1/16
digital,,Yasmine Hamdan,I remember I forget,Crammed Discs/[PIAS],9/22,planetary,clean,"1, 2, 6","arabic pop, singer-songwriter, art pop","Björk, Claire Rousay, Charlotte Gainsbourg, Lots of Hands, Julia Holter",♡♡♡♡,11/22
digital,,Frog,THE COUNT,Audio Antihero,9/22,planetary,"2*, 3, 4*, 5*, 6*, 7, 8, 10","1, 2, 4, 5, 6, 9","indie rock, alt country, indie folk, singer-songwriter","MJ Lenderman, Jonathan Richman, Horse Jumper of Love, Silver Jews, Wednesday",♡♡♡♡,11/22
digital,,Boo Boos,Young Love,Play It Again Sam/[PIAS],9/22,planetary,"4*, 12","3, 8, 4, 1","rock, indie rock, psych pop, singer/songwriter, twee","Eels, 79.5, Drugdealer & Weyes Blood, Tennis, Rilo Kiley, The Ting Tings, Kate Bollinger",♡♡,11/22
digital,,Wednesday,Bleeds,Dead Oceans,9/23,Secretly / terrorbomb,use edits,"2, 4, 8, 10","alt country, slacker rock, noise pop","MJ Lenderman, Greg Freeman, Frog, Friendship, This Is Lorelei",♡♡♡♡,11/23
digital,,Jens Lekman,Songs For Other People's Weddings,Secretly Canadian,9/23,Secretly,clean,"1, 3, 12, 13","singer-songwriter, chamber pop","Father John Misty, Regina Spektor, Andrew Bird, Andy Shauf",♡♡♡♡,11/23
digital,,L'Antidote,L'Antidote,Ponderosa,9/23,shine on,clean,"1, 2, 5, 6, 7","modern jazz, modern classical, world music","Mdou Moctar, Khruangbin, Ludovico Einaudi, Pat Metheny",♡♡♡,11/23
digital,,Black Lips,Season of the Peach,Fire,9/23,shine on,clean,"4, 5, 7, 10","garage rock, country rock","Sharp Pins, Ty Segall, Parquet Courts, King Tuff",♡♡♡♡,11/23
digital,,Nation of Language,Dance Called Memory,Sub Pop,9/23,shine on,clean,"2, 4, 5, 7, 8, 9","synthpop, dance pop, post punk revival","Future Islands, Dehd, DIIV, Youth Lagoon, New Order, bdrmm",♡♡♡♡♡,11/23
digital,,KennyHoopla,conditions of an orphan// [EP],GARBAGEHILL,9/23,shine on,clean,"2, 3, 4","pop punk, alternative r&b, indie pop","Metronomy, Bloc Party, The Cure, Current Joys",♡♡♡♡,11/23
digital,,REVERSE YR CURSE,Where Are We Going and When Will We Get There?,self released,9/23,shine on,clean,"1, 2","indie rock, noise rock, dream pop","Blonde Redhead, Broadcast, Deerhoof",♡,11/23
digital,,múm,History of Silence,Morr Music,9/23,terrorbomb,clean,"2, 3, 5","indietronica, ambient pop","Sigur Rós, Juliana Barwick, Gia Margaret, amiina",♡♡♡♡,11/23
digital,,Sydney Minsky Sargeant,Lunga,Domino,9/23,terrorbomb,clean,"3, 4, 5, 6","singer-songwriter, contemporary folk","Working Men’s Club, Nick Drake, Hudson Freeman, Dove Ellis",♡♡♡,11/23
digital,,Scarlet Rae,No Heavy Goodbyes [EP],Bayonet,9/23,terrorbomb,1,2,"dream pop, indie pop","Hatchie, Hazel English, Fazerdaze, girlpuppy",♡♡♡,11/23
digital,,"Happy Fits, The",Lovesick,Diamond City/ The Happy Fits,9/23,syndicate,"3, 5, 10","4, 2, 1","power pop, pop punk, indie rock","Dom Fera, Jukebox the Ghost, Kevin Walkman, I DONT KNOW HOW BUT THEY FOUND ME, Autoheart",♡♡♡♡,11/23
digital,,NewDad,Altar,Fair Youth/ Atlantic,9/23,syndicate,6,"4, 3, 8, 7","indie rock, dream pop, gothic rock, grunge","Sorry, mary in the junkyard, Wolf Alice, Softcult, Blondshell",♡♡♡♡,11/23
digital,,Motion City Soundtrack,The Same Old Wasted Wonderful World,Epitaph,9/23,pirate,"3, 4, 7","3, 4, 7, 2, 6, 10","pop punk, power pop, alternative rock, emo-pop","Saves the Day, Say Anything, Get Up Kids, Superchunk, Braid, Weezer",♡♡♡♡,11/23
digital,,Public Opinion,Perpetual Motion Machine [EP],SideOneDummy,9/23,pirate,use edits,"1, 2","garage punk, garage rock revival, pop punk, punk rock","PUP, Fiddlehead, Militarie Gun, Joyce Manor, Turnstile, The Hives",♡♡♡,11/23
digital,X,Golden Apples,Shooting Star,Lame-O,9/23,terrorbomb,"7, 11","2, 3, 5","neo-psychedelia, indie pop, dream pop","Yo La Tengo, Joyer, Frog, Michael Hurley",♡♡♡,1/23
digital,,SPRINTS,All That Is Over,Sub Pop,9/30,shine on,4,"3, 5, 6, 9","garage punk, alt rock, post punk revival","Bully, PJ Harvey, Le Tigre, Fontaines DC, Sonic Youth, Patti Smith",♡♡♡♡,11/30
digital,,Rosa Anschutz,Sabbatical,Heartworm,9/30,shine on,clean,"4, 5, 11","art pop, darkwave, ethereal wave","Jenny Hval, yeule, Julia Holter, Bjork, Beach House, Cat Power",♡♡♡♡,11/30
digital,,Cole Davis,Consider It!,Totally Gross National Product,9/30,shine on,clean,"1, 3, 7, 9",indie folk,"bon iver, aaron rice, kinfu",♡♡♡,11/30
digital,,"Macks, The",Bonanza,DevilDuck,9/30,shine on,"2, 3, 4, 8",5,"garage rock, psych rock, garage punk","Ty Segall, Arctic Monkeys, Sonic Youth, early Devo, The Velvet Underground",♡♡,11/30
digital,,Bright Eyes,Kids Table [EP *allegedly*],Dead Oceans,9/30,Secretly,"3, 8","1, 6, 3","indie folk, indie rock, singer-songwriter","The Mountain Goats, Hurray for the Riff Raff, Sufjan Stevens",♡♡♡♡♡,11/30
digital,,Purity Ring,purity ring,the fellowship,9/30,terrorbomb,clean,"2, 3, 4, 9","electropop, indietronica, dream pop","Oklou, Eartheater, yeule, Alice Glass, Zelda & Final Fantasy",♡♡♡♡,11/30
digital,,Coach Party,Caramel,Chess Club,9/30,terrorbomb,"2*, 3","1, 2, 6, 9","indie rock, power pop, alt rock","Amyl and the Sniffers, Mannequin Pussy, Lambrini Girls, SPRINTS",♡♡♡,11/30
digital,,Grumpy,Piebald [EP],Bayonet,9/30,terrorbomb,4,"1, 2, 6","neo-psychedelia, indie pop","fantasy of a broken heart, Porches, Sidney Gish, Great Grandpa",♡♡♡,11/30
digital,,Emily Yacina,Veilfall,self released,9/30,terrorbomb,10,"1, 7, 12","indie pop, indie folk, singer-songwriter","Slow Pulp, Babehoven, Lomelda, Alex G",♡♡♡,11/30
digital,,Afternoon Bike Ride,Running With Scissors,Friends of Friends,9/30,terrorbomb,clean,"2, 6, 9","bedroom pop, indie folk","Macie Stewart, Stella Donnelly, Wet, caroline",♡♡♡♡,11/30
digital,,pôt-pot,Warsaw 480km,felte,9/30,terrorbomb,clean,"2, 3, 4 ","psych rock, garage punk, krautrock","NEU!, KGATLW’s Polygondwanaland, Thee Oh Sees/Osees, Ulrika Spacek",♡♡,11/30
digital,,Yin Yin,Spirit Adapter [single],Glitterbeat,9/30,planetary,clean,single,"psychedelic funk, disco, electronic, Japanese city pop","Parcels, DJ Harvey, Glass Beams",♡♡♡♡,11/30
digital,,Elisapie,Inukitut (Remixes),Bonsound,9/30,planetary,clean,1,"electronic, covers, Indigenous folk","Sofia Kourtesis, Four Tet, Kelly Lee Owens, Jamie xx, Fred Again.., Julien Baker, Joanna Newsom",♡♡♡,11/30
digital,,Sir Winston,Protect the Future,Playup,9/30,planetary,clean,"1, 2, 6","electronic, post-punk, rock","The Prodigy, Rage Against the Machine, Goldie, Propellerheads",♡♡,11/30
digital,,Geese,Getting Killed,Partisan,9/30,co-sign,use edits,"1, 2, 6, 10","art-rock, post-punk","Big Thief, Wilco, Pavement, Kurt Vile, Courtney Barnett, Wednesday, Dehd, Horsegirl",♡♡♡♡♡,11/30
digital,,Rainbow Kitten Surprise,bones,Atlantic,9/30,syndicate,use edits,"6, 1, 7, 2","indie pop, stomp and holler, indie rock, alt-pop","Matt Maeson, Mt. Joy, The Backseat Lovers, Briston Maroney, Cage The Elephant",♡♡♡♡♡,11/30
digital,,Daffo,Where the Earth Bends,Concord,9/30,n/a,"6, 7","1, 2, 4, 7, 11","indie pop, bedroom pop, indie folk","Phoebe Bridgers, Big Thief, Indigo De Souza, Squirrel Flower, MJ Lenderman, Alex G",♡♡♡♡,11/30
digital,X,GASKET,BLOOD TO BONE [single],Blue Grape Music,9/30,n/a,clean,single,"hardcore, punk","SCARAB, Xiao, eyesofsorrow, Prevention, MASK",♡♡,11/30
digital,,Neko Case,Neon Grey Midnight Green,Anti-,9/30,pirate,clean,"3, 6, 9, 4, 7, 11","alt-country, singer-songwriter, art rock, folk rock","Jenny Lewis, The Decemberists, Hurray For The Riff Raff, Cate Le Bon, Nick Cave, Waxahatchee, Fiona Apple",♡♡♡♡,11/30
digital,,White Reaper,Only Slightly Empty,Blue Grape Music,9/30,pirate,clean,"3, 2, 6, 4, 7","alternative rock, power pop, garage punk, indie rock","Wavves, Turnstile, Naked Giants, PUP, Japandroids, FIDLAR, The Hives",♡♡♡♡,11/30
digital,X,Pulgas,My Home is Made of Tin,MATH Interactive,9/30,terrorbomb,"1, 3","2, 5, 7","alternative r&b, art pop","Flanafi, Dijon, The Books, Animal Collective, Matmos",♡♡♡,1/30
digital,X,Jess Urwiler,roots [EP],self released,9/30,n/a,clean,"5, 2","singer-songwriter, indie folk","Phoebe Bridgers, Adrianne Lenker, Radiohead",♡,1/30
digital,,Say She She,Cut & Rewind,drink sum wtr,10/7,co-sign,clean,"1, 2, 3, 8","pop, funk, soul","ESG, Sault, Brijean, Habibi, JUNGLE, Charlotte Adigéry",♡♡♡♡,12/7
digital,,Alfa Mist,Roulette,Sekito,10/7,co-sign,clean,"4, 6, 8, 9, 10, 12","neo-soul, jazz","BADBADNOTGOOD, Yussef Dayes, Nubya Garcia, Rocco Palladino, Theon Cross, corto.alto",♡♡♡♡,12/7
digital,,Cochemea,Vol. 3: Ancestros Futuros,Daptone Records,10/7,co-sign,clean,"2, 3, 4","jazz, avant-garde, modern jazz","Kamasi Washington, Makaya McCraven, Jeff Parker, Pharao Sanders, Run Ra, Thundercat, Antibalas, Adrian Quesada",♡♡♡♡,12/7
digital,,Real Bad Man & Genevieve Artadi,Everything Is Under Control,Real Bad Man,10/7,co-sign,use edits,"2, 6, 8","electonic, electro-funk, R&B","Little Dragon, Sault, Tame Impala, Crumb, Massive Attack",♡♡♡,12/7
digital,,Automatic,Is It Now?,Stones Throw,10/7,co-sign,10,"1, 2, 3, 4, 6, 7, 8, 11","minimal wave, synth-punk","Wet Leg, Dry Cleaning, Heartworms, ESG",♡♡♡♡,12/7
digital,,CARRTOONS,Space Cadet,(+1) Records,10/7,co-sign,use edits,"2, 3, 6, 7, 9, 11, 15","neo-soul, hip-hop, funk","Thundercat, Adi Oasis, Hiatus Kaiyote, Steve Lacy, Anderson .Paak",♡♡♡♡,12/7
digital,,SHIMA,Welcome To SHIMAJIMA,Young Art Records,10/7,co-sign,clean,"2, 3, 4, 5, 6, 7, 8","electronica, house, trap","TOKiMONSTA, Camoufly, TSHA, Keine Musik, LP Giobbi, Fred again.., Jamie xx, BLOND:ISH",♡♡♡,12/7
digital,,Scaler,Endlessly,Black Acre,10/7,co-sign,clean,"2, 3, 4, 6","IDM, industrial, electronic","Nine Inch Nails; Boy Harsher; Mandy, Indiana; Molchat Doma; Model/Actriz, yeule",♡♡♡,12/7
digital,,Atmosphere,Jestures,Rhymesayers,10/7,co-sign,use edits,"4, 7, 18, 22, 24, 25","boom-bap, hip-hop","Run The Jewels, Lupe Fiasco, Murs, Aesop Rock, MF DOOM, Deltron 3030",♡♡♡♡,12/7
digital,,JÁNA,Orbit,Self-released,10/7,co-sign,use edits,"2, 4, 5, 8, 9","R&B, electro-soul, neo-soul","Little Dragon, Charlotte Day Wilson, Dijon, Nick Hakim, Mereba, Saya Gray, SZA, Cleo Sol",♡♡♡,12/7
digital,,Ebi Soda,frank dean and andrew,Tru Thoughts,10/7,co-sign,clean,"1, 5, 7, 8, 9","jazz fusion, modern jazz","Ezra Collective, corto.alto, Emma Jean-Thackray, Shabaka Hutchings, Moses Boyd, New Boost",♡♡♡♡,12/7
digital,,Parcels,LOVED,Because Music,10/7,co-sign,"2, 7","3, 4, 5, 8, 9, 10","yacht rock, dance-pop, funk","Jungle, Franc Moody, Metronomy, Benny Sings, Phoenix, Dirty Projectors",♡♡♡♡♡,12/7
digital,,Maruja,Pain to Power,Music For Nations,10/7,co-sign,use edits,"1, 2, 3, 6","noise rock, post-hardcore, rap-rock","Black Midi; Black Country, New Road; BADBADNOTGOOD, IDLES",♡♡♡♡,12/7
digital,,King Pricess,Girl Violence,section1,10/7,co-sign,use edits,"2, 5, 7, 10","alt-pop, pop rock, soft rock","HAIM, Miya Folick, MUNA, Samia, Orla Gartland, spill tab, girl in red",♡♡♡♡♡,12/7
digital,,Kassa Overall,CREAM,Warp Records,10/7,co-sign,clean,"3, 4, 5","jazz, post-bop","Kamasi Washington, SAULT, Butcher Brown, Ezra Collective, Thundercat, Makaya McCraven, Reggie Watts",♡♡♡♡,12/7
digital,,Gilligan Moss,A La Mode,Foreign Family Collective,10/7,co-sign,clean,"1, 2, 3, 5, 6","dance, EDM, electro-pop","Phoenix, Roosevelt, Miami Horror, Cut Copy, LP Giobbi, The Avalanches, Caribou, Axel Boman",♡♡♡♡,12/7
digital,,Big Thief,Double Infinity,4AD,10/7,beggars,clean,"1, 3, 4","folk rock, indie rock, neo psychedelia","Dutch Interior, Alex G, Indigo De Souza, Leith Ross",♡♡♡♡♡,12/7
digital,,forty winks,Love Is A Dog From Hell [EP],Crafted Sounds,10/7,shine on,2,"1, 3, 5","Noise Pop, Shoegaze, math rock, slacker rock","Momma, Hotline TNT, Slow Pulp, Her New Knife, My Bloodly Valentine",♡♡,12/7
digital,,Pynch,Beatiful Noise,Chillburn,10/7,shine on,clean,"2, 4, 5, 7","post punk, new wave, shoegaze","The Bug Club, Pulp, Courting, Pavement, Ducks Ltd, Beach Fossils",♡♡♡,12/7
digital,,Madge,Blipper,Self-released,10/7,shine on,"1, 2, 5, 8",3,"hyperpop, glitch pop","yeule, 100 gecs, Caroline Polachek, Charli XCX, shygirl",♡♡♡♡,12/7
digital,,Snooper,Worldwide,Third Man,10/7,shine on,clean,"1, 4, 5, 10","egg punk, garage punk, dance punk","Amyl & The Sniffers, The Coathangers, Upchuck, Bikini Kill",♡♡♡♡,12/7
digital,,Hannah Frances,Nested In Tangles,Fire Talk,10/7,terrorbomb,clean,"2, 3, 7, 8","singer-songwriter, progressive folk, alt country","hemlock, Adrianne Lenker, Tomberlin, Neko Case",♡♡♡,12/7
digital,,Rocket,R is for Rocket,Transgressive,10/7,terrorbomb,clean,"2, 3, 4, 5, 9","alt rock, indie rock, power pop, grunge","Snail Mail, NewDad, Palehound, Hole, Pool Kids",♡♡♡♡,12/7
digital,,Ribbon Skirt,PENSACOLA [EP],Mint,10/7,terrorbomb,clean,1,indie rock,"Squirrel Flower, No Joy, feeble little horse, Hatchie",♡♡,12/7
digital,,Thomas Dollbaum,Drive All Night,Dear Life,10/7,terrorbomb,"3, 6","1, 2, 6","alt country, singer-songwriter, indie folk","Jason Molina, MJ Lenderman, Friendship, Kate Teague, John Moreland",♡♡♡,12/7
digital,,Cate Le Bon,Michelangelo Dying,Mexican Summer,10/7,planetary,clean,"1, 4, 6, 7","folk, baroque pop, avant-pop, indie rock, post-punk, neo-psychedelia","Julia Holter, Aldous Harding, Jessica Pratt, Weyes Blood, Nico, DRINKS, White Fence, Gruff Rhys, Woods",♡♡♡♡,12/7
digital,,Radium Dolls,Legal Speed,self-released,10/7,planetary,"1, 7, 16","3, 10, 13, 16","punk rock, garage punk, indie rock","Squid, Black Country, New Road, Dry Cleaning, English Teacher, Porridge",♡♡♡♡,12/7
digital,,Night Tapes,portals//polarities,Nettwerk,10/7,planetary,3,"5, 6, 12","ambient, dream pop, electronic, indie pop, shoegaze","Luna Li, Neggy Gemmy, Magdalena Bay, Knifeplay, Jadu Heart, Hiatus Kaiyote",♡♡♡♡♡,12/7
digital,,FLEECE,TORNADO,Blue Heron,10/7,syndicate,"2, 8","9, 10, 3","indie rock, indie pop, neo-psychadelia","Okey Dokey, Goldensuns, Ryan Gebhardt, Nature TV, Purr, French Cassettes",♡♡♡♡,12/7
digital,,Katzin,Anna [Single],Mexican Summer,10/7,syndicate,clean,single,"alternative rock, indie rock, indietronica, alt-country","The Pickled Onions, Cosmic the Cowboy, Andy Jenkins, Joseph, Carriers",♡♡,12/7
digital,,"Starting Line, The",Eternal Youth,Lineage,10/7,pirate,clean,"2, 4, 1, 3, 6","emo-pop, pop punk, pop rock, acoustic rock","Motion City Soundtrack, Militarie Gun, Spiritual Cramp, White Reaper, High Vis, Teen Mortgage, Angel Du$t, The Dirty Nil",♡♡♡♡,12/7
digital,,Peel Dream Magazine,Taurus,Topshelf,10/7,pirate,clean,"1, 3, 5, 2, 7","neo-psychadelia, champer pop, dream pop","Stereolab, Julia Holter, Jessica Pratt, Tanukichan, The Orielles, Belle & Sebastian, Broadcast, Crumb",♡♡♡♡,12/7
digital,X,Kaho Matsui,Ultimate Devotion Plus,self-released,10/7,n/a,clean,"9, 2, 6, 7","ambient folk, folktronica, singer/songwriter, glitch pop","Sweet trip, underscores, Caroline, more eaze, Lucy liyou",♡♡,2/7
digital,X,deltacommagreen,love songs,self-released,10/7,n/a,"2, 4, 6","1, 4, 3","emo, pop punk, singer/songwriter, pop rock","Jeff Rosenstock, Origami Angel, Weezer, Jimmy Eat World",♡,2/7
digital,X,Jim E. Brown,I Urinated on a Butterfly,self-released,10/7,n/a,unmarked... be cautious,"3, 1, 2, 5","comedy, spoken word, post punk, new wave, slacker rock, britpop","King Krule, Richard Dawson, Depeche Mode, Flock of Seagulls, Soft Cell",♡♡♡,2/7
digital,X,Mild Temperance,Welcome Home,Human Error Ltd.,10/7,n/a,clean,"2, 1, 3","alternative r&b, contemporary r&b, psychedelic soul, bedroom pop","Daniel Caesar, H.E.R., Clairo, Kali Uchis",♡,2/7
digital,X,Soup Dreams,Hellbender,Pleasure Tapes/Candlepin,10/7,n/a,"5, 9","9, 7, 1, 2","indie rock, slacker rock, slowcore, alt country","Wednesday, Big Thief, Bloomsday, Alex G, Babehoven",♡♡,2/7
digital,X,Tyler Davis,Out of My Skin,self-released,10/7,n/a,clean,"1, 7, 3, 2","singer/songwriter, indie folk, indie rock, psychedelic folk","Alex G, Elliot Smith, The Magnetic Fields, Allegra Krieger, Big Thief",♡,2/7
digital,X,Sound of Jeb,Small Fibers,self-released,10/7,n/a,clean,"1, 4","indie rock, art rock, singer/songwriter, indie folk","Modest Mouse, Alex G, Racing Mount Pleasant, Jack Stauber",♡,2/7
digital,,Flock of Dimes,The Life You Save,Sub Pop,10/14,shine on,clean,"1, 2, 3, 4","singer songwriter, indie folk, americana","Wye Oak, Jay Som, Sharon Van Etten, Sylvan Esso, Half Waif",♡♡♡♡,12/14
digital,,Cataldo,Two Way Mirror,Self Released,10/14,shine on,3,"4, 8, 9","indie rock, indie pop, alt rock","Death Cab for Cutie, The Mountain Goats, Pedro the Lion, Pinback",♡♡♡,12/14
digital,,Avery Tucker,Paw,Sunkiss,10/14,terrorbomb,*1,"1, 2, 7, 11","synthpop, indietronica, slacker rock","Girlpool, Porches, Katie Gavin, Alaska Reid, Alex G",♡♡,12/14
digital,,Jay Som,Belong,Polyvinyl,10/14,terrorbomb,9,"1, 2, 3, 10","indie rock, bedroom pop, dream pop","Hayley Williams, boygenius, Japanese Breakfast, Yumi Zouma, Sea Lemon",♡♡♡♡,12/14
digital,,FONTINE,Good Buddy,Birthday Cake,10/14,terrorbomb,9,"1, 7","indie rock, indie pop, pop rock","Ratboys, Mariel Buckley, Mikaela Davis, Julianna Riolino",♡♡♡,12/14
digital,,Bruiser and Bicycle,Deep Country,Self Released,10/14,terrorbomb,clean,"2, 10, 12","freak folk, indie rock, neo psychedelia","Animal Collective, Modest Mouse, Frog, Devendra Banhart",♡♡,12/14
digital,,dust,Sky Is Falling,Kanine,10/14,terrorbomb,"2, 5","1, 3, 6","post punk, shoegaze","Fontaines D.C., early shame, early Iceage, Preoccupations, Protomartyr, Ought",♡♡♡,12/14
digital,,Giant Day,Alarm,Elephant 6,10/14,terrorbomb,clean,"2, 6, 10","dream pop, neo psychedelia, indietronica","Peel Dream Magazine, Ladybug Transistor, The Elephant 6 Recording Co",♡♡,12/14
digital,,Olivia Barton,For Myself and For You,Self Released,10/14,terrorbomb,"4, 7, 10, 12","5, 6, 8, 11","singer songwriter, contemporary folk","Madi Diaz, Lucy Dacus, Eliza McLamb, Julien Baker",♡♡♡♡,12/14
digital,,Villagerrr,Tear Your Heart Out (Deluxe Edition),Winspear,10/14,planetary,"3, 7, 11","1, 2, 12, 13","indie rock, folk rock, Americana, alternative, indie pop","Teethe, Joyer, Dutch Interior, Merce Lemon, Wednesday",♡♡♡♡,12/14
digital,,Wilby,Center of Affection,Hit the North,10/14,planetary,"3, 4, *7, *11, 12","7, 11, 1, 5","indie rock, '90s-inflected rock, singer-songwriter","Miya Folick, Soccer Mommy, Brennan Wedl, Snail Mail, Juliana Hatfield",♡♡,12/14
digital,,Upchuck,I'm Nice Now,Domino,10/14,pirate,use edits,"1, 2, 3, 8, 9","garage punk, hardcore punk, grunge","Die Spitz, Amyl and The Sniffers, Teen Mortgage, Lambrini Girls, Mhaol, Black Lips",♡♡♡♡,12/14
digital,,"Antlers, The",Blight,Transgressive,10/14,pirate,8,"4, 3, 5, 7","ambient pop, slowcore, indie folk, indietronica","Bon Iver, Sigur Ros, Fleet Foxes, Grizzly Bear, Perfume Genius, Alan Sparhawk, Keaton Henson",♡♡♡♡,12/14
digital,,Danger Mouse & Black Thought,Up,BMG,10/14,syndicate,edit available,single,"jazz rap, conscious hip hop, abstract hip hop","De La Soul, CeeLo Green, Outkast, Gnarls Barkley, Madlib, Conway the Machine, Mos Def",♡♡♡♡♡,12/14
digital,,Babygirl,Stay Here Where It's Warm,Arts & Crafts,10/14,pirate,"3, 7","3, 2, 4, 1, 10",indie pop,"Samia, Dizzy, Clairo, Men I Trust, Yumi Zouma, Housewife, Alvvays, Blondshell",♡♡♡♡,12/14
digital,,Weakened Friends,Feels Like Hell,Don Giovanni,10/14,syndicate,"1, 4, 6, 7, 8 (edits)","1, 4, 7, 9","indie rock, power pop, midwest emo","Gully Boys, Slothrust, illuminati hotties, Skating Polly, Pinkshift",♡♡♡,12/14
digital,,Joanne Robertson,Blurrr,AD 93,10/14,n/a,clean,"7, 8, 4","folk, contemporary folk, ","Adrienne Lenker, Cameron Winter, Jessica Pratt, ear",♡♡♡♡,12/14
digital,X,armbite,dawg rock vol. 1,We're Trying,10/14,n/a,"6, 7, 9, 10, 12","9, 2, 1","midwest emo, dawg rock","Joyce Manor, Marietta, Combat",♡♡,2/14
digital,X,Keepsake1million,Every Night I Get Vertigo,self-released,10/17,n/a,-,-,"singer-songwriter, chamber folk, folktronica, indie folk, avant folk","Cameron Winter, Mount Eerie, Alex G, Racing Mount Pleasant",♡,2/17
digital,,Faten Kanaan,Diary of a Candle,Fire,10/21,shine on,clean,"1, 2, 7","progressive electrionic, art pop","Gia Margaret, Weyes Blood, Julia Holter, Beach House, Grouper",♡♡,12/21
digital,,Julesy,Flip the Bed,Strong Place,10/21,shine on,"1, 7","1, 2, 7","singer-songwriter, art pop, indie rock","Mitski, The Japanese House, Alex G, Alvvays, fantasy of a broken heart",♡♡,12/21
digital,,Casey Dienel,My Heart Is An Outlaw,Jealous Butcher,10/21,terrorbomb,"1, 6, 8, 9","2, 3, 5","singer-songwriter, sophisti-pop","Cassandra Jenkins, Flock Of Dimes, Hand Habits, Meernaa",♡♡♡,12/21
digital,,Good Flying Birds,Talulah's Tape,Carpark,10/21,terrorbomb,clean,"1, 3, 6, 10","indie rock, slacker rock, jangle pop","Sharp Pins, Horsegirl, Guided By Voices, Apples In Stereo",♡♡♡,12/21
digital,,Lucrecia Dalt,A Danger to Ourselves,RVNG,10/21,terrorbomb,13 (spanish expletive),"1, 3, 4, 7","art pop, electro acoustic, dark jazz","enny Hval, Cate Le Bon, Aldous Harding, Y La Bamba",♡♡♡,12/21
digital,,Suzie True,How I Learned To Love What's Gone,Get Better,10/21,terrorbomb,"1, 2, 6, 7, 11","4, 9, 10","pop punk, emo","Beach Bunny, VIAL, Pool Kids, EX HEX, THICK",♡♡,12/21
digital,,"Last Dinner Party, The",From The Pyre,Island/Republic,10/21,planetary,4,"4, 3, 9","indie rock, art rock, baroque pop","Wolf Alice, Chappell Roan, Florence + The Machine, Marika Hackman, Sarah Kinsley",♡♡♡♡♡,12/21
digital,,Haley Heynderickx & Max Garcia Conover,"""Fluorescent Light"" b/w ""Boars"" [singles]",Fat Possum,10/21,planetary,clean,single,"indie folk, doom folk, singer-songwriter","Big Thief, Jessica Pratt, Aldous Harding, Weyes Blood, Cate le Bon, Joan Shelley, Buck Meek",♡♡♡♡♡,12/21
digital,,Sassy 009 & Blood Orange,Tell Me [single],[PIAS] Electronique,10/21,planetary,clean,single,"electro-pop, alt r&b, indie pop, electric","Charli XCX, Let's Eat Grandma, Blood Orange, BEA1991, Yunè Pinku",♡♡♡♡,12/21
digital,,Not For Radio,Melt,Atlantic,10/21,syndicate,clean,"1, 6, 7","dream pop, bedroom pop, downtempo, ambient pop","The Marías, The Two Lips, Liam Benzvi, 54 Ultra, ivri, Blood Orange",♡♡♡♡♡,12/21
digital,,Bird Streets,The Escape Artist,self-released,10/21,syndicate,clean,"6, 7, 8","singer-songwriter, power pop, indie rock","Ruel Thomas, The Describers, The Supply, Davey Lane, The Salt Collective",♡♡,12/21
digital,,Militarie Gun,God Save The Gun,Loma Vista/Concord,10/21,syndicate,"5, 11","5, 2, 7, 14","indie rock, post-hardcore, pop punk","Liquid Mike, Spiritual Cramp, Upchuck, Public Opinion, Die Spitz, Slow Joy",♡♡♡♡,12/21
digital,,Skullcrusher,And Your Song is Like a Circle,Dirty Hit,10/21,pirate,clean,"4, 2, 8, 3, 1","singer-songwriter, indie folk, psychedelic folk, dream pop","Lomelda, Squirrel Flower, Tomberlin, Florist, Katy Kirby, Hand Habits, Hovvdy, Mia Joy",♡♡♡♡,12/21
digital,,Living Hour,Internal Drone Infinity,Keeled Scales/Paper Bag/Beloved,10/21,pirate,5,"2, 3, 7, 4, 6","indie rock, shoegaze, alt-country","Wednesday, Slow Pulp, Ratboys, Horse Jumper of Love, Jay Som, Great Grandpa, Madeline Kenney",♡♡♡,12/21
digital,X,Prop House,Epoxy [EP],Mint 400,10/21,pirate,1,"3, 1","alternative rock, power pop, pop punk","Angel Du$t, Citizen, Anxious, Turnstile, La Dispute",♡,12/21
digital,X,Halloween,Shadow House,Funeral Party,10/21,terrorbomb,clean,"2, 4, 6","shoegaze, noise rock","Justus Proffit, Pardoner, Retail Drugs, Nara’s Room, A Country Western",♡♡,2/21
digital,X,They Are Gutting a Body of Water,LOTTO,Julia's War,10/21,shine on,clean,"1, 2, 5, 7","shoegaze, noise pop, slacker rock","Hotline TNT, Alex G, Greet Death, Viagra Boys, Stove, Horse Jumper of Love",♡♡♡♡,2/21
digital,,"Lemonheads, The",Lovechant,Fire,10/28,shine on,8,"2, 3, 7, 10","indie rock, power pop, punk","Geese, MJ Lenderman, Kurt Vile, Teenage Fanclub, Nick Cave",♡♡♡♡,12/28
digital,,Hannah Jadagu,Describe,Sub Pop,10/28,shine on,clean,"2, 6, 9, 10","art pop, indie pop, indietronica","Soccer Mommy, beabadoobee, Wild Nothing, Clairo, Arlo Parks",♡♡♡♡,12/28
digital,,Machine Girl,PsychoWarrior: MG Ultra X,Future Classic,10/28,shine on,censor manually,"2, 4, 13","digital hardcore, synthpunk, noise rock","100 gecs, HEALTH, Death Grips, Nine Inch Nails, Crystal Castles",♡♡♡♡♡,12/28
digital,,Emma Swift,The Resurrection Game,Tiny Ghost,10/28,shine on,clean,"1, 2, 3, 5, 7","folk pop, singer songwriter","Julia Jacklin, Angel Olsen, Mazzy Star, Weyes Blood, Natalie Bergman",♡♡♡,12/28
digital,,Terrain Vague,TV1,Lisbon Lux,10/28,shine on,clean,"1, 3, 11","french indie, ambient pop, indietronica","Air, Broadcast, Stereolab, Pearl and the Oysters, Men I Trust",♡,12/28
digital,,Elias Rønnenfelt,Speak Daggers,Escho,10/28,terrorbomb,clean,"3, 4, 7, 8","inide rock, neo psychedelia, trip hop","Iceage, Dean Blunt, Panda Bear, Erika de Casier, bar italia",♡♡♡♡♡,12/28
digital,,Leanne Betasamosake Simpson,Live Like the Sky,You've Changed,10/28,terrorbomb,clean,"1, 3, 11","art rock, indie rock, jangle pop","Sea Lemon, Cranes, Love Spirals Downward, Lush, Tamaryn",♡♡,12/28
digital,,Joelton Mayfield ,Crowd,Bloodshot,10/28,terrorbomb,4*,"2, 3, 4","alt country, indie rock","John Moreland, Jeff Tweedy, Jason Isbell, Wild Pink",♡♡,12/28
digital,,Mei Semones,"""Kurayami"" b/w ""Get used to it"" + ""Itsumo"" [single]",Bayonet,10/28,terrorbomb,clean,single,"jazz pop, indie pop, bossa nova","Luna Li, Faye Webster, Phoebe Rings, Laufey, Astrud Gilberto",♡♡♡♡,12/28
digital,,POLI NIKA,Remember Why [EP],self-released,10/28,syndicate,clean,"3, 4","jazz pop, bedroom pop, indie pop","Julia Kate, Strange New World, Rosina Bullen, myah, Jessica Carter Altman",♡♡♡,12/28
digital,,Spiritual Cramp,RUDE,Blue Grape,10/28,syndicate,"3, 9","2, 6, 10, 12","garage rock revival, garage punk, power pop, pop punk","Militarie Gun, SPRINTS, Upchuck, PROJECTOR, White Reaper, Native Sun",♡♡♡♡,12/28
digital,,Eliza McLamb,Good Story,Royal Mountain,10/28,pirate,"3, 4","10, 13, 2, 11, 4","singer-songwriter, indie pop, indie rock","illuminati hotties, The Beths, girlpuppy, Haley Blais, Samia, Miya Folick, Indigo De Souza",♡♡♡,12/28
digital,,fanclubwallet,Living While Dying,Lauren,10/28,pirate,11,"7, 6, 2, 3","bedroom pop, indietronica, indie pop, indie rock","Wallice, TOLEDO, girlhouse, Day Wave, Faye Webster, Claud, Beabadoobee, Blondshell, Bully",♡♡♡♡,12/28
digital,,SPEED,ALL MY ANGELS [EP],Flatspot,10/28,pirate,use edits,"2, 3, 1","metalcore, beatdown hardcore, hardcore punk","Turnstile, Knocked Loose, Drain, End It",♡♡♡♡,12/28
digital,,Mugger,Want the World [EP],Quiet Panic,10/28,pirate,"1, 4","2, 3",hardcore punk,"GEL, Scowl, Speed, Zulu, Turnstile, Amyl and The Sniffers",♡♡,12/28
digital,,AloneKitty,Sad Not Sad,Mint 400,10/28,pirate,9,"6, 1, 2, 4","shoegaze, alternative rock","Deafheaven, Mogwai, DIIV, Nothing, Hum",♡♡,12/28
digital,,NoSo,When Are You Leaving?,Partisan,10/28,co-sign,clean,"2, 3, 4, 7, 9","indie rock, dream pop, singer/songwriter","Clairo, Muna, Barrie, Miya Folick, Indigo De Souza, Maggie Rogers, Shura",♡♡♡♡,12/28
digital,,HAAi,HUMANiSE,Mute,10/28,co-sign,use edits,"2, 5, 6, 8, 13","ambient techno, progressive breaks","Romy, Fred Again…, Daniel Avery, Bicep, Overmono",♡♡♡♡,12/28
digital,,Emily Hines,These Days,Keeled Scales,10/28,co-sign,use edits,"1, 3, 5, 6","folk, indie soul, singer/songwriter","Phoebe Bridgers, Feist, Norah Jones, Karen Dalton, Adrianne Lenker",♡♡♡,12/28
digital,,Niia,V,Candid Records,10/28,co-sign,use edits,"1, 2, 3, 6, 11","alternative r&b, neo-soul","Solange, Fiona Apple, Cleo Sol, Lianne La Havas, Corinne Bailey Rae",♡♡♡♡,12/28
digital,,Harvey Sutherland,Debt,Clarity/The Orchard,10/28,co-sign,use edits,"2, 3, 5, 6, 8, 10","nu-disco, progressive edm, funk","SG Lewis, Sweely, Barry Can’t Swim, Folamour, Myd, Floating Points, Jack J, Chaos In The CBD, Leon Vynehall",♡♡♡♡,12/28
digital,,Sudan Archives,The BPM,Stones Throw,10/28,co-sign,"4, 6, 9, 10, 11, 12, 13","1, 2, 3, 5, 7","art pop, edm, alternative r&b","Dawn Richard, Yves Tumor, Tkay Maidza, Ravyn Lenae, Dua Saleh, serpentwithfeet, Angelica Garcia",♡♡♡♡,12/28
digital,,Soulwax,All Systems Are Lying,DEEWEE/Because Music,10/28,co-sign,use edits,"2, 3, 4, 5, 6","alternative dance, electroclash","Marie Davidson, Hot Chip, Bolis Pupul, Caribou, !!!",♡♡♡♡♡,12/28
digital,,Silvana Estrada,Vendrán Suaves Lluvias,Glassnote Records,10/28,co-sign,clean,"2, 3, 4, 5, 7, 9","chamber folk, singer/songwriter","Vanessa Zamora, iLe, Kiana, Tessa la, Girl Ultra, Ximena Sariñana, Little Jesus, La Garfield, Caloncho, Sotomayor",♡♡♡♡♡,12/28
digital,,Carlos Dafé & Adrian Younge,Carlos Dafé JID025,Jazz Is Dead,10/28,co-sign,clean,"2, 4, 6, 8","jazz, brazilian jazz","Hyldon, Dom Salvador, Arthur Verocai, Gerson King Combo, Marku Ribas, Jorge Ben, Toni Tornado",♡♡♡,12/28
digital,,7xvethegenius,Self 7xve 3,Broadband Sound,10/28,co-sign,use edits,"5, 7, 10","hip-hop, boom-bap","Rapsody, Conway the Machine, Westside Gunn, Benny The Butcher, The Alchemist",♡♡♡,12/28
digital,,Just Mustard,WE WERE JUST HERE,Partisan,10/28,co-sign,clean,"1, 2, 3, 5","shoegaze, noise rock, noise pop","Dry Cleaning, Goat Girl, Sorry, Wombo, Automatic, Momma, Fazerdaze",♡♡♡♡,12/28
digital,,Rachel Bobbitt,Swimming Towards The Sand,Fantasy/Concord,10/28,co-sign,clean,"1, 2, 4, 5, 7, 9, 11","indie rock, indie folk","Julia Jacklin, Indigo Sparke, Samia, Squirrel Flower, Barrie, Soccer Mommy",♡♡♡♡,12/28
digital,,Cautious Clay,The Hours: Night,Fantasy Records,10/28,co-sign,use edits,"3, 6","neo-soul, funk, hip-hop","Omar Apollo, Dijon, Halima, Amber Mark, Anderson .Paak, Emotional Oranges",♡♡♡♡♡,12/28
digital,,Antibalas,Hourglass,Daptone Records,10/28,co-sign,clean,"1, 5","afrobeat, jazz-rock","LA LOM, Kokoroko, Ebo Taylor, The Budos Band",♡♡♡,12/28
digital,,Amadou & Mariam,L'amour à la folie,Because Music,10/28,co-sign,clean,"2, 5, 12","Mande music, afrobeat","KOKOROKO, Ibibio Sound Machine, WITCH, Jupiter & Okwess, Tinariwen, Baaba Maal",♡♡♡♡♡,12/28
digital,,Nick Cave & The Bad Seeds,Wild God (Live God) [single],Play It Again Sam,10/28,planetary,clean,single,"alternative rock, experimental rock, art rock, blues","Tom Waits, Leonard Cohen, PJ Harvey, Lou Reed",♡♡♡♡♡,12/28
digital,,Daisy the Great,Tom's Diner [single],S-Curve,10/28,planetary,clean,single,"indie pop, indie rock, and indie folk","Suzanne Vega, Indigo De Souza, Sidney Gish, Orla Gartland, The Happy Fits, Samia, Frances Forever, The Greeting Committee",♡♡♡♡,12/28
digital,,Anna of The North,Call Me [single],Play It Again Sam,10/28,planetary,clean,single,"indie pop/synth-pop, electronic, left-field pop","MUNA, The Aces, The Japanese House, Bon Iver, Flock of Dimes",♡♡♡♡♡,12/28
digital,,Circa Waves,Death & Love,Lower Third/[PIAS],10/28,planetary,"10, 13, 14","1, 2, 3, 12, 16","post-punk indie rock, indie pop, alternative rock","The Strokes, Tokyo Police Club, Old Mervs, The Snuts, Blossoms",♡♡♡♡,12/28
digital,,Joyer,On The Other End of the Line...,Julia's War,10/28,planetary,clean,"2, 4, 5","slowcore, indie rock, shoegaze, countrygaze","Hotline TNT, A Country Western, Drop Nineteens, Hooky, Peel Dream Magazine",♡♡♡,12/28
digital,,Kinneret,Field Guide,ONErpm,10/28,planetary,clean,"3, 4, 7, 12",psychedelic indie space cowgirl,"Let's Eat Grandma, Sylvan Esso, Lady Gaga, Hot Chip, HATCHIE, LUMP",♡♡♡♡♡,12/28
digital,,Brainwasher,35 Lightyears from Heaven,Mothland,10/28,planetary,"1, 2, 4, 6*","6, 9, 5","psych rock, triphop, industrial, new wave, and shoegaze","Machine Girl, Taqbir, Fugazi, The Garden, Moss Icon, Calm",♡,12/28
digital,,Guided By Voices,Thick Rich and Delicious,GBVinc,10/28,planetary,clean,"2, 3, 4","indie rock, lo-fi, garage rock, psychedelic rock, punk rock, post-punk.","Car Seat Headrest, Ty Segall, Bob Mould, Superchunk, Sebadoh, The Who, Big Star, Wire",♡♡♡♡,12/28
digital,,"Orchestra (For Now), The",Plan 76 [EP],self released,11/4,shine on,4,"2, 3","art rock, prog rock, post hardcore","Squid, black midi, Iceage, Elias Rønnenfelt, Geese, Tropical Fuck Storm",♡♡♡,1/4
digital,,Daniel Avery,Tremor,Domino,11/4,shine on,6,"2, 3, 6, 8","post-industrial, ambient, dream pop","bdrmm, yeule, Floating Points, Caribou, Kelly Lee Owens",♡♡♡♡,1/4
digital,,"Belair Lip Bombs, The",Again,Third Man,11/4,shine on,3,"2, 5, 6","indie rock, jangle pop","Alvvays, Rocket, Slow Pulp, Snail Mail, Dehd, The Beths",♡♡♡♡,1/4
digital,,Alice Phoebe Lou,Oblivion,Nettwerk,11/4,shine on/planetary,clean,"2, 5, 7, 8, 9","singer-songwriter, contemporary folk","Angel Olsen, Sharon Van Etten, Julia Jacklin, Clairo, Arlo Parks, Kate Bollinger",♡♡♡♡♡,1/4
digital,,SKORTS,Incompletement,self released,11/4,shine on,clean,"1, 2, 3, 4, 5","indie rock, garage punk","Yeah Yeah Yeahs, English Teacher, Julia Jacklin, Bully",♡♡,1/4
digital,,strongboi,EP 1 [EP],self released,11/4,shine on,clean,4,"dream pop, art pop, indie pop","Alice Phoebe Lou, Caroline Polachek, Men I Trust, Cults",♡♡♡♡,1/4
digital,,snuggle,Goodbyehouse,Escho,11/4,terrorbomb,clean,"1, 2, 3, 5","indie pop, dream pop, indie rock, trip hop","Astrid Sonne, girlpuppy, ML Buch, Molina, Mother Soki, Acopia",♡♡♡♡,1/4
digital,,Astrachan,Signs,Happen Twice,11/4,terrorbomb,"3, 13","2, 6, 9, 12","pop rock, psychedelic pop, glam rock","Smushie, The Lemon Twigs, Sharp Pins, Post Animal, George Harrison",♡♡,1/4
digital,,Hilary Woods,Night CRIÚ,Sacred Bones,11/4,terrorbomb,clean,"2, 3, 5","ambient pop, drone, dark ambient","Maria BC, Julee Cruise, Anastasia Coope, Grouper, Emma Ruth Rundle",♡♡♡,1/4
digital,,Pictureplane,Sex Distortion,Music Website,11/4,terrorbomb,clean,"2, 3, 5, 8","synthpop, new wave, electroclash","Pixel Grip, Boy Harsher, Sextile, Drab Majesty, HEALTH",♡♡♡,1/4
digital,,Middle Mass,Songs for the Sapphire Hare,Sans Soleil,11/4,terrorbomb,clean,"2, 6, 9","indie rock, alternative dance, art punk","Sonic Youth, The Fall, The Durutti Column, Julie, Horsegirl",♡,1/4
digital,,HighSchool,HighSchool,[PIAS] Australia,11/4,planetary,4,"1, 2, 3","indie rock, slacker rock, post-punk, shoegaze, lo-fi","bar italia, Broadcast, Provoker, Eyedress, Polvo, King Krule",♡♡♡,1/4
digital,,Sophie Jamieson,Stitch [EP],Bella Union,11/4,planetary,clean,"1, 2","singer-songwriter, folk, chamber pop, acoustic, indie folk","Weyes Blood, Adrienne Lenker, Laura Marling, Karen Dalton, Laura Nyro, Tomberlin",♡♡,1/4
digital,,2hollis,star,Interscope,11/4,syndicate,"2, 5, 7, 8, 10, 12, 13, 14","3, 4, 9, 2, 10","electropop, pop rap, house, digicore","Snow Stripper, nate sib, rommulas, fakemink, buckshot, feng",♡♡♡♡♡,1/4
digital,,Chezile,Delay [EP],10k Projects,11/4,syndicate,clean,"2, 1, 4","bedroom pop, dream pop","d4vd, Cigarettes After Sex, Hotel Ugly, Djo, The American Dawn",♡♡♡♡♡,1/4
digital,,Snocaps,Snocaps,Anti-,11/4,pirate,1,"2, 4, 6, 9, 12, 1","indie rock, alt-country, twee pop, slacker rock","Waxahatchee, Ratboys, MJ Lenderman, Jenny Lewis, Sharon Van Etten, Courtney Barnett",♡♡♡♡,1/4
digital,,Saintseneca,Highwalllow & Supermoon Songs,Lame-O,11/4,pirate,9,"3, 12, 2, 13, 1, 5, 15","indie folk, indie rock, folk rock, singer-songwriter","Fleet Foxes, The Decemberists, Conor Oberst, Dawes, MJ Lenderman, Mount Eerie, Andrew Bird",♡♡♡,1/4
digital,,Maneka,bathes and listens,Topshelf,11/4,pirate,"5, 9","1, 2, 6, 7","indie rock, shoegaze, slacker rock","Pile, Enumclaw, Bartees Strange, Horse Jumper of Love, Good Flying Birds, Duster",♡♡,1/4
digital,,Wes Parker,Fantom [EP],Big Machine Rock,11/4,pirate,4,"4, 1, 5, 3",alternative rock,"Portugal The Man, The Moss, Briston Maroney, Hippo Campus, Del Water Gap, Bay Ledges, Edgehill",♡♡♡♡,1/4
digital,X,Deskjobs,Hi Unknown,self-released,11/4,pirate,1,"1, 5, 2, 4","indie rock, pop rock","The Sidekicks, Oso Oso, Origami Angel, Ben Quad, Charmer, Cheekface, The Format",♡♡,3/4
digital,,twen,Fake Euphoric,Twenterprises,11/11,shine on,clean,"2, 3, 7","surf rock, indie rock, indie pop","Dehd, The Belair Lip Bombs, Wishy, Momma, Blondshell",♡♡♡♡,1/11
digital,,Steve Gunn,Daylight Daylight,No Quarter,11/11,shine on,clean,"1, 2","folk rock, singer songwriter, ambient","Wilco, Hayden Pedigo, Cass McCombs, Kevin Morby",♡♡♡♡,1/11
digital,,Whitney,Small Talk,AWAL,11/11,shine on,clean,"4, 5, 8, 9, 11","soft rock, indie folk, indie pop","Real Estate, Kevin Morby, Fruit Bats, Andy Shauf, Kurt Vile",♡♡♡♡,1/11
digital,,Hatchie,Liquorice,Secretly Canadian,11/11,secretly/terrorbomb,clean,"2, 5, 8","dream pop, jangle pop, shoegaze","Cocteau Twins, The Sundays, Alvvays, The Cardigans",♡♡♡♡,1/11
digital,,Sorry,COSPLAY,Domino,11/11,terrorbomb,use edits,"1, 2, 5, 6, 8, 11","indie rock, post punk revival, indietronica","mary in the junkyard, Porridge Radio, English Teacher, Dry Cleaning",♡♡♡♡,1/11
digital,,h. pruz,Red sky at morning,Mtn Laurel,11/11,terrorbomb,clean,"2, 3, 9","indie folk, singer-songwriter","Big Thief, Adrianne Lenker, Jessica Pratt, Tomberlin, Lomelda",♡♡♡,1/11
digital,,Iris Caltwait,"Again, for the first time",777 Music,11/11,terrorbomb,9,"5, 13, 14, 16","art pop, synthpop, folk pop","AURORA, Oklou, Wet, Geneveive Stokes, Saya Grey",♡♡♡♡,1/11
digital,,TATYANA,Amour Armour [EP],Sinderlyn,11/11,terrorbomb,clean,all,"electropop, synthpop, indietronica","Charli XCX, Shygirl, Rose Gray, Jessy Lanza",♡♡♡,1/11
digital,,Yndling,Time Time Time (I'm in the Palm of Your Hand),Spirit Goth,11/11,terrorbomb,clean,"2, 3, 4, 6, 7","dream pop, indietronica","Beach House, Portishead, Mazzy Star, Cigarettes After Sex, Tamaryn",♡♡♡♡,1/11
digital,,Constant Smiles,Moonflowers,felte,11/11,terrorbomb,clean,"2, 5, 7, 10","indie rock, art pop, sophisti-pop","Kings of Convenience, Jim O’Rourke, Cassandra Jenkins, Wild Pink",♡♡♡,1/11
digital,,Khruangbin,The Universe Smiles Upon You ii,Dead Oceans,11/11,secretly,clean,"3, 5, 6","psych rock, funk rock, downtempo","Tame Impala, SAULT, Leon Bridges, Michael Kiwanuka",♡♡♡♡♡,1/11
digital,,Freak Slug,Loose Tooth And A Short Skirt,Future Classic,11/11,planetary,"1*, 4, 5","1, 2, 3","alt rock, indie rock, indie pop, bubblegrunge, grunge","feeble little horse, Slow Pulp, Jay Som, Beabadoobee, Urika's Bedroom, Hana Vu, Mazzy Star",♡♡♡♡,1/11
digital,,Jordana,Jordanaland [EP],Grand Jury/Sound On,11/11,planetary,clean,"2, 3, 7","bedroom pop, indie pop, lo-fi, indie rock, yacht rock","Hana Vu, Soccer Mommy, Jay Som, Frankie Cosmos",♡♡♡♡♡,1/11
digital,,Charlotte Day Wilson,Selfish [single],Stone Woman/XL,11/11,planetary,clean,single,"electronic, contemporary r&b, alternative singer-songwriter","Kaytranada, BADBADNOTGOOD, Cleo Sol, Nilufer Yanya, Fabiana Paladino",♡♡♡♡♡,1/11
digital,,The Cavemen.,Cavy In The City,RCA,11/11,syndicate,clean,"12, 2, 9, 5","highlife, pop rap, neo-soul","Show Dem Camp, Seun Kuti, Cruel Santino, Nsikak David, Adekunle Gold",♡♡♡♡,1/11
digital,,Portugal. The Man,SHISH,Thirty Tigers,11/11,syndicate,clean,"10, 4, 8","indie rock, neo-psychedelia, indie pop","Foster The People, Mark Ronson, Danger Mouse, MGMT, Milky Chance",♡♡♡♡♡,1/11
digital,,DRAIN,...IS YOUR FRIEND,Epitaph,11/11,pirate,"2, 3, 4, 6, 7, 8, 9","4, 1, 3, 7, 8","crossover thrash, metalcore","Soul Glo, Turnstile, Mindforce, GEL, Drug Church, Knocked Loose, Speed, End It",♡♡♡♡,1/11
digital,,Mavis Staples,Sad And Beautiful World,Anti-,11/11,pirate,clean,"4, 3, 2, 6, 1, 8","country soul, roots rock, soul","The Staple Singers, Sharon Jones, Bettye LaVette, Hozier",♡♡♡♡,1/11
digital,,ZDAN,SO WHAT!,War Buddha,11/11,pirate,"5, 8","4, 3, 1, 7, 2","punk rock, hard rock","Joan Jett, Blondie, Be Your Own Pet, Deap Vally, Karen O, The Kills",♡♡,1/11
digital,X,Static Brian,secrets [single],self-released,11/11,n/a,clean,single,"emo, punk, skramz, cyberpunk","Silverstein, Circus Survive, Anthony Green, Catalyst, Never Shout Never",♡♡,1/11
digital,,feeo,Goodness,AD 93,11/12,n/a,clean,"1,2,5,8","ambient pop, folk, experimental, indie, electronic, drone","Claire Rousay, Astrid Sonne, Kate Bush, Beth Gibbons, Klein",♡♡♡,12/30
digital,,Betty Hammerschlag,Fake Girl,blush,11/12,n/a,clean,"6,4,7","ambient, psychedelic folk, experimental, bedroom pop, folktronica","Joanne Robertson, Stina Nordenstam, Grouper, Bianca Scout, Mazzy Star",♡♡,12/30
digital,,v/a,"Mirror, Mirror",portraiture platform,11/12,n/a,clean,"20,18,19,5","drone, electronic, experimental, folktronica, ambient","glint, Jim O'rourke, Purelink, U.e.,",♡,12/30
digital,,Blod,Den Oändliga Historien,Discreet Music,11/12,n/a,clean,"1,3,6","chamber folk, Avant-Folk, Slacker Rock","Siltbreeze Records, Nico, Sun CIty Girls",♡,12/30
digital,,Alpha Maid,Is this a queue,AD 93,11/12,n/a,clean,"1,7,2","experimental rock, Industrial, Neo Psychedelia","Black Dice, Slint, Klein, Dean Blunt",♡♡,12/30
digital,,Cities Aviv,The Revolving Star: Archive & Practice 002,Black Iron Gate,11/12,n/a,most,"32,25,11,10","Abstract Hip Hop, Ambient, Industrial","Lil Ugly Mane, MIKE, Slauson Malone 1, George Clanton",♡♡♡,12/30
digital,,K-LONE,sorry i thought you were someone else,self released,11/14,n/a,clean,"1,3","electronic, house, techno, ambient techno","Monolake, DjRum, Jeigo, Shinichi Atobe",♡♡,12/30
digital,,Hydroplane,A Place In My Memory Is All I have To Claim,Efficient Space,11/14,n/a,clean,"6,9","Dream Pop, Ambient Pop, Slowcore, Drone","HTRK, Cat's Miaow, Broadcast, Winter, Julee Cruise, The American Analog Set",♡♡,12/30
digital,,Austra,Chin Up Buttercup,Domino,11/18,shine on,2*,"2, 3, 5","art pop, synthpop, indietronica, electropop","Fever Ray, Beach House, TR/ST, Jenny Hval, Zola Jesus",♡♡♡♡,1/18
digital,,Odonis Odonis,Odonis Odonis,Royal Mountain,11/18,terrorbomb,4*,"2, 3, 4","shoegaze, noise rock, dark wave","Nine Inch Nails, HEALTH, MSPAINT, A Place To Bury Strangers",♡♡♡,1/18
digital,,Jim Jarmusch & Anika,Father Mother Sister Brother (Original Music From the Film),Sacred Bones,11/18,terrorbomb,clean,"1, 13, 14","minimal wave, soundtrack, ambient","SQÜRL, Nico, David Lynch & Chrystabell",n/a,1/18
digital,,badsoma,badsoma [EP],self released,11/18,terrorbomb,clean,"1, 2","indie rock, indie pop","Japanese Breakfast, Chris Cohen, Luke Temple, Nap Eyes",♡,1/18
digital,,FKA Twigs,EUSEXUA Afterglow,Atlantic,11/18,syndicate,7,"3, 1, 5, 8","electronic dance music, alternative r&b, glitch pop","Oklou, Caroline Polachek, Shygirl, Magdalena Bay, Sudan Archives",♡♡♡♡♡,1/18
digital,,"FearDorian, osquinn",Before You Press Play,3500,11/18,syndicate,use edits,"1, 4, 8, 11","cloud rap, plugg, jerk, experimental hip-hop, trap","d0llywood1, saturn, funeral, heartstopmiami, Moh Baretta, KAY NIVE$",♡♡♡,1/18
digital,,Matt Pryor,The Salton Sea,Nightshoes Syndicate,11/18,pirate,clean,"1, 5, 3, 4, 9","singer-songwriter, pop rock, indie rock, contemporary folk","The Get Up Kids, Motion City Soundtrack, Dave Hause, Frank Turner, Brian Fallon, Kevin Devine",♡♡,1/18
digital,,Bartees Strange,Shy Bairns Gets Nowt [EP],4AD,11/18,pirate,"3, 4","2, 5, 6","indie pop, alternative r&b, indie rock","Jean Dawson, Arlo Parks, Bleachers, Tunde Adebimpe, Yves Jarvis, Dijon",♡♡♡♡,1/18
digital,,Psychedelic Porn Crumpets,Pogo Rodeo,What Reality?,11/18,co-sign,use edits,"1, 3, 4","psych-rock, art-rock, noise-rock","The Murlocs, Fontaines DC, King Gizzard & The Lizard Wizard, Tropical Fuck Storm, The Chats",♡♡♡♡,1/18
digital,,Shad,Start Anew,Secret City,11/18,co-sign,clean,"2, 5, 6, 7","boom-bap, indie rap, hip-hop","Oddisee, Serengeti, Kenny Segal, billy woods, R.A.P. Ferreira",♡♡♡,1/18
digital,,Night Teacher,Year Of The Snake,First City Artists,11/18,co-sign,clean,"1, 2, 6, 7, 9","indie rock, singer/songwriter","Sharon Van Etten, Cate Le Bon, Julia Jacklin, Ada Lea, Angel Olsen, Faye Webster",♡♡,1/18
digital,,Cain Culto,occulto 001 [EP],Hive Music,11/18,co-sign,use edits,"1, 3, 4, 6","electronic, alt hip-hop, art-pop","Dua Saleh, Noga Erez, Sudan Archives, Mykki Blanco, Cartel Madras, Haiku Hands",♡♡♡♡,1/18
digital,,oklou,choke enough deluxe [EP],True Panther/Virgin,11/18,co-sign,clean,"1, 2","alt R&B, ambient trance, art-pop","FKA Twigs, Caroline Polachek, Arca, Porter Robinson, Imogen Heap",♡♡♡♡♡,1/18
digital,,Westerman,A Jackal's Wedding,Partisan Records,11/18,co-sign,clean,"2, 3, 5, 7","art-pop, sophisti-pop, indie pop","Arthur Russell, Amen Dunes, José González, Weyes Blood, Cate Le Bon, Wild Nothing, Peter Gabriel",♡♡♡♡,1/18
digital,,Sessa,Pequena Vertigem de Amor,Mexican Summer,11/18,co-sign,clean,"2, 3","MPB, samba, tropicália","Bruno Berle, Arthur Verocai, Rogê, John Carroll Kirby, Tagua Tagua, Vanishing Twin, Dos Santos",♡♡♡♡,1/18
digital,,Mindchatter,Giving Up On Words,Maison Records,11/18,co-sign,use edits,"1, 2, 4, 7, 8, 13","Electronic, club, IDM","The Postal Service, bad tuner, Tycho, BAYNK, LCD Soundsystem",♡♡♡♡,1/18
digital,,keiyaA,hooke's law,XL Recordings,11/18,co-sign,"9, 12","3, 4, 7","alt R&B, electronic, jazz","Kelela, Solange, L'Rain, Xenia Rubinos, Moses Sumney, Halima, anaiis, Frank Ocean",♡♡♡♡,1/18
digital,,Yukimi,Yume [EP],Ninja Tune,11/18,co-sign,clean,"1, 3, 4","alt-pop, neo-soul, electro-soul","Little Dragon, Hiatus Kaiyote, Blood Orange, Lianne La Havas, NAO, Jamila Woods, serpentwithfeet",♡♡♡♡,1/18
digital,,Helado Negro,The Last Sound On Earth [EP],Big Dada,11/18,co-sign,clean,"1, 2, 3","indie pop, indietronica, synthpop","L'Rain, Okay Kaya, duendita, Xenia Rubinos, Buscabulla, Devendra Banhart, Y La Bamba",♡♡♡♡,1/18
digital,,Demae,Deep Dive [EP],FAMM,11/18,co-sign,clean,"2, 4, 6, 7, 8","neo-soul, R&B, soul-pop","Solange, Lianne La Havas, Cleo Sol, Jorja Smith, Ego Ella May, Jill Scott, Yazmin Lacey, Obongjayar, Greentea Peng",♡♡♡♡,1/18
digital,,Sword II,Electric Hour,section1,11/18,co-sign,clean,"2, 7, 10","indie rock, indietronica, neo-psych","Spirit of the Beehive, Truth Club, Teethe, villagerrr, Whitney",♡♡♡♡,1/18
digital,,Nightmares on Wax,Echo45 Soundsystem,Warp Records,11/18,co-sign,"2, 7","4, 6, 9, 11","downtempo, trip-hop, hip-hop","J Dilla, Wax Tailor, DJ Shadow, Kassa Overall, Digable Planets",♡♡♡♡♡,1/18
digital,,Kennebec,The Water Wheel,Rainwatch Records,11/18,co-sign,8,"1, 2, 3, 6","jazz, chamber folk, gospel","Bibio, Khruangbin, Miguel Atwood Ferguson, Kassa Overall, Theo Croker, Serebii",♡♡♡,1/18
digital,,Gabriel Jacoby,gutta child [EP],PULSE/Concord,11/18,co-sign,use edits,"3, 6, 7, 8","alt-R&B, neo-soul, alt-pop","Thundercat, Adi Oasis, Dijon, Venna, BJ The Chicago Kid, Amber Mark, Tom Misch",♡♡♡♡,1/18
digital,,Tara Lily,Quiet Nights (Early Takes) [EP],Tru Thoughts,11/18,co-sign,clean,"1, 2","indietronica, indie pop","Puma Blue, BINA., Mount Kimbie, Lava La Rue, Bel Cobain, Ego Ella May",♡♡♡♡,1/18
digital,,Tōth,Not Broken [single],Egghunt/Northern Spy,11/18,planetary,clean,single,"indie, folk rock, art pop","Rubblebucket, Tune-Yards, Khruangbin, Brazilian Girls, Tennis, Thao Vacationer",♡♡♡,1/18
digital,,runo plum,patching,Winspear,11/18,planetary,clean,"1, 2, 4, 8","indie rock, singer songwriter, soft pop","Alvvays, Florist, Soccer Mommy, Mali Velasquez, girlpuppy",♡♡♡♡,1/18
digital,,Men Without Hats,On The Moon,Shocore Music Inc / MWH Entertainment,11/18,planetary,clean,"1, 2","new wave, synth pop, prog rock, electro-pop","Wang Chung, A Flock Of Seagulls, Duran Duran, Blondie, Pet Shop Boys, Men at Work",♡♡♡♡♡,1/18
digital,,Jake Xerxes Fussell & James Elkington,Rebuilding,Fat Possum,11/18,planetary,clean,"4, 7, 9, 12","neo-trad folk, blues, soundtrack score","Bill MacKay, Myriam Gendron, Hiss Golden Messenger, William Tyler, Nathan Salsburg",♡♡♡♡,1/18
digital,,Oneohtrix Point Never,Tranquilizer,Warp,11/25,terrorbomb,clean,"4, 8, 10, 14","ambient, progressive electronic, glitch","Autechre, Boards of Canada, Vegyn, Floating Points",♡♡♡♡,1/25
digital,,Sharp Pins,Balloon Balloon Balloon,K/Perennial,11/25,terrorbomb,clean,"1, 2, 4, 5","jangle pop, psych pop, slacker rock","Lifeguard, Cleaners from Venus, Good Flying Birds, Dummy, Guided By Voices",♡♡♡,1/25
digital,,Sara Devoe,"Come away, O human child!",self released,11/25,terrorbomb,clean,"4, 5, 6, 10","indie folk, indie rock, singer songwriter","girlpuppy, Eliza McLamb, Stella Donnelly, Lucy Dacus",♡♡♡,1/25
digital,,Mola Oddity,Cave Crackers [EP],Nomad City,11/25,terrorbomb,clean,"3, 6","alt pop, psych pop","Pom Poko, Deerhoof, OOIOO, Melt Banana",♡♡♡,1/25
digital,,sunsweater,lighthouse blues,self released,11/25,syndicate,clean," 7, 2, 6","alternative rock, jazz, electronic","Psychedelic Porn Crumpets, Frankie and the Witch Fingers, Cos Sylvan",♡,1/25
digital,,Maria Somerville,Luster,4AD,11/25,pirate,clean,"3, 6, 2, 7, 10","dream pop, ambient pop, ethereal wave","Melody's Echo Chamber, Deradoorian, Jenny Hval, Youth Lagoon, Cocteau Twins, No Joy, Grouper, My Bloody Valentine",♡♡♡,1/25
digital,,Glitterer,erer,Purple Circle,11/25,pirate,clean,"2, 5, 3, 9, 6","alternative rock, emo, slacker rock","Title Fight, Superheaven, Angel Du$t, Greet Death, Glimmer, Militarie Gun, Sainthood Reps",♡♡♡,1/25
digital,,Torri Weidinger,bunny with tunnel vision,self released,11/25,pirate,4,"3, 5, 6, 7, 11, 12","singer-songwriter, indie folk, indie pop","fanclubwallet, Sydney Sprague, Phoebe Bridgers, Samia, Lucy Dacus, Soccer Mommy, Miya Folick",♡♡♡,1/25
digital,,the xx,xx (Deluxe),Young,11/25,planetary,clean,"1, 2, 3","indie rock, indie rock, dream pop, electro-rock, R&B","Jamie xx, Romy, Alt-J, M83, MGMT, Caribou, Toro y Moi, TEED, Hot Chip",♡♡♡♡♡,1/25
digital,,Haley Heynderickx & Max Garcia Conover,What of Our Nature,Fat Possum,11/25,planetary,"1, 4","7, 3, 2, 8","folk, indie folk, americana","Big Thief, Jessica Pratt, Aldous Harding, Weyes Blood, Cate le Bon, Joan Shelley, Buck Meek",♡♡♡♡♡,1/25
digital,,Overmono,Paradise Runner [single],XL,11/25,planetary,clean,single,"electronic, UK garage, techno, two-step, breaks, dubstep","Floating Points, Caribou, Burial, Joy Orbison, Bicep, Leon Vynehall, Blawan",♡♡♡♡♡,1/25
digital,,Keaton Henson,Parader,Play It Again Sam,11/25,planetary,"1, 10","2, 3, 4, 7, 8","alternative singer-songwriter, indie folk, chamber pop, modern classical","Sufjan Stevens, Phoebe Bridgers, Noah Gundersen, S. Carey",♡♡♡♡,1/25
digital,,Ella Eyre,"everything, in time",Play It Again Sam,11/25,planetary,"2, 3*, 7, 10, 14*, 15","12, 3, 4, 6, 2","pop, hip-hop, R&B, neo soul, retro funk, EDM, drum and bass","Ms. Lauryn Hill, Doja Cat, Jess Glynne, MiLES., Jamila Woods",♡♡♡♡♡,1/25
digital,,True Blue,Star Witness,True Nature,12/2,terrorbomb,"8,10","1, 2, 5, 9","synthpop, art pop, alt pop","Cowgirl Clue, Caroline Polachek, Safe Mind, Caroline Loveglow",♡♡♡♡,2/2
digital,,silhouette,silhouette,Get Better,12/2,terrorbomb,clean,"1, 2, 4","post hardcore, alt rock, shoegaze, dream pop","Fleshwater, Wisp, Aurat, Glare, Glixen",♡,2/2
digital,,Gina Zo,"Santa, do you know? [single]",self-released,12/2,syndicate,clean,n/a,"christmas, synthpop, country","Melanie Herera, Tobey Kai, Ivey Asher, Misoa, Amy Allard",♡♡♡,2/2
digital,,Bicycle Inn,Long In The Tooth,self-released,12/2,pirate,"2, 7","4, 1, 8, 3, 9","midwest emo, screamo","La Dispute, Touche Amore, The World Is A Beautiful Place..., Joyce Manor, Citizen, Home Is Where",♡♡,2/2
digital,,The Valery Trails,Winter Palace,self-released,12/2,pirate,clean,"3, 8, 5, 4, 11",indie rock,"The Replacements, Bob Mould, Guided by Voices, The Wedding Present, Yo La Tengo, The National, Superchunk",♡,2/2
digital,,The Crooked Stuff,Darrkphased [EP],The Unknown International,12/2,pirate,clean,"3, 1","inietronica, indie rock, neo-psychedelia","TV On The Radio, LCD Soundsystem, Gorillaz, The Prodigy, Justice, The Chemical Brothers",♡,2/2
digital,,Please Be Careful,Hot Surface,Mint 400,12/2,pirate,clean,"2, 1, 5, 7, 10","instrumental, indie rock, indietronica","El Ten Eleven, Battles, Son Lux, Tortoise",♡,2/2
digital,,Crash Richard,Sensitive Devil,Community Music Group,12/2,planetary,"2*, 10","2, 8, 9, 11","indie rock, indie folk, chamber pop, midwest emo","Edward Sharpe & The Magnetic Zeros, Nick Leng, Braxton Cook, Racing Mount Pleasant",♡♡♡,2/2
digital,,Water From Your Eyes,It's Beautiful [remix EP],Matador,12/9,shine on,clean,all,"experimental rock, post punk, art pop","This Is Lorelei, thanks for coming, fantasy of a broken heart",♡♡♡♡,2/9
digital,,hemlock,Orange Streak Glow [EP],self released,12/9,terrorbomb,clean,2,"indie folk, singer songwriter, alt country","Babehoven, Allegra Krieger, Merce Lemon, Little Mazarn, Florist",not on spotify,2/9
digital,,Rhaina Yasmin,Magician [EP],self released,12/9,terrorbomb,clean,"1, 4","indie folk, indie rock, singer songwriter","Tomberlin, The Army, The Navy, Samia, The Cranberries",♡,2/9
digital,,Dove Ellis,Blizzard,Black Butter,12/9,syndicate,clean,"2, 3, 9, 6, 7","singer-songwriter, indie folk, folk pop","Snocaps, Westside Cowboy, Allison Crutchfield, Tobias Jesso Jr.",♡♡♡♡,2/9
digital,,Lettuce,COOK,self released,12/9,syndicate,clean,"1, 11, 13, 16","jazz-funk, deep funk","The Motet, Polyrhythmics, Soulive, Karl Denson, The Fearless Flyers",♡♡♡♡,2/9
digital,,Melody's Echo Chamber,Unclouded,Domino,12/9,syndicate,clean,"1, 2, 4, 7","neo-psychedelia, dream pop, chamber pop","TOPS, Ariel Pink, Winter, Stereolab, Broadcast, Dumbo Gets Mad",♡♡♡♡,2/9
digital,,Prostitute,Attempted Martyr,Mute,12/9,pirate,use edits,"3, 1, 2, 4, 7","noise rock, post-hardcore, post-punk, industrial rock","Model/Actriz, YHWH Nailgun, Squid, Tropical F*ck Storm, Black Midi, The Armed, HEALTH",♡♡♡,2/9
digital,,Bluhm,Mostly Forever [EP],self released,12/9,pirate,clean,"4, 2, 3, 1",dream pop,"Beach House, Sea Lemon, Melody's Echo Chamber, Bat For Lashes, The xx, The Marias",♡♡♡,2/9
digital,,Ousted,How Do You Cope?,Ashtay Monument,12/9,pirate,clean,"3, 1, 4, 2","hardcore punk, aternative rock","Pig Pen, Turnstile, SPEED, Hundreds of AU, Gasket, Converge",♡♡,2/9