CD + digital,LOCAL,ARTIST,ALBUM,Label,ADDED,promoter,FCC Warnings,Rec. Tracks,GENRE,RIYL,Rating/predicted popularity,approx. REMOVE DATE
digital,,Leland Whitty,Anyhow,Innovative Leisure,1/10,Co-Sign,,"5, 3, 2, 6","Jazz Fusion, Nu Jazz","BadBadNotGood, Lil Silva, Robert Glasper, Teebs, Kokoroko",★★★★,3/10/2023
digital,,Little Simz,NO THANK YOU,Forever Living Originals / AWAL,1/10,Co-Sign,use clean edits,"2, 6, 9, 4","UK Hip-Hop, Jazz Rap, Conscious Hip-Hop","Noname, Lava La Rue, Jamila Woods, Tierra Whack, Sampa the Great",★★★★★,3/10/2023
digital,,Seun Kuti & Black Thought,African Dreams [EP],SKE80 LLC,1/10,Co-Sign,use clean edits,,Boom Bap,"The Roots, Fela Kuti, Mos Def, Common, Madlib",★★★★,3/10/2023
digital,,Anti-Flag,Lies They Tell Our Children,Spinefarm,1/10,Pirate!,,"4, 6, 2*, 3*, 5*","Punk Rock, Pop Punk","Propagandhi, Rancid, Pennywise, Dropkick Murphy's, Bad Religion, NOFX",★★★,3/10/2023
digital,,Rocket Coma,vs. The End of the World,Self-Released,1/10,Pirate!,7,"1, 3, 5","Indie Rock, Psychedelic Rock","Dinosaur Jr, Sebadoh, Guided By Voices, Osees, Pixies, King Gizzard and The Lizard Wizard",★★★,3/10/2023
digital,,The Pelicans,London Crawling,Mint 400,1/10,Pirate!,,"7, 1, 2, 5","Indie Rock, Power Pop","The Chills, Ween, Pavement, and Cheekface",★★★★,3/10/2023
digital,,Selina Martin,Time Spent Swimming,Self-Released,1/10,Terrorbird,"2, 9","1, 3, 5","Art Rock, Art Pop","PJ Harvey, Cléa Vincent, Cate Le Bon, Bjork",★★★★,3/10/2023
digital,,Nana Grizol,Dancing Dogs,Cruisin' Records,1/10,,,,"Slacker Rock, Folk Punk","AJJ, Spoonboy, Laura Stevenson, Jeffrey Lewis",★★★★,3/10/2023
digital,x (NJ),thin ears,Your Mind Walked Away [EP],Silent Stereo,1/10,Shine On,,"1, 2","Indie Rock,","Kiwi Jr., The Murlocs, Primal Scream, The Horrors, Afghan Whigs & King Tuff",★★★★,5/10/2023
digital,,ANIMA!,Not At This Time,Self-Released,1/17,Co-Sign,,,"Indietronica, Art Pop",,★★★,3/17/2023
digital,,Induce,Beautiful Distortion,Paradise City,1/17,Co-Sign,,,"Alt. R&B, IDM, Dream Pop, Psychedelic Soul",,★★★★,3/17/2023
digital,,Bicycle Inn,"Baldr the Beautiful is Dead, is Dead. [EP]",Thumbs Up,1/17,Pirate!,,,"Midwest Emo, Post-Hardcore",,★★★★,3/17/2023
digital,,Clamb,Glittering Watermelon Oracle,Mint 400,1/17,Pirate!,,,"Jazz Fusion, Experimental, Krautrock",,★★★★,3/17/2023
digital,,Darksoft,Beigeification,Look Up,1/17,Pirate!,,,"Dream Pop, Alt. Rock, Shoegaze",,★★★★,3/17/2023
digital,,Oberon Rose,"Purple, Blue & Crimson",ThouART,1/17,Pirate!,,,"Folk Rock, Garage Rock",,★★★,3/17/2023
digital,,Billy Nomates,CACTI,Invada,1/17,Planetary,,,"Post-Punk, Dance-Punk",,★★★★,3/17/2023
digital,,Rozi Plain,Prize,Memphis Industries,1/17,Planetary,,"1, 3, 4, 6","Indie Folk, Art Pop","Hand Habits, Jesca Hoop, Fenne Lily, Aldous Harding",★★★,3/17/2023
digital,,Anna Tivel,Outsiders,Mama Bird,1/17,Shine On,,,"Indie Folk, Singer-Songwriter, Americana",,★★★,3/17/2023
digital,,CVC,Get Real,CVC Records,1/17,Terrorbird,45210,"6, 4, 8","Psychedelic Pop, Pop Rock","Drugdealer, Orions Belte, Cut Worms, PARCELS",★★★,3/17/2023
digital,,Negativland,"Speech Free: Recorded Music for Film, Radio, Internet and Television",Seeland,1/17,The Band Mom,,"D1: 1, 3, 6, 9 | D2: 8, 11, 13","Ambient, Minimal Synth, Libary Music","Cluster, Matmos, Faust, Swingle Sisters, Happy the Man, Esquivel",★★★★,3/17/2023
digital,,Strawberry Fuzz,Strongs Dr.,Candyshop Recording,1/17,The Syndicate,"3, 5, 6, 8, 9, 11","1, 2, 4","Garage Punk, Alt. Rock","Death Lens, Tijuana Panthers, FIDLAR",★★★★,3/17/2023
digital,,Vitesse X,In The Balance [single],Music Website,1/17,The Syndicate,,,Atmospheric Drum and Bass,,★★★★,3/17/2023
digital,,Casey Foubert,EP 1 [EP],Zat-Samuelson,1/17,Tiger Bomb,,,"Indie Folk, Chamber Folk",,★★★,3/17/2023
digital,x,Crooks & Nannies,No Fun [EP],Grand Jury,1/17,Planetary,2 (edit avail.),"1, 2*, 3","Indie Pop, Indie Rock, Indietronica","Belle and Sebastian, Big Thief, AJJ, Wolf Parade, Alex G, Hovvdy",★★★,5/17/2023
digital,,"Phil Ranelin, Wendell Harrison, Adrian Younge and Ali Shaheed Muhammad",Phil Ranelin and Wendell Harrison JID016,Jazz Is Dead,1/24,Co-Sign,,"1, 4, 7, 3",Jazz Fusion,"Doug Carn, Gary Bartz, Henry Franklin, Adrian Younge + Ali Shaheed Muhammad",★★★★,3/24/2023
digital,,Kepi and Friends,Full Moon Forever,Pirates Press,1/24,Pirate!,,"1, 2, 3","Indie Rock, Power Pop, Punk Rock","Groovie Ghoulies, Ramones, The Rolling Stones, Tom Petty, Jonathan Richman, Dinosaur Jr. ",★★★,3/24/2023
digital,,Atsuko Chiba,"Water, It Feels Like It's Growing",Mothland,1/24,Planetary,"2, 5","3, 4","Post-Rock, Progressive Rock","Yamantaka // Sonic Titan, Boris, Les Rallizes Dénudés, Yoo Doo Right, Courting",★★★,3/24/2023
digital,,THUMPER,Delusions of Grandeur,Reckless Records,1/24,Planetary,"3 (edit avail.), 4, 6","2, 3*, 8","Post-Punk, Psychedelic Rock","The Lounge Society, Shame, Viagra Boys, Silberbacks, The Murder Capital",★★★★,3/24/2023
digital,,Bobbie Lovesong,On The Wind,Woodsist,1/24,Riot Act,,,"Cosmic Country, Psychedelic Pop","Marina Allen, Peel Dream Magazine, Drugdealer",★★★★,3/24/2023
digital,,Fran,Leaving,Fire Talk,1/24,Terrorbird,,"1, 8, 9","Americana, Indie Folk","Angel Olsen, Johanna Warren, Pearla",★★★★,3/24/2023
digital,,One Step Closer,Songs for the Willow [EP],Run For Cover,1/24,Terrorbird,,"all (1, 2, 3)","Post-Hardcore, Melodic Hardcore","Anxious, Koyo, Militaire Gun, Angel Du$t, Thursday, Title Fight",★★★★,3/24/2023
digital,,THUS LOVE,Put On Dog [single],Captured Tracks,1/24,Terrorbird,,,"Post-Punk, Gothic Rock","A Place To Bury Strangers, Guerilla Toss, Spirit Of The Beehive",★★★★,3/24/2023
digital,,John Cale,MERCY,Double Six / Domino,1/24,The Syndicate,,"1, 5, 8, 11","Art Pop, Alt-Pop, Electronic","Weyes Blood, Velvet Underground, Animal Collective",★★★★,3/24/2023
digital,,The Murder Capital,Gigi's Recovery,Human Season,1/24,The Syndicate,7,"3, 10, 8","Post-Punk Revival, Gothic Rock","Fontaines DC, shame, Heavy Lungs, TV Priest",★★★★,3/24/2023
digital,,Joezy,Lo-Fi Wi-Fi [EP],Self-Released,1/24,,,,"Jazz Rap, Neo-Soul","redveil, Isaiah Rashad, Smino, Saba",★★★★,3/24/2023
digital,x,Tucked In,Doc Sunshine / Sunbathing on The Pavement [single],Self-Released,1/24,,,,"Indie Pop, Indie Rock",,★★★,5/24/2023
digital,,Fucked Up,One Day,Merge,1/30,Co-Sign,"4, 5, 10","9, 8, 1",Post-Hardcore,"Shame, Hüsker Dü, Turnstile, Hot Snakes, Titus Andronicus, OFF!, White Lung",★★★★,3/30/2023
digital,,Jonah Yano,portrait of a dog,Innovative Leisure,1/30,Co-Sign,,"4, 2, 6, 11, 12","Neo-Soul, Jazz Fusion","Nick Hakim, BADBADNOTGOOD, Holy Hive, Blood Orange, James Blake, The xx, Hoops",★★★★,3/30/2023
digital,,Nosaj Thing,Continua,LuckyMe,1/30,Co-Sign,clean edits avail.,"8, 5, 4, 10","Trip Hop, Downtempo","Toro y Moi, Panda Bear, The Range, Flying Lotus, Duval Timothy, serpentwithfeet",★★★,3/30/2023
digital,,The Bad Ends,The Power and the Glory,New West,1/30,Pirate!,,"2, 4, 1, 6",Indie/Alt. Rock,"Archers of Loaf, Love Tractor, R.E.M., Superchunk",★★★,3/30/2023
digital,,Bass Drum of Death,Say I Won't,Fat Possum,1/30,Planetary,"4 (edit avail.), 6","1, 2, 4, 10",Garage Rock,"Arctic Monkeys, Black Keys, Ty Segall, The White Stripes, Cage The Elephant",★★★★,3/30/2023
digital,,Dave Okumu & The 7 Generations,The Intolerable Suffering Of (The) Other [EP],Transgressive / [PIAS],1/30,Planetary,,"1, 2, 4","Afro-Jazz, Neo-Soul","Robert Glasper, Farhot, Soothsayers, Ali Shaheed Muhammad",★★★★,3/30/2023
digital,,Dippers,Looking For A Sphere [EP],Goner,1/30,Planetary,,"1, 3","Indie Rock, Jangle Pop","Lemon Demon, Car Seat Headrest, Cheekface, Diners",★★★,3/30/2023
digital,,Gigantic Hand,March,Down Peninsula Audio,1/30,Planetary,3,"2, 4, 6, 7","Indie Rock, Shoegaze","Car Seat Headrest, Teen Suicide, Horse Jumper of Love, Current Joys, MGMT",★★★,3/30/2023
digital,,Guided By Voices,La La Land,GBVInc.,1/30,Planetary,8,"4, 5, 3, 11",Indie/Alt. Rock,"Car Seat Headrest, Ty Segall, Bob Mould, Superchunk, Sebadoh, The Who, Big Star, Wire",★★★,3/30/2023
digital,,King Stingray,King Stingray,Cooking Vinyl ,1/30,Planetary,,"3, 4, 6, 9",Indie Surf meets Indigenous Australian Traditional Music,"The Beths, White Reaper, Enumclaw, The Terrys, CIVIC, King Tuff, Wavves, Bad//Dreems",★★★★,3/30/2023
digital,,King Tuff,Smalltown Stardust,Sub Pop,1/30,Shine On,,"7, 5, 8, 2","Psychedelic Pop, Singer-Songwriter","J Mascis, Kurt Vile, Ty Segall, Hand Habits",★★★★,3/30/2023
digital,,GLOSSER,DOWNER,Self-Released,1/30,Terrorbird,,"2, 5, 7, 9","Dream Pop, Synthpop","Beach House, Phantogram, two blinks, i love you, Couch Prints",★★★★,3/30/2023
digital,,Half Gringa,Ancestral Home,Self-Released,1/30,Tiger Bomb,3 (edit avail.),"2, 3*, 5","Indie Folk, Indie Rock","The Ophelias, Flock of Dimes, Half Waif, early-Waxahatchee, Gia Margaret",★★★★,3/30/2023
digital,,José González,Visions [EP],Mute,1/30,,,,Folktronica,,★★★,3/30/2023
digital,,Meg Baird,Furling,Drag City,1/30,,,"3, 8, 2, 1",Cont. Folk,"Josephine Foster, Marissa Nadler, Chris Forsyth",★★★,3/30/2023
digital,,Truth Club,It's Time [single],Sipsman,1/30,,,,"Indie Rock, Post-Punk","Palm, Pile, Protomartyr",★★★★,3/30/2023
digital,x (phl),Florry,Sweet Guitar Solos,Dear Life,1/30,Tiger Bomb,,"1, 4","Alt-Country, Folk Rock","Wednesday, Wild Pink, Friendship",★★★★★,5/30/2023
digital,x (phl),GROCER,Downtown Side [single],Grind Select,1/30,,,,"Indie Rock, Noise Pop","Palm, Enumclaw, Editrix",★★★★★,5/30/2023
digital,x (NJ),San Tropez,Maybe Tomorrow,Mint 400,1/30,Pirate!,,"2, 1, 3","Dream Pop, Indie Rock","Slowdive, Ride, Film School, Swervedriver, A Place To Bury Strangers",★★★★,5/30/2023
digital,x (phl / ny),Four Elements & Beyond,Clock The Chemistry [advance tracks],Self-Released,1/30,,use edits,,"Boom Bap, Jazz Rap",,★★★,5/30/2023
digital,,Emelia Austin,From Another Sky,Anxiety Blanket,2/7,Tiger Bomb,,"2, 5, 7","Dream Pop, Indie Rock","Gia Margaret, Mia Joy, Cryogeyser, Frankie Cosmos",★★★★,4/7/2023
digital,,These People,In Place of Time [EP] ,Green Witch / Parallel Division,2/7,Tiger Bomb,,"3, 2",Indie Rock,"Temples, Kiwi Jr., Post Animal",★★★★,4/7/2023
digital,,AJJ,Disposable Everything [advance tracks],Hopeless Records,2/7,Terrorbird,,,"Indie Folk, Indie Pop","Nana Grizol, Jeff Rosenstock, The Mountain Goats",★★★★★,4/7/2023
digital,,babyfang,In The Face Of,LucidHaus,2/7,Terrorbird,"2*, 3, 4, 6*",edits of 2 & 6,"Art Punk, Dream Pop","Show Me The Body, Death Grips, Enumclaw, Militarie Gun, Zulu, Gulch",★★★★,4/7/2023
digital,,Applesauce Tears,Artifacts,Black Cottage,2/7,Shine On,,"1, 2, 8","Dream Pop, Shoegaze, Ambient","The Avalanches, Tobacco, Flaming Lips, Boards Of Canada",★★★★,4/7/2023
digital,,Somebody's Child,Somebody's Child,Frenchkiss,2/7,Shine On,"5 (edit avail.), 11","2, 5*, 1","Indie Rock, Post-Punk Revival","The Strokes, Gang of Youths, Bombay Bicycle Club, the xx, Sam Fender, The Drums",★★★★,4/7/2023
digital,,Mynolia,All Things Heavy,Bronzerat,2/7,Shine On,,"10, 3, 4, 8",Indie Folk,"Julien Baker, Tomberlin, Lomelda, Katy Kirby, Why Bonnie, Julia Jacklin",★★★★,4/7/2023
digital,,Harry Cloud,The Cyst ,Kitten Robot,2/7,Shine On,10,"7, 2, 5, 9","Indie Rock, Stoner Rock/Metal","Modest Mouse, METZ, Liars, Spiritualized, Jack White, Nothing, Animal Collective",★★★,4/7/2023
digital,,Rikas,Goodbye Sunshine [EP],Humming,2/7,Shine On,,"1, 2, 5","Indie Pop, Jazz Pop, Psychedelic Pop","Toro y Moi, Washed Out, Rolling Blackouts Coastal Fever, Lemon Twigs",★★★,4/7/2023
digital,,The Men,New York City,Fuzz Club,2/7,Riot Act,,"1, 4, 9","Garage Rock, Garage Punk","No Age, Preoccupations, Meat Wave, METZ",★★★★★,4/7/2023
digital,,Ibex Clone,All Channels Clear,Goner,2/7,Planetary,,"1, 2, 4, 9","Indie Rock, Post-Punk","Dumb, Kiwi jr., Pardoner, LVL UP, XTC",★★★★,4/7/2023
digital,,Will Epstein,Wendy,Fat Possum,2/7,Planetary,,"1, 4, 6","Psychedelic Pop, Soft Rock","Panda Bear, Dr. Dog, Grizzly Bear, Andrew Bird, Perfume Genius",★★★,4/7/2023
digital,,Marbles,Humour,Playground,2/7,Planetary,,"4, 7, 9, 11",Indie Pop,"Beach House, Tallies, Youth Lagoon, Washed Out",★★★,4/7/2023
digital,,The Go! Team,Get Up Sequences Part Two,Memphis Industries,2/7,Planetary,6,"1, 2, 10","Indie Pop, Neo-Psychedelia","Santigold, The Avalanches, Deerhoof, Kero Kero Bonito, Superorganism",★★★,4/7/2023
digital,,Parannoul,After the Magic,Topshelf,2/7,Pirate!,,"4, 2, 5, 9","Shoegaze, indie Rock, Dream Pop, Indietronica","Asian Glow, Weatherday, Xiu Xiu, Anamanaguchi, Have A Nice Life",★★★★,4/7/2023
digital,,James Brandon Lewis,Eye of I,ANTI-,2/7,Pirate!,,"2, 3, 5, 9, 11","Avant-Garde Jazz, Spiritual Jazz","Sonny Rollins, Ezra Collective, Chris Potter, Joshua Redman, The Messthetics",★★★★,4/7/2023
digital,,The Royal Arctic Institute,From Coma To Catharsis,Already Dead,2/7,Pirate!,,"2, 3, 4","Post-Rock, Jazz Fusion","CHON, Tortoise, Solar Motel Band, LITE, Elephant Gym, Battles, William Tyler, Telekinesis",★★★★,4/7/2023
digital,,mmeadows,Light Moves Around You,AWAL,2/7,Pirate!,"2* (edit avail.), 10","6, 4, 5, 9","Electropop, Art Pop","Caroline Polachek, Half Waif, Rubblebucket, Phantogram, Dirty Projectors, Cults",★★★,4/7/2023
digital,,No Time For Caution,"The Days Are Long, But The Years Are Short",Mint 400,2/7,Pirate!,,"8, 6, 2",Post-Rock,"This Will Destroy You, Maybeshewill, Explosions In The Sky",★★★,4/7/2023
digital,,Young Fathers,Heavy Heavy,Ninja Tune,2/7,Co-Sign,,"9, 2, 1, 3, 5","Art Pop, Neo-Psychedelia","TV On The Radio, Sampha, Obongjayar, Algiers, LCD Soundsystem",★★★★,4/7/2023
digital,,Magna Zero,All Must Go [EP],Self-Released,2/7,,,,"Heavy Psych, Garage Rock",,★★★★,4/7/2023
digital,,Floodlights,Painting of My Time [advance tracks],Self-Released,2/7,,,,"Indie Rock, Art Punk","Omni, Parquet Courts, Woods",★★★★,4/7/2023
digital,,Amber Arcades,Barefoot on Diamond Road,Fire Records,2/13,Shine On,,,Dream Pop,"Weyes Blood, Alvvays, PJ Harvey, St. Vincent",★★★★,4/13/2023
digital,,CIVIC,Taken By Force,ATO,2/13,Planetary,,,Garage Punk,"White Reaper, The Chats, Shutups, Death By Unga Bunga, FIDLAR, Viagra Boys, Thee Oh Sees",★★★★★,4/13/2023
digital,,Black Belt Eagle Scout,"The Land, the Water, the Sky",Saddle Creek,2/13,Co-Sign,,"6, 12, 1, 4","Dream Pop, Singer-Songwriter, Indie Rock","Mitski, Lucy Dacus, Snail Mail, Jay Som, Tomberlin",★★★★★,4/13/2023
digital,,Yo La Tengo,This Stupid World,Matador Records,2/13,Beggars,5,"2, 4, 1","Indie Rock, Post-Rock","Pavement, Built to Spill, Galaxie 500, Spiritualized",★★★★★,4/13/2023
digital,,Spitting Image,Full Sun,Slovenly,2/13,Shine On,,"12, 6","Art Punk, Deathrock","Iceage, Wipers, Milk Music, Smirk, shame",★★★★★,4/13/2023
digital,,Andy Shauf,Norm,ANTI-,2/13,Pirate!,,"1, 2, 3, 5, 7","Chamber Pop, Singer-Songwriter","Father John Misty, Wilco, Andrew Bird, Cass McCombs, Foxwarren",★★★★,4/13/2023
digital,,The WAEVE,The WAEVE,Transgressive / PIAS,2/13,Planetary,6,"1, 2, 3, 5",Art Rock,"Graham Coxon, Yard Act, The Fall, Blur, Public Image Ltd.",★★★★,4/13/2023
digital,,Quasi,Breaking The Balls Of History,Sub Pop,2/13,Shine On,"2, 5","8, 3, 10, 4, 7","Indie Rock, Noise Pop","Stephen Malkmus & The Jicks, Wet Leg, Built To Spill, Pavement, Dinosaur Jr, Superchunk",★★★★,4/13/2023
digital,,Narrow Head,Moments of Clarity,Run For Cover,2/13,Terrorbird,,"2, 7, 9","Shoegaze, Alt. Rock, Alt. Metal"," Deftones, Hum, Smashing Pumpkins, Nothing, Cloakroom",★★★★,4/13/2023
digital,,Kelela,Raven,Warp Records,2/13,Terrorbird,,"2, 3, 7, 10","Alt. R&B, Electronic, Ambient Pop","FKA Twigs, Solange, Ravyn Lenae, Eartheater, Kilo Kish",★★★★,4/13/2023
digital,,Jad Fair & Samuel Locke Ward,Happy Hearts,Kill Rock Stars,2/13,Planetary,,"2, 10, 15, 17","Slacker Rock, Indie Rock","Half-Japanese, Beat Happening, Daniel Johnston, Mo Troper, R. Stevie Moore",★★★★,4/13/2023
digital,,Hey Hey My My,High_Life,Vietnam,2/13,Tiger Bomb,,"1, 6, 7, 8, 10","Indie Pop, Indie Rock","Built To Spill, Elf Power, Close Lobsters",★★★,4/13/2023
digital,,Dave Aju & The Invisible Art Trio,Glossolalia,Broken Clover,2/13,,,,"House, Disco",,★★★★,4/13/2023
digital,,Cor De Lux,Media,Self-Released,2/13,Riot Act,,"6, 2, 4, 3","Post-Punk, Dream Pop","Sonic Youth, Wet Leg, Slowdive",★★★★★,4/13/2023
digital,,Pearla,"Oh Glistening Onion, The Nighttime Is Coming",Spacebomb,2/13,Co-Sign,,"3, 2, 1, 9","Contemporary Folk, Singer-Songwriter","Lucy Dacus, Hurray For The Riff Raff, Buck Meek, Angel Olsen, Blunt Chunks",★★★,4/13/2023
digital,,Wax Tailor,Fishing For Accidents,LAB'ORATOIRE,2/13,Co-Sign,use clean edits,"11, 2, 10, 4",Hip-Hop,"RJD2, Grammatik, Nightmares On Wax, Quantic",★★★,4/13/2023
digital,,Skull Practitioners,Negative Stars,In The Red,2/13,Pirate!,,"2, 3, 5, 7","Garage Rock, Noise Rock","King Gizzard & The Lizard Wizard, Ty Segall, The Dream Syndicate, Jon Spencer & The Hitmakers",★★★,4/13/2023
digital,,Square Loop,The Longest Distance Between Two Points,Self-Released,2/13,Pirate!,"2, 5, 7 (edits avail.)","3, 9, 2*, 7*","Emo, Indie Rock, Pop Punk","Joyce Manor, Modern Baseball, Tigers Jaw, Oso Oso, PHONY, Slaughter Beach Dog",★★★,4/13/2023
digital,,Sunny War,Anarchist Gospel,New West,2/13,AMAPAC,"8, 12","2, 11, 7, 14","Folk Punk, Country Blues","Meg Baird, L.A. Salami, Courtney Marie Andrews",★★★,4/13/2023
digital,,Rose Gray,Higher Than The Sun [EP],Play It Again Sam,2/13,Planetary,,"2, 3, 4","Synthpop, Alt. Dance","Caroline Polachek, Blue Hawaii, Robyn, Kylie Minogue, Cecile Believe",★★★★,4/13/2023
digital,,Django Django,Off Planet Part 1 [EP],Because Music,2/13,Co-Sign,,"2, 1, 5","Neo-Psychedelia, Breakbeat","Hot Chip, Toro Y Moi, Jungle, Washed Out, Everything But The Girl",★★★★,4/13/2023
digital,,Jessica Winter,Limerence [EP],Lucky Number Music,2/13,Terrorbird,"2*, 4*","3, 2*, 4*, 5","Electropop, Synthpop","Metric, Yeah Yeah Yeahs, Ladytron, Ian Sweet",★★★,4/13/2023
digital,x (NJ),Fascinations Grand Chorus,Terror in the Night,Silent Stereo,2/13,Shine On,,"2, 12, 5, 15","Indie Pop, Jangle Pop","The Paranoyds, Tennis, Death Valley Girls",★★★★,6/13/2023
digital,,@,Mind Palace Music,Carpark,2/21,Terrorbird,,"3, 4, 6","Psychedelic Folk, Psychedelic Pop","PACKS, Naomi Alligator, Kimya Dawson",★★★★,4/21/2023
digital,,Anna B Savage,in|FLUX,City Slang,2/21,Co-Sign,,"3, 4, 6, 1","Art Pop, Singer-Songwriter","Aldous Harding, ANOHNI, Circuit Des Yeux, Joanna Newsom, Big Thief",★★★★,4/21/2023
digital,,Avey Tare,7s,Domino,2/21,The Syndicate,,"1, 3","Neo-Psychedelia, Psychedelic Pop","Animal Collective (duh), Black Dice, Dan Deacon, Deerhunter",★★★★,4/21/2023
digital,,Cheater Slicks,Ill-Fated Cusses,In The Red,2/21,,,,Garage Punk,,★★★★,4/21/2023
digital,,Debt Rag,Lost To The Fantasy [advance tracks],Post Present Medium,2/21,,"2, 3 (on album)","5, 10","Art Punk, Experimental Rock","Guerilla Toss, The Garden, ",★★★★,4/21/2023
digital,,Gemma Ray,Gemma Ray & the Death Bell Gang,Bronzerat,2/21,Shine On,,"4, 5, 2, 1, 9","Art Pop, Singer-Songwriter","Portishead, Bat for Lashes, Chromatics, Zola Jesus",★★★,4/21/2023
digital,,Glüme,Main Character,Italians Do It Better,2/21,Shine On,"3, 12","2, 4, 8, 11","Synthpop, Alt-Pop","Caroline Polachek, Lana Del Rey, Julee Cruise",★★★★,4/21/2023
digital,,Grade 2,Grade 2,Hellcat/Epitaph,2/21,Pirate!,"1, 10","3, 5, 6, 12, 14","Punk Rock, Oi!","Fontaines D.C., Rancid, Idles, Frank Turner",★★★★,4/21/2023
digital,,Horse Lords,Comradely Objects,RVNG Intl.,2/21,,,,"Exp. Rock, Math Rock","Oneida, Bill Nace, Palm, EXEK",★★★★,4/21/2023
digital,,Keep,Happy In Here,Honey Suckle Sound,2/21,Terrorbird,,"3, 7, 9","Shoegaze, Indie Rock, Post-Punk","Narrow Head, HUM, Enumclaw",★★★★,4/21/2023
digital,,koleżanka,Alone with the Sound the Mind Makes,Bar/None,2/21,Tiger Bomb,,"1, 3, 5, 7","Art Pop, Dream Pop","Broadcast, Helena Deland, Stereolab, Jenny Hval",★★★★★,4/21/2023
digital,,Loki's Folly,Sisu,Kitten Robot,2/21,Shine On,,"7, 11, 4, 12, 1","Noise Rock, Indie Punk","The Linda Lindas, Tacocat, Bully, The Coathangers",★★★★,4/21/2023
digital,,M.U.T.T.,Bad to the Bone,Quiet Panic,2/21,Pirate!,"1, 2, 3, 4, 6, 9 (edits of 1, 4, 6, 9 avail.)","edits of 6, 1, 4, 5","Punk Rock, Post-Hardcore","Culture Abuse, Turnstile, Militarie Gun, The Garden, Pkew Pkew Pkew, Metz",★★★★,4/21/2023
digital,,MAITA,Loneliness,Kill Rock Stars,2/21,Planetary,"1, 7, 10","2, 6, 9","Acoustic Rock, Indie Rock","Mitski, Lucy Dacus, Black Belt Eagle Scout, Summer Cannibals",★★★★,4/21/2023
digital,,Mega Bog,End of Everything [advance tracks],Mexican Summer,2/21,Co-Sign,,,"Art Pop, Synthpop, Singer-Songwriter","Cate Le Bon, Destroyer, U.S. Girls, SPELLLING, Julia Holter, Weyes Blood",★★★★★,4/21/2023
digital,,Orions Belte,Women [advance tracks],Jansen,2/21,Planetary,,,"Neo-Psychedelia, Psychedelic Rock","Babe Rainbow, Melody’s Echo Chamber, Toro Y Moi, Unknown Mortal Orchestra, The Lazy Eyes",★★★★,4/21/2023
digital,,Pigs Pigs Pigs Pigs Pigs Pigs Pigs,Land of Sleeper,Missing Piece,2/21,The Syndicate,,"1, 5","Stoner Metal, Heavy Psych","Sleep, Flat Worms, Heavy Lungs, Ecstatic Vision",★★★★,4/21/2023
digital,,PILE,All Fiction,Exploding In Sound,2/21,Pirate!,,"6, 8, 2, 5, 7","Indie Rock, Art Rock, Post-Hardcore","METZ, Big Ups, LVL UP, Speedy Ortiz",★★★★★,4/21/2023
digital,,Spiral XP,Long Beard,Danger Collective,2/21,Terrorbird,,"3, 4, 5","Shoegaze, Noise Pop","Alex G, Slow Pulp, Versing, TAGABOW, A Country Western",★★★★★,4/21/2023
digital,,THE MARMALADE DUPLEX,TROPICAL METAL STUDIES,Corduroy Palace,2/21,,,,"Exp. Rock, Krautrock, Noise Rock","Squid, EXEK, Osees/John Dwyer",★★★★,4/21/2023
digital,,Yellow Pills,Death by Elvis,Mint 400,2/21,Pirate!,,"1, 3, 10, 2","Surf Rock, Surf Rock-Jazz/Swing Fusion???","Combustible Edison, Lettuce, The Limbos, The Funky JC’s, Tim Carman & The Street 45s, The Royal Arctic Institute ",★★★★,4/21/2023
digital,,ALASKALASKA,Still Life,Marathon Artists,2/28,Co-Sign,,"4, 2, 1, 8","Synthpop, Indietronica, Art Pop","The Knife, Porridge Radio, ANIMA!, Purity Ring, Sorry, PVA, Jay Som",★★★★,4/28/2023
digital,,BIG|BRAVE,nature morte,Thrill Jockey,2/28,,,,"Post-Metal, Noise Rock","The Body, Uniform, SUMAC, Divide and Dissolve",★★★★,4/28/2023
digital,,BLACK FORCES,BACK 2 BLACK [EP],2MR,2/28,Terrorbird,2,"1, 3",House,"Sarah Swillum, Trifouille1er, O$AGIE, Divine Interface",★★★,4/28/2023
digital,,Bria,Cuntry Covers Vol 2 [EP],Sub Pop,2/28,Shine On,,"3, 1, 5, 2","Indie Rock, Alt-Country","Orville Peck, Waxahatchee, Cut Worms, Nap Eyes, Dehd, Shannon Lay",★★★★,4/28/2023
digital,,Death Valley Girls,Islands in the Sky,Suicide Squeeze,2/28,Shine On,,"5, 2, 4, 8, 11","Garage Rock, Psychedelic Rock","L.A. Witch, Bully, Sheer Mag, The Coathangers, The Paranoyds",★★★★,4/28/2023
digital,,dEUS,How to Replace It,PIAS,2/28,Planetary,11,"2, 4, 7, 1",Art Rock,"Ice Age, King Krule, Black Country New Road, Gorillaz, Spiritualized",★★★★,4/28/2023
digital,,Dougie Poole,The Rainbow Wheel of Death,Wharf Cat,2/28,Terrorbird,,"1, 3, 7","Alt-Country, Psychedelic Folk","Daniel Romano, Kris Kristofferson, Cut Worms, Trace Mountains",★★★★★,4/28/2023
digital,,Faten Kanaan,Afterpoem,Fire Records,2/28,Shine On,,"5, 4, 3","Progressive Electronic, Ambient","Julianna Barwick, Weyes Blood, Julia Holter, Beach House, Glass Candy",★★★★,4/28/2023
digital,,Gabrielle Shonk,Across The Room,Arts & Crafts,2/28,Pirate!,"6, 9 (edits avail.)","6*, 9*, 1, 3","Singer-Songwriter, Jazz-Pop","Madi Diaz, Angel Olsen, Taylor Janzen, Sharon Van Etten, HAIM",★★★,4/28/2023
digital,,Judson Claiborne,"Live Active Culture, Vol. 1",Self-Released,2/28,Tiger Bomb,,"3, 1, 2, 6","Folk Rock, Indie Folk","Cass McCombs, Michael Nau, Kevin Morby",★★★★,4/28/2023
digital,,Kate Fagan,I Don't Wanna Be Too Cool (Expanded Edition) ,Captured Tracks,2/28,Terrorbird,,"1, 3, 8",New Wave,"Strawberry Switchblade, Surburban Lawns, Romeo Void, Deux",★★★★★,4/28/2023
digital,,Miss Grit,FOLLOW THE CYBORG,Mute Records,2/28,Co-Sign,,"4, 6, 8, 2","Indie Rock, Noise Pop, Art Pop","St. Vincent, Cat Power, Xiu Xiu, Enumclaw, Sorry",★★★★★,4/28/2023
digital,,Model/Actriz,Dogsbody,True Panther,2/28,Terrorbird,,"2, 3, 6","Noise Rock, Dance-Punk","Chat Pile, Black Midi, Gilla Band, Crack Cloud",★★★★★,4/28/2023
digital,,Runnner,"Like Dying Stars, We're Reaching Out",Run For Cover,2/28,Terrorbird,,"3, 4, 5, 7","Singer-Songwriter, Indie Pop, Indie Folk","Hovvdy, Field Medic, Lomelda, River Whyless",★★★,4/28/2023
digital,,shame,Food for Worms,Dead Oceans,2/28,Planetary,"2, 4, 7, 9","1, 5, 8, 2*","Post-Punk, Indie Rock, Art Rock","Fontaines D.C., Squid, Viagra Boys",★★★★★,4/28/2023
digital,,SURMA,alla,Omnichord,2/28,Planetary,,"2, 4, 7","Art Pop, Avant-Pop","Björk, Dirty Projectors, St. Vincent, Tune-Yards, Rubblebucket, Deerhoof, Animal Collective",★★★★,4/28/2023
digital,,Taleen Kali,Flower of Life [advance tracks],Dum Dum Records,2/28,Planetary,,,"Punk Rock, Dream Pop, Dream Punk?","White Lung, Ex Hex, Alice Bag, Blondie, X, Seth Bogart, TÜLIPS",★★★★,4/28/2023
digital,,The Church,The Hypnogogue,Communicating Vessels,2/28,Shine On,"2, 3, 10","14, 15, 16","Neo-Psychedelia, Dream Pop","The Smile, Nick Cave, The Horrors, The Jesus & Mary Chain, The House of Love",★★★★,4/28/2023
digital,,VOSH,Vessel,Trash Casual,2/28,Pirate!,,"2, 1, 4, 5","Industrial Rock, Gothic Rock","Ministry, Siouxsie and The Banshees, Emma Ruth Rundle, Nine Inch Nails, Lingua Ignota",★★★,4/28/2023
digital,,Waldo Witt,"Long Daze, Dark Nights",Self-Released,2/28,Tiger Bomb / Shine On,,"3, 7, 5, 1, 6",Psychedelic Pop,"Toro Y Moi, Tame Impala, Jerry Paper",★★★,4/28/2023
digital,,Whose Rules,Hasler,777 Music,2/28,Terrorbird,,"2, 6, 7","Bedroom Pop, Hypnagogic Pop","Gus Dapperton, Dayglow, Boy Pablo",★★★★,4/28/2023
digital,,Adi Oasis,Lotus Glow,Unity Records,3/7,Co-Sign,"4*, 5, 6, 9* (* = edit avail)","4*, 2, 9*, 7, 11",Neo-Soul,"Yaya Bey, Lava La Rue, Jamila Woods, Kadhja Bonet, Erykah Badu",★★★★,5/7/2023
digital,,Bonnie Trash,"Hail, Hale! [EP]",Hand Drawn Dracula,3/7,Planetary,,1,"Drone-Rock, Dream Pop","Chelsea Wolfe, Zola Jesus, Angel Olsen, Ethel Cain, Lingua Ignota",★★★★,5/7/2023
digital,,Caroline Polachek,"Desire, I Want To Turn Into You",Perpetual Notice,3/7,,,"1, 3","Art Pop, Alt-Pop","Charli XCX, Grimes, Shygirl, Rebecca Black, Kelela",★★★★,5/7/2023
digital,,Constant Smiles,Kenneth Anger,Sacred Bones,3/7,Terrorbird,,"2, 3, 4, 8","Indie Rock, Dream Pop, Post-Punk","Yo La Tengo, Ducks Ltd, Peel Dream Magazine, The National, duster",★★★★,5/7/2023
digital,,Dry Cleaning,Swampy [EP],4AD,3/7,Beggars,,,"Post-Punk, Indie Rock","Do Nothing, Goat Girl, Squid, Yard Act, Crack Cloud",★★★★★,5/7/2023
digital,,Ins Kino,Ins Kino 2,Self-Released,3/7,Tiger Bomb,,"2, 4","Baroque Pop, Singer-Songwriter","Andy Shauf, The Last Shadow Puppets, Scott Walker, Michael Nau",★★★,5/7/2023
digital,,Ivy,Apartment Life [25th Anniversary Edition],Bar/None,3/7,Tiger Bomb,,"13, 14, 1, 2, 3, 5, 10","Indie Pop, Dream Pop","Saint Etienne, Lush, The Postmarks",★★★★,5/7/2023
digital,,Jackie Mendoza,Galaxia de Emociones,ZZK Records,3/7,Co-Sign,,"4, 7, 2","Electropop, Latin Pop","Buscabulla, Xenia Rubinos, Maria Usbeck, Jockstrap, iLe, Ela Minus",★★★,5/7/2023
digital,,LANNDS,Music For The Future,Run For Cover,3/7,Terrorbird,"8, 11","2, 3, 4, 5, 10","Electropop, Alt-Pop, Alt. R&B","Washed Out, Phantogram, Purity Ring",★★★,5/7/2023
digital,,Lemon Pitch,Threat Of Weather,Repeating Cloud,3/7,Pirate!,8,"5, 1, 3, 4, 10",Indie Rock,"Pavement, Guided By Voices, They Might Be Giants, Dinosaur Jr, Archers of Loaf",★★★,5/7/2023
digital,,Mary Anne's Polar Rig,Makes You Wonder,Rama Lama,3/7,Terrorbird,"7, 8","2, 1, 4, 9","Garage Rock, Noise Pop","Bully, Palberta, Speedy Ortiz, Deerhoof",★★★★,5/7/2023
digital,,Spaceport,Window Seat,Aura Vortex,3/7,Terrorbird,,"2, 5, 9","Bedroom Pop, Indie Rock","Hand Habits, Vero, Speedy Ortiz, Veps",★★★,5/7/2023
digital,,Sun Room,Outta Their Minds [EP],ONErpm,3/7,Pirate!,,"2, 1, 4","Indie Punk, Surf Rock","FIDLAR, White Reaper, The Growlers, Black Lips, The Strokes, Surf Curse",★★★★,5/7/2023
digital,,Tanukichan,Gizmo,Carpark,3/7,Terrorbird,4 (edit avail.),"2, 5, 7, 9","Indie Rock, Shoegaze","Toro Y Moi, Lala Lala, Ringo Deathstarr, SPIRIT OF THE BEEHIVE",★★★★,5/7/2023
digital,,Ty Segall & Emmett Kelly,Live At Worship,Drag City,3/7,,,,"Acoustic Rock, Folk",,★★★,5/7/2023
digital,,Waves Crashing,The Viewing [EP],Audiomanic,3/7,Shine On,,"2, 4, 1","Dream Pop, Shoegaze","EKKSTACY, The Horrors, Spiritualized, Nothing, MBV, Twilight Sad",★★★,5/7/2023
digital,,Western Haunts,The Bottle,Self-Released,3/7,Planetary,8,2,"Art Pop, Noise Pop, Dream Pop"," Peter Gabriel, Perfume Genius, Grizzly Bear, Xiu Xiu",★★★,5/7/2023
digital,,Weval,Remember,Technicolour,3/7,Co-Sign,,"11, 5, 6, 2","Microhouse, Downtempo","Caribou, Apparat, Mount Kimbie, Jaga Jazzist",★★★★,5/7/2023
digital,,YB+RSM,Iren,FPE Records,3/7,,,1,"Avant-Garde Jazz, Free Jazz, Experimental","Sunburned Hand of the Man, Jackie-O Motherfucker, John Zorn",★★★★,5/7/2023
digital,,Zulu,A New Tomorrow,Flatspot,3/7,The Syndicate,"1, 12, 14, 15","5, 7, 2","Powerviolence, Metalcore","Soul Glo, Scowl, GEL, SCALP",★★★★,5/7/2023
digital,,"Mandy, Indiana",I've Seen A Way,Fire Talk,3/7,Terrorbird,,,"EBM, Electro-Industrial, Post-Punk","PVA, SCALPING, Gilla Band",★★★★,5/19/2023
digital,,RVG,Brain Worms [advance tracks],Fire Records,3/7,Shine On,,,"Indie Rock, Post-Punk","The Horrors, Savages, Disq, King Krule, Iceage, The Go-Betweens",★★★★,6/2/2023
digital,x,Ron Gallo,FOREGROUND MUSIC,Kill Rock Stars,3/7,Planetary,,,Garage Rock,"Naked Giants, White Denim, The Black Angels, Bass Drum of Death, Hot Snakes",★★★★,7/7/2023
digital,,Doom Flower,Limestone Ritual,Record Label,3/14,Terrorbird,,"2, 4, 7, 8, 11","Bedroom Pop, Slacker Rock, Singer-Songwriter","Portishead, Smut, PACKS, Babehoven",★★★★,5/14/2023
digital,,Double Wish,Light Split Sparkle [EP],Hit The North,3/14,Planetary,,"1, 2","Dream Pop, Shoegaze, Post-Punk","DIIV, Beach Fossils, Real Estate, Surfer Blood, snow ellet",★★★★,5/14/2023
digital,,Eyelids,A Colossal Waste of Light,Jealous Butcher,3/14,Planetary,,"1, 2, 7, 9","Jangle Pop, Alt. Rock","Guided By Voices, Mo Troper, The Decemberists, R.E.M., The Minus 5, Yo La Tengo",★★★,5/14/2023
digital,,Fever Ray,Radical Romantics,Mute Records,3/14,Co-Sign / Pirate!,,"7, 1, 4, 5","Art Pop, Synthpop","The Knife, CocoRosie, Zola Jesus, ANOHNI, Goldfrapp, Björk",★★★★,5/14/2023
digital,,Frankie Rose,Love As Projection,Slumberland,3/14,Force Field,,,"Dream Pop, New Wave","Vivian Girls, No Joy, La Sera, Lower Dens",★★★★,5/14/2023
digital,,Glitter Wizard,Kiss the Boot [EP],Kitten Robot,3/14,Shine On,,"1, 5, 2, 6","Glam Rock, Garage Rock","The Nude Party, The Darkness, Rival Sons, Queen, Diarrhea Planet, Thin Lizzy",★★★,5/14/2023
digital,,J.T. IV,The Future,Drag City,3/14,,,"4, 6, 10","Slacker Rock, Garage Punk",,★★★★★,5/14/2023
digital,,Lonnie Holley,Oh Me Oh My,Jagjaguwar,3/14,Secretly,5,"2, 7, 9","Ambient, Soul, Experimental, Avant-Garde Jazz",,★★★★,5/14/2023
digital,,Orchid,Love Outro,Self-Released,3/14,Terrorbird,,"3, 7, 11","Hyperpop, Bubblegum Bass","SOPHIE, Sassy 009, 100 Gecs, GFOTY",★★★,5/14/2023
digital,,Rarelyalways,WORK,Innovative Leisure,3/14,Co-Sign,use clean edits,"11, 10, 1, 8","Jazz Rap, Grime, UK Hip-Hop","Shabazz Palaces, Jeshi, Wu-Lu, Kojey Radical, Gorillaz",★★★★,5/14/2023
digital,,Robbie & Mona,Tusky,Spinny Nights,3/14,Shine On,,"6, 3, 1","Dream Pop, Alt-Pop","Weyes Blood, Alvvays, Mitski, Mr. Twin Sister, FKA Twigs, Lana Del Rey",★★★★,5/14/2023
digital,,Shalom,Sublimation,Saddle Creek,3/14,Terrorbird,use edit,,"Indie Pop, Alt-Pop","Kero Kero Bonito, Dazy, Fauness, Bloomsday",★★★★,5/14/2023
digital,,Shana Cleveland,Manzanita,Hardly Art,3/14,Pirate!,,"3, 12, 1, 8, 4","Cont. Folk, Singer-Songwriter","La Luz, Weyes Blood, Cate Le Bon, Squirrel Flower, Hand Habits",★★★★,5/14/2023
digital,,Son Rompe Pera,Chimborazo,AYA Records,3/14,Co-Sign,,"3, 1, 9, 12",Cumbia mexicana,"Chico Trujillo, Frente Cumbiero, Combo Chimbita, Chicha Libre",★★★★,5/14/2023
digital,,Tony Saxon,A Few Cogs Short Of The Clock,Mint 400,3/14,Pirate!,,"2, 3, 5, 8","Psychedelic Rock, Exp. Rock","Link Wray, Flamin' Groovies, Johnny Kidd & The Pirates, Allen Toussaint",★★★,5/14/2023
digital,,Unloved,Polychrome,Heavenly/PIAS,3/14,Planetary,,"3, 1, 6","Art Pop, Psychedelic Pop, Dream Pop","Juniore, Suki Waterhouse, Cocteau Twins, TV Girl",★★★★,5/14/2023
digital,x,Godcaster,Godcaster,Ramp Local,3/14,Terrorbird,,,"Art Rock, Experimental Rock","Of Montreal, Deerhoof, Guerilla Toss",★★★★★,7/14/2023
digital,x,Provide,For Me,Lame-O,3/14,Terrorbird,"4, 6","3, 1, 2","Alt. Rock, Pop Punk","Future Teens, Oso Oso, PUP",★★★,7/14/2023
digital,x,Webbed Wing,Right After I Smoke This... [EP],Memory Music,3/14,Pirate!,,"1, 3","Alt. Rock, Post-Hardcore, Shoegaze","Narrow Head, Superheaven, Modern Color, Anxious, Dazy, Hum",★★★★,7/14/2023
digital,,100 gecs,"10,000 gecs",Dog Show / Atlantic,3/21,The Syndicate,all but #1 -- edit for #3 avail.,"1, 3*","Hyperpop, Alt. Rock","A.G. Cook, underscores, Dorian Electra, Ecco2k",★★★,5/21/2023
digital,,bed signs,Silver Lining Breakdown,Mint City,3/21,Planetary,"1*, 3*, 5, 8 (* = edit avail.)","1*, 2, 3*",Indie Pop,"Caroline Rose, Miya Folick, Marci, Julia Jacklin",★★★,5/21/2023
digital,,Dazy,OTHERBODY,Lame-O,3/21,Terrorbird,,"3, 7, 1","Power Pop, Noise Pop","Militarie Gun, SPICE, Supercrush, Green Day",★★★★,5/21/2023
digital,,deathcrash,Less,untitled (recs) / Fire Talk,3/21,Terrorbird,,"2, 3, 5, 6","Slowcore, Post-Rock","Knifeplay, Mogwai, They Are Gutting A Body of Water, The World Is a Beautiful Place & I Am No Longer Afraid to Die",★★★★★,5/21/2023
digital,,Dick Stusso,S.P.,Hardly Art,3/21,Pirate!,"2, 6, 8 (edits avail.)","4, 5, 7, 10, 2*, 6*, 8*","Indie Rock, Alt-Country, Exp. Rock","Kevin Morby, Alex Cameron, Bonny Doon, Dougie Poole, Father John Misty, Cut Worms",★★★★,5/21/2023
digital,,Django Django,Off Planet Part 2 [EP],Because Music,3/21,Co-Sign,,"1, 2, 3","Neo-Psychedelia, Indie Pop","Hot Chip, Toro Y Moi, Jungle, Washed Out, Everything But The Girl",★★★,5/21/2023
digital,,FIDLAR,That's Life [EP],Because Music,3/21,Pirate!,"2, 3*, 4, 5*, 6 (* = edit avail.)","1, 3*, 5*","Alt. Rock, Pop Punk, Punk Rock","Wavves, Bass Drum of Death, White Reaper, Together Pangea, Surf Curse, Cloud Nothings",★★★,5/21/2023
digital,,Genevieve Artadi,Forever Forever,Brainfeeder,3/21,Co-Sign,,"2, 4, 8, 6, 7","Jazz Fusion, Art Pop","DOMi & JD Beck, Louis Cole, Thundercat, Bernice, Sam Gendel",★★★★,5/21/2023
digital,,H. Hawkline,Milk For Flowers,Heavenly / PIAS,3/21,Planetary,,"2, 3, 10, 1","Art Pop, Progressive Pop","Andy Shauf, Aldous Harding, Cate Le Bon, Daniel Rossen, Cass McCombs",★★★,5/21/2023
digital,,Lichen Slow,Rest Lurks,Rock Action,3/21,Shine On,"2, 3, 5, 7, 8, 10","1, 3*, 2*","Indie Pop, Indie Rock","Mogwai, Arab Strap, Team Leader, 72%, Cloth, Jenny O, Dutch Uncles, Unwed Sailor",★★★★,5/21/2023
digital,,Maral,Ground Groove,Leaving,3/21,Shine On,,"2, 1, 3, 4, 9","Post-Industrial, Electronic","Oneohtrix Point Never, Gang Gang Dance, SOFI TUKKER, Dean Blunt",★★★★,5/21/2023
digital,,Moon Boots,Ride Away,Anjunadeep,3/21,Co-Sign,,"9, 6, 3, 2","Deep House, Dance-Pop","Roosevelt, Hot Chip, TSHA, Jayda G",★★★★,5/21/2023
digital,,Sheenah Ko,X Navet Confit [EP],Leaving,3/21,Shine On,,,"Art Pop, Dream Pop","The Besnard Lakes, Le Couleur, Beach House, Charlotte Gainsbourg, Weyes Blood, Enya,",★★★,5/21/2023
digital,,Tei Shi,Bad Premonition [EP],Self-Released,3/21,Planetary,5,"2, 3","Alt-Pop, Alt. R&B","Caroline Polachek, Jessie Ware, Robyn, Shura, U.S. Girls, Cecile Believe",★★★★,5/21/2023
digital,,The Lost Days,In The Store,Speakeasy Studios SF,3/21,Shine On,,"1, 3, 9, 6","Indie Pop, Jangle Pop","Mazzy Star, Julia Jacklin, MJ Lenderman, Angel Olsen, Frankie Cosmos",★★★★,5/21/2023
digital,,The Minks,Creatures Of Culture,Self-Released,3/21,Pirate!,,"2, 9, 10, 13","Psychedelic Rock, Garage Rock","Starcrawler, Sarah Shook & The Disarmers, Deap Vally, Nikki Lane",★★★,5/21/2023
digital,,Unknown Mortal Orchestra,V,Jagjaguwar,3/21,Co-Sign / Terrorbird / Secretly,,"3, 7, 11, 13","Psychedelic Pop, Psychedelic Rock","Tame Impala, Melody's Echo Chamber, Pond, Foxygen, Mild High Club",★★★★,5/21/2023
digital,,Yves Tumor,"Praise A Lord Who Chews But Which Does Not Consume; (Or Simply, Hot Between Worlds)",Warp Records,3/21,Terrorbird,,,"Neo-Psychedelia, Post-Punk, Art Rock","eartheater, Blood Orange, serpentwithfeet, Dean Blunt, Yung Lean",★★★★★,5/21/2023
digital,,Kate Davis,Fish Bowl,ANTI-,3/28,Pirate!,"6, 7 (edits avail.)","1, 2, 4, 8","Indie Pop, Indie Rock","Black Belt Eagle Scout, Sharon Van Etten, St. Vincent, Miya Folick, Miss Grit, Julia Jacklin",★★★★,5/28/2023
digital,,Emilíana Torrini & The Colorist Orchestra,Racing The Storm,Bella Union / PIAS,3/28,Planetary,,"1, 3, 6","Folk Pop, Chamber Pop","Lamb, Caroline Shaw, Charlotte Gainsbourg, Beth Orton",★★★★,5/28/2023
digital,,Yaya Bey,Exodus The North Star [EP],Big Dada,3/28,Co-Sign,"4, 6","1, 2, 3","Neo-Soul, Cont. R&B","Jamila Woods, Madison Mcferrin, The Internet, KeiyaA, Liv.e",★★★★,5/28/2023
digital,,Nuha Ruby Ra,Machine Like Me [EP],Brace Yourself,3/28,Shine On,,"2, 1, 5","Post-Punk, Free Jazz, Exp. Rock","Zola Jesus, Chelsea Wolfe, Bat for Lashes, Fever Ray",★★★★,5/28/2023
digital,,Zack Rosen,SYZYGY,Chimera,3/28,Force Field,,,"Indie Folk, Singer-Songwriter, Alt-Country","L.A. Salami, Daniel Johnston, Elliott Smith",★★★★,5/28/2023
digital,,Unlearn & MP Shaw,Secret Listener,Farallon,3/28,Tiger Bomb,,"1, 4, 5, 7","Ambient, Downtempo","Boards of Canada, Brian Eno, Plaid, Aphex Twin",★★★,5/28/2023
digital,,Deerhoof,Miracle-level,Joyful Noise,3/28,Terrorbird,,"11, 1, 2","Indie Rock, Noise Pop","Palm, Unwound, Andy Shauf, Daniel Johnston",★★★★★,5/28/2023
digital,,Yours Are The Only Ears,We Know The Sky,Lame-O,3/28,Terrorbird,,"1, 2, 3, 5","Indie Folk, Indie Pop","Soccer Mommy, Julia Jacklin, Frankie Cosmos, Florist",★★★★,5/28/2023
digital,,Grand Public,Idéal Tempo [EP] ,Lisbon Lux,3/28,Shine On,,,"Indie Rock, Jangle Pop","Corridor, Preoccupations, Ought, Chris Cohen, Chocolat",★★★,5/28/2023
digital,,JakoJako,Verve [EP],Mute,3/28,,,,Ambient Techno,"KELLY LEE OWENS, DANIEL AVERY, MARIE DAVIDSON",★★★,5/28/2023
digital,,"Black Country, New Road",Live At Bush Hall,Ninja Tune,3/28,Co-Sign,8,"4, 1, 3, 5","Art Rock, Progressive Pop, Chamber Pop","black midi, Dry Cleaning, Joanna Newsom, Broken Social Scene",★★★★★,5/28/2023
digital,,Cold Expectations,Static Reactions,Red on Red,3/28,Planetary,,"10, 4, 8, 9",Indie Rock,"Yo La Tengo, The Go-Betweens, The Magnetic Fields, The Feelies, Camper Van Beethoven, Reds Pinks & Purples",★★★★,5/28/2023
digital,,Eaves Wilder,Hookey [EP],Secretly Canadian,3/28,Secretly,1 (edit avail.),"1*, 2","Indie Pop, Indie Rock","beabadoobee, Momma, Wet Leg, The Breeders",★★★,5/28/2023
digital,,Co-Ed Dorms,Enter The Dorms [EP],Self-Released,3/28,Terrorbird,4,"1, 2, 3",Art Punk,"Show Me The Body, Godcaster, Viagra Boys",★★★★,5/28/2023
digital,,Izzy Heltai,Day Plan + New Singles,Self-Released,3/28,Tiger Bomb,2,"6, 7","Indie Folk, Singer-Songwriter, Bedroom Pop","Field Medic, Tré Burt, Twain, Field Guide",★★★,5/28/2023
digital,,"Reds, Pinks and Purples, The",The Town That Cursed Your Name,Slumberland,3/28,Force Field,,"1, 3, 10","Indie Pop, Jangle Pop","The Television Personalities, The Smiths, Galaxie 500",★★★,5/28/2023
digital,,Benny Sings,Young Hearts,Stones Throw,3/28,Co-Sign,,"4, 5, 2, 1","Indie Pop, Sophisti-Pop","Nick Hakim, Connan Mockasin, Mac DeMarco, Jerry Paper",★★★,5/28/2023
digital,,Debby Friday,Good Luck,Sub Pop,3/28,Shine On,"1, 2, 3, 6, 9 (edits avail.)","2*, 3*, 4*","Electro-Industrial, Industrial Hip-Hop","Kelela, Alice Glass, Death Grips, FKA Twigs",★★★★,5/28/2023
digital,,Secret Machines,"The Moth, The Lizard, and the Secret Machines",TSM,3/28,Pirate!,,"2, 1, 3, 9, 6","Alt. Rock, Space Rock","Broken Social Scene, Slowdive, Grandaddy, Interpol, Mew, Doves, Bloc Party, Metric",★★★,5/28/2023
digital,x,Purling Hiss,Drag on Girard,Drag City,3/28,,,"1, 3, 7","Garage Rock, Power Pop","Ty Segall, King Tuff, Total Control, No Age, White Fence",★★★★★,7/28/2023
digital,,Oracle Sisters,Hydranism,22TWENTY,4/4,Shine On,,"2, 1, 3, 4",Psychedelic Pop,"Fleet Foxes, Vampire Weekend, Whitney, Grizzly Bear, Tobias Jesso Jr.",★★★★,6/4/2023
digital,,Scott McMicken and THE EVER-EXPANDING,SHABANG,ANTI-,4/4,Pirate!,,"2, 1, 4, 7, 12","Folk Rock, Psychedelic Rock","Dr. Dog, The Nude Party, Delta Spirit, Deer Tick, Wilco, Grateful Dead",★★★,6/4/2023
digital,,"Natural Lines, The",The Natural Lines,Bella Union / PIAS,4/4,Planetary,,"1, 2, 7, 11","Indie Rock, Indie Pop","Matt Pond PA, Rogue Wave, Death Cab for Cutie, Pedro the Lion",★★★★,6/4/2023
digital,,"Beths, The",Watching The Credits [single],Carpark,4/4,Terrorbird,,,"Indie Rock, Power Pop","Snail Mail, Best Coast, Soccer Mommy, Hop Along, Charly Bliss",★★★★★,6/4/2023
digital,,Jared Mattson,Peanut,Carpark,4/4,Terrorbird,,"1, 2, 4, 9","Psychedelic Pop, Jazz-Pop","Mattson 2, Midlife, Toro y Moi, Unknown Mortal Orchestra ",★★★★,6/4/2023
digital,,Cam Kahin,WHEN IT'S ALL OVER,Dine Alone,4/4,Planetary,"2, 5*","1, 4, 5*","Noise Rock, Alt. Rock","cleopatrick, Cloud Nothings, Skansea Skag, The Dirty Nil",★★★,6/4/2023
digital,,Alasdair Roberts,Grief in the Kitchen and Mirth in the Hall,Drag City,4/4,,,"9, 4, 2","Scottish Folk Music, Cont. Folk, Singer-Songwriter","Smog, Bonnie Prince Billy, James Yorkston",★★★,6/4/2023
digital,,Worriers,Warm Blanket,Ernest Jenning,4/4,Vitriol,,"3, 4, 5, 6",Indie Rock,"Oceanator, Speedy Ortiz, Hop Along, Chastity Belt, Dear Nora, Slothrust",★★★,6/4/2023
digital,,Washer,Improved Means To Deteriorated Ends [advance tracks],Exploding In Sound,4/4,,,"1, 4","Indie Rock, Indie Punk, Post-Hardcore","Big Ups, Ovlov, Pile, Meat Wave, Warehouse",★★★★★+,6/4/2023
digital,,Cola,Keys Down If You Stay [single],Fire Talk,4/4,Terrorbird,,,"Post-Punk Revival, Indie Rock","Ought, U.S. Girls, Uranium Club, Parquet Courts",★★★★★,6/4/2023
digital,,PACKS,Crispy Crunchy Nothing,Fire Talk,4/4,Terrorbird,"2*, 5, 9","4, 6, 2*","Indie Rock, Slacker Rock","Speedy Ortiz, Lomelda, Angel Olsen, Doom Flower, Alex G, Wednesday, Skullcrusher",★★★★,6/4/2023
digital,,TOLEDO,How It Ends [UNRATED EDITION],Grand Jury,4/4,Planetary,"2, 3, 7, 17, 19","13, 14, 6, 7, 9, 5","Indie Pop, Indie Folk","Hovvdy, Day Wave, Hovvdy, Field Guide, Field Medic, Runnner, Trace Mountains",★★★★,6/4/2023
digital,,Louis VI,Earthling,HiyaSelf,4/4,Terrorbird,"1, 2*, 3*, 4, 11, 13, 14","3, 9, 7","Neo-Soul, Jazz Rap","Darrell Cole, Raize Biza, Calez, Revolutionary Rhythm",★★★,6/4/2023
digital,,Nick Waterhouse,The Fooler,Innovative Leisure,4/4,Co-Sign,,"3, 2, 11, 4","Rhythm & Blues, Soul","Curtis Harding, Allah-Las, Night Beats, JD McPherson, Pokey LaFarge",★★★,6/4/2023
digital,,B. Cool-Aid,Leather Blvd.,Lex Records,4/4,Co-Sign,USE CLEAN EDITS,"2, 6, 5, 9, 11","Neo-Soul, Jazz Rap","Pink Siifu, Liv.e, Fly Anakin, R.A.P. Ferreira, Earl Sweatshirt, Quelle Chris",★★★★★,6/4/2023
digital,,Baaba Maal,Being,Marathon Artists,4/4,Co-Sign,,"2, 1, 4, 5","Fula Music, West African Music","Jupiter & Okwess, Orchestra Baobab, Oumou Sangare, Vieux Farka Toure",★★★,6/4/2023
digital,,"New Pornographers, The",Continue As A Guest,Merge,4/4,Co-Sign,,"8, 1, 2, 6","Indie Rock, Indie Pop","Broken Social Scene, Wolf Parade, Destroyer, Spoon, Belle & Sebastian, Yo La Tengo",★★★★,6/4/2023
digital,,A Certain Ratio,1982,Mute,4/4,Pirate!,4,"1, 2, 3, 7, 8","New Wave, Funk","New Order, LCD Soundsystem, Joy Division, Franz Ferdinand, Wire, Talking Heads",★★★★,6/4/2023
digital,,Sunnsetter,The Best That I Can Be,Paper Bag,4/4,Planetary,,"2, 4, 5, 7","Dream Pop, Lo-Fi Indie Rock"," Zoon, Alex G, Hovvdy, Heaven For Real",★★★,6/4/2023
digital,,Lies,Lies,Polyvinyl,4/4,The Syndicate,5,"6, 4, 1, 7","Art Pop, Synthpop, Midwest Emo","American Football, Owen, Knifeplay, Joan of Arc",★★★,6/4/2023
digital,,"Hold Steady, The",The Price of Progress,Positive Jams,4/4,Shine On,,"5, 2, 4, 1","Indie Rock, Heartland Rock","Craig Finn, Deer Tick, Japandroids, PUP, Titus Andronicus, Okkervil",★★★,6/4/2023
digital,,Tomato Flower,Destroyer [single],Ramp Local,4/4,,,,"Exp. Rock, Math Pop, Art Rock","Pixies, Stereolab, Pylon, Animal Collective, Godcaster, Palm, Chris Weisman",★★★★★,6/4/2023
digital,,"Shelter, The",Fármacos,Self-Released,4/4,Planetary,,"2, 5, 1","Psychedelic Rock, Latin Alternative, Power Pop","Chicano Batman, Tame Impala, Os Mutantes, Thee Commons, Los Straitjackets, Charlie Brown Jr",★★★,6/4/2023
digital,,Heartworms,A Comforting Notion [EP],Speedy Wunderground / PIAS,4/4,Planetary,"3, 4","1, 2","Post-Punk, Darkwave, Gothic Rock","Sorry, Jockstrap, PVA, Goat Girl",★★★★★,6/4/2023
digital,,Private Function,370HSSV 0773H,Still On Top,4/4,Terrorbird,"7*, 12*","1, 3, 7","Punk Rock, Garage Punk","The Chats, CLAMM, Amyl and the Sniffers, GEE TEE",★★★★,6/4/2023
digital,,Heather Woods Broderick,Labyrinth,Western Vinyl,4/4,Tiger Bomb,,"3, 4, 6, 2","Singer-Songwriter, Ambient, Chamber Pop","Aldous Harding, Wye Oak, Weyes Blood, Half Gringa",★★★★,6/4/2023
digital,,Barrie,5K [EP],Winspear,4/4,Terrorbird,"2*, 4","3, 5, 6","Bedroom Pop, Dream Pop","Yumi Zouma, MUNYA, Jay Som, Kate Bollinger, Hatchie, Winter, Gabby's World",★★★★,6/4/2023
digital,,Everything But The Girl,"""Nothing Left To Lose"" + Remixes [EP]",Buzzin' Fly/Verve,4/11,Co-Sign,,"3, 5","Electronic, Dance","Hercules & Love Affair, Robyn, Goldfrapp, Sylvan Esso, DRAMA, Jessie Ware",★★★★,6/11/2023
digital,,Wednesday,Rat Saw God,Dead Oceans,4/11,Secretly Group/Tiger Bomb,"5, 6*","5, 6, 7","Alt-Country, Shoegaze","MJ Lenderman, feeble little horse, Hovvdy",★★★★★,6/11/2023
digital,,Güero,Wednesdays,Dutch,4/11,The Syndicate,Clean,"3, 5, 4, 6","Alternative, Indie Rock, Dream Pop, Indie Folk",,★★★★,6/11/2023
digital,,Scowl,Psychic Dance Routine [EP],Flatspot,4/11,The Syndicate,"2, 3","2, 1, 4","Modern Hardcore, Punk, Shoegaze","Black Flag, SPY, Primitive Blast, GEL, End It, JIVEBOMB, Zulu",★★★,6/11/2023
digital,,Billie Marten,Drop Cherries,IMPERIAL/Fiction,4/11,Terrorbird,Clean!,"4,9,12","Folk-Rock, Gentle Pop, Singer-Songwriter","Julia Jacklin, Angel Olsen, Fenne Lily, Samia, Adrienne Lenker",★★★★★,6/11/2023
digital,,Asher Gamedze,Turbulence and Pulse! [Advance Tracks],International Anthem/Mushroom Hour Half Hour,4/11,Clandestine Label,,"1,3,7,9","Soul Jazz, Psychedelic, Southern African jazz","Angel Bat Dawid, Lee Morgan, Sun Ra Arkestra",★★★★★,6/11/2023
digital,,Fly Anakin,Skinemaxxx (Side A) [EP],Lex Records,4/11,Co-Sign,USE CLEAN EDITS,,Hip-Hop,"Pink Siifu, Freddie Gibbs, Westside Gunn, Alchemist, Mike",★★★★★,6/11/2023
digital,,HMLTD,The Worm,Lucky Number,4/11,Shine On,2*,"2, 3, 7, 8","Art rock, rock opera","Viagra Boys, Iceage, Sorry, Crack Cloud, black midi",★★★,6/11/2023
digital,,Blondshell,Blondshell,Partisan Records,4/11,Grand Stand,,,"Alternative, Indie Rock, Grunge","girlpuppy, Wednesday, Abby Sage, Runner, Slow Pulp",★★★★★,6/11/2023
digital,,"Aces, The",I've Loved You For So Long [Advance Tracks],Red Bull,4/11,Pirate!,,,"Indie Pop, Electro-pop, Indie-rock","MUNA, Anna of the North Maggie Rogers, HAIM, Foxes, Oh Wonder, Overcoats",★★★,6/11/2023
digital,,Gorgeous,Sapsucker [Advance Tracks],Sad Cactus Records,4/11,Clandestine Label,,,"Noise Pop, Experimental, Art Rock","Deerhoof, Palm, Mothers, Pile, Krill, Editrix",★★★,6/11/2023
digital,,sadie,Tides [EP],sadieworld,4/11,Terrorbird,Clean!,"1, 3, 2","Hyperpop, PC Music, Glitch","SOPHIE, 100 Gecs, Caroline Polachek, Neggy Gemmy",★★★★,6/11/2023
digital,,Lemonade Shoelace,Do Whatever Makes You Happy,Self-Released,4/11,Planetary,Clean,"2,4,5","Psychedelic rock, psych-pop","MGMT, King Gizzard & the Lizard Wizard, The Avalanches, Passion Pit, The Go! Team, The Flaming Lips",★★★★,6/11/2023
digital,,Lisa Heller,Sadie,Self-Released,4/11,Planetary,Use Clean Edits,"2,3","Singer-Songwriter, Pop, ","Phoebe Bridgers, Clairo, Julien Baker, Soccer Mommy, mxmtoon, chloe moriondo",★★★,6/11/2023
digital,,Tiberius,Fish in a Pond [Single],Self-Released,4/11,Planetary,Use Clean edit,,"Indie Rock, Folk-Rock, Singer-Songwriter","MJ Lenderman, Pinegrove, Car Seat Headrest, Field Medic, Greg Freeman",★★★,6/11/2023
digital,,charlie,Precious Metal,Self-Released,4/11,Terrorbird,2,"7, 3, 1","DIY-Rock, Bedroom Rock, Indie","Enumclaw, They Are Gutting A Body of Water, Empath, Dazy",★★★★,6/11/2023
digital,,Viji,Down [Single],Speedy Wunderground/PIAS,4/11,Planetary,Use Clean edit,,"Lo-Fi Rock, Alt Pop, Indie Rock","Soccer Mommy, Snail Mail, Speedy Ortiz, Horsegirl, Bully",★★★★★,6/11/2023
digital,,CHAI,We The Female! [single],Sub Pop,4/11,Shine On,,,"Indie Pop, Pop Rock, Dance Punk, Indie Rock, Electropop","Superorganism, Jay Som, Cibo Matto, The Go! Team, Kero Kero Bonito",★★★★,6/11/2023
digital,,Mudhoney,Plastic Eternity,Sub Pop,4/11,Shine On,,"2, 5, 13","punk, grunge","Dinosaur Jr., Nirvana, The Velvet Underground, The Stooges, The Afghan Whigs",★★★,6/11/2023
digital,,Holy Wave,Cowprint [single],Suicide Squeeze,4/11,Shine On,,,Psychedelic rock,"The Black Angels, Grizzly Bear, Death And Vanilla, GOAT, Moon Duo",★★★★,6/11/2023
digital,,Bruiser and Bicycle,Holy Red Wagon,Topshelf,4/11,Pirate!,,1,"Progressive Rock, Artpop, Freak-folk, Jangle Rock","Animal Collective, Spirit of the Beehive, Alex G, Dirty Projectors, Stereolab",★★★★,6/11/2023
digital,x (NJ),Flycatcher,Stunt [EP],Memory,4/11,Pirate!,"3, 5","2, 4, 1","2000s post-punk revival, emo, 2000s indie-rock","Citizen, Cloud Nothings, The Strokes, Jimmy Eat World, Microwave",★★★★,8/11/2023
digital,,Fruit Bats,We Used To Live Here,Merge,4/18,"A Man, A Plan",Clean,"2, 5, 6, 7","Folk Rock, Indie Folk, Alt-Country","Dr. Dog, Deer Tick, Andrew Bird, Bob Dylan",★★★★,6/18
digital,,Shir Frum,Party Pooper,Raw Tapes,4/18,"A Man, A Plan",Clean,"1, 3","Singer-Songwriter, Indie Folk","Sufjan Stevens, The National, Genevieve Stokes",★★★★,6/18
digital,,Dry Cleaning,Swampy EP [EP],4AD,4/18,Beggars,TBD,"1, 5","Alternative Rock, Ambient, Indie","BODEGA, The Murder Capital, Cola, shame, Horsegirl",★★★,6/18
digital,,This is The Kit,Inside Outside [Single],Rough Trade,4/18,Beggars,TBD,Single,"Alternative, Folk Rock, Singer-Songwriter","Alela Diane, Laura Veirs, Marlee Sioux",★★★★,6/18
digital,,Lady Wray,Joy & Pain (Pete Rock Remix) [Single],Big Crown,4/18,Big Crown,Clean,Single,"R&B, Contemprary Soul","Jhené Aiko, Teyana Taylor, Jazmine Sullivan",★★★★,6/18
digital,,Thantifaxath,Hive Mind Narcosis [Advanced Tracks],Dark Descent,4/18,Clawhammer,TBD,"1, 2, 4","Avant-Garde Black Metal, Screamo, ","Dodecahedron, Litrugy, Immolation, Darkthrone",★★★,6/18
digital,,"Lonnie Liston Smith, Adrian Younge, & Ali Shaheed Muhammad",Lonnie Liston Smith JID017,Jazz is Dead,4/18,Co-Sign,Clean,,Jazz,"Roy Ayers, George Duke, Gary Bartz, Bobbi Humphrey, Azymuth",★★★★,6/18
digital,,M83,Fantasy,Mute Records,4/18,Co-Sign,Clean,,Electro-Pop,"Röyksopp, Passion Pit, Washed Out, Explosions in the Sky, MGMT",★★★★★,6/18
digital,,OLAN & QRTR,All U Need [single],Foreign Family Collective,4/18,Co-Sign,Clean,,"Electronic, Dance, House","Jessy Lanza, TSHA, Jayda G, Sofia Kourtesis, Moon Boots",★★★,6/18
digital,,Shygirl,Nymph_o,Because Music,4/18,Co-Sign,"5, 6, 7",,"Electro-Pop, Alt R&B, Art Pop, Pop Rap","Arca, Björk, Erika de Casier, Eartheater, Sevdaliza",★★★★★,6/18
digital,,La Sécurité,Anyway [Single],Mothland,4/18,Mothland,Clean,Single,"Art Punk, Post Punk","Le Tigre, Automatic, Wet Leg, Devo, E.S.G. or The B-52’s",★★★★,6/18
digital,,SUNDL,3,Wilhelm show me the Major Label,4/18,N/A,TBD,"4, 6","Goth House, Dark Wave, Techno","Boy Harsher, Joy Division, Pixel Grip, ",★★★,6/18
digital,,Babygirl,Be Still My Heart [EP],Sandlot/AWAL,4/18,Pirate!,Clean,"1, 3, 2, 4","Youth Nostalgia, Indie Pop, Pop Rock","Samia, Dizzy, Clairo, Alvvays, Jordana, Claud, Barrie",★★★,6/18
digital,,Brian Lopez,Road to Avalon feat. KT Tunstall [Single],Cosmica,4/18,Pirate!,Clean,Single,"Indie Alternative, Indie Folk, Singer-Songwriter, Pop","Calexico, Andrew Bird, Iron & Wine, DeVotchKa, Devendra Banhart, Shearwater",★★★,6/18
digital,,Life Size Models,Seasons [EP] ,Self-Released,4/18,Pirate!,Clean,"1, 2, 5","Alt Indie Rock, Dream Pop, Garage","Young The Giant, The Airborne Toxic Event, Arctic Monkeys, The Strokes, Interpol",★★★★,6/18
digial,,Teenage Wrist,Sunshine [Single],Epitaph,4/18,Pirate!,Clean,Single,"Post-grunge, Pop Punk, Shoegaze","Nothing, Swervedriver, The Chain Gang of 1974, Softcult, Narrow Head",★★★★,6/18
digital,,Bodywash,I Held The Shape While I Could,Light Organ Records,4/18,Planetary,Clean,"2, 3, 6, 8, 11","Indie Pop, Dream Pop, Shoegaze","Japanese Breakfast, SASAMI, Jay Som, Porcelain Raft",★★★★★,6/18
digital,,Brian Dunne,Loser on The Ropes,Kill Rock Stars,4/18,Planetary,"1, 5","2, 4, 10","Alt-Country, Folk Rock, Indie Rock","Tyler Childers, Zach Bryan, Jason Isbell and the 400 Unit, Joshua Ray Walker",★★★,6/18
digital,,Hippo Campus,Wasteland [EP],Grand Jury,4/18,Planetary,2*,"1, 2","Alt-Country, Indie Rock","Vampire Weekend, Vacation Manor, COIN, JR JR, Sure Sure",★★★,6/18
digital,,Magdalena Bay,mini mix vol. 3 [EP],Luminelle,4/18,Planetary,Clean,"3, 4, 6","Synthpop, Chillwave, Electropop, Neo-Psychedelia","Hatchie, Brijean, yeule, Doss, Rina Sawayama, SOPHIE",★★★★★,6/18
digital,,Valid & Stretch Money,Bill & Isiah,Funk Night Records/Rebel Nation,4/18,Planetary,use clean edits!,"1, 9, 10, 11","Hip-Hop, Rap, Boom Bap","Griselda, Clipse, Freddie Gibbs, Flatbush Zombies",★★★★,6/18
digital,,Various Artists,In Order to Dance 4.0,R&S Records,4/18,Planetary,6*,"4, 5","House, Electronica","Insider, Pascal Nuzzo, Hyphen, Paul Roux, Subject 13, Conscious Route, Nphonix & Matrika, Saytek, Dino Lenny, Vromm, Som.1",★★★,6/18
digital,,7ebra,Bird Hour [Advanced Tracks],PNKSLM,4/18,Riot Act,"6,7","3, 4, 9","Indie Rock, Singer-Songwriter","Boygenius, Julien Baker, Stella Donnelly",★★★★★,6/18
digital,,Angel Olsen,Forever Means [EP],Jagjaguwar,4/18,Secretly Group,Clean,"4, 2","Singer-Songwriter, Baroque Pop","Waxahatchee, Sharon Van Etton, Perfume Genius",★★★,6/18
digital,,Fenne Lily,Big Picture,Dead Oceans,4/18,Secretly Group,3*,"2, 3, 8, 5","Indie Rock, Singer-Songwriter","Christian Lee Hutson, Phoebe Bridgers, Soccer Mommy",★★★★,6/18
digital,,Sam Blasucci,Sha La La [Single},Innovative Leisure,4/18,Shine On,TBD,Single,"Indie, Jazz- Pop, Groove","Dan Horn, TIm Hill, Sam Burton, Ryan Baine",★★★★★,6/18
digital,,Samia,Maps b/w Porches [Single],Grand Jury,4/18,Shine On,TBD,Single,"Indie Alternative, Indie Rock, ","Field Medic, Haley Blais, Florist, Free Cake For Every Creature",★★★★,6/18
digital,,Kara Jackson,Why Does Earth Give Us People To Love?,September,4/18,Terrorbird,"1, 3, 4, 9","5, 10, 11","Indie Folk, Alt-Country","Sen Morimoto, PACKS, Nina Simone, Fiona Apple",★★★★,6/18
digital,,Winona Forever,Acrobat,Acrophase,4/18,Terrorbird,Clean,"8, 2, 4","Art Rock, Funk","Benny Sings, Drugdealer, Parcels, Unknown Mortal Orchestra",★★★★,6/18
digital,,Brooks Nielsen,The Circle [EP],Self-Released,4/18,The Syndicate,"14, 20","1, 3","Alt-Country, Alt/Indie Rock, Neo-Psychedelia","Lord Huron, The Growlers, Beach Goons",★★★★,6/18
digital,,Caroline Rose,The Art of Forgetting,New West,4/18,The Syndicate,"5, 10","3, 1, 9, 6","Indie Folk, Folk Rock, Indie Pop Rock","Julia Jacklin, Sharon Van Etten, Soccer Mommy",★★★★★,6/18
digital,,Panchiko,Failed at Math(s),Self-Released,4/18,The Syndicate,Clean,Single,"Neo-Psychedlia, Trip hop, shoegaze, noise pop, indie rock","MGMT, Alex G, George Clanton, Macabre Plaza",★★★★,6/18
digital,,Phoneboy,Moving Out,AWAL,4/18,The Syndicate,"5, 7, 8","1, 3, 6","Alternative, Indie Pop Rock, Alt Rock","Vampire Weekend, Dutch Criminal Record, Vacations",★★★★,6/18
digital,,Temples,Exotico,ATO,4/18,The Syndicate,Clean,"6, 2, 5, 3","Psych-Rock, Alternative","Tame Impala, Post Animal, Psychedelic Porn Crumpets",★★★★★,6/18
digital,,Crumb,Crushxd [single],Self-Released,4/18,Tiger Bomb,Clean,Single,"Neo-Psychedelia, Psychedelic Pop, Indie Pop","Flaming Lips, Mid-Air Thief, Animal Collective",★★★★★,6/18
digital,,"Gift Machine, The",Consolation Prize,PIAPTK/New Tangents,4/18,Tiger Bomb,Clean,"1, 3, 4, 9","Indie Rock, Folk Rock, Indie Pop","Teenage Fanclub, Low, Mojave 3, Kurt Vile",★★★,6/18
digital,,John Vanderslice,Crystals 3.0,Tiny Telephone,4/18,Tiger Bomb,Clean,"3, 5, 13","Experimental, Electronica, Glitch","Aphex Twin, 100 Gecs, Yeule",★★★,6/18
digital,,Pearl Earl,Damage Control [single],Green Witch,4/18,Tiger Bomb,Clean,Single,"Psychedelic Rock, Glam Rock","Death Valley Girls, The Lazy Eyes, Crumb",★★★★,6/18
digital,X,Kerry Charles,I Think of You,Grind Select,4/18,Planetary,Clean,"2, 3, 7","Neo-Psychedelia, Jazz Pop, Psychedelic Po","Unknown Mortal Orchestra, Mild High Club, Paul Cherry, HOMESHAKE",★★★★,8/18
digital,,Alaska Reid,She Wonders [single],Luminelle,4/25,Planetary,Use Clean Edit,Single,"Indie Pop, Alt-Pop, Singer-Songwriter","Snail Mail, Soccer Mommy, A.G. Cook, Lomelda",★★★,6/25
digital,,Bartees Strange,Daily News [single],4AD,4/25,Beggars,TBD,Single,"RnB, Alt-Indie, ","Wednesday, Black Belt Eagle Scout, Dazy, Wildpink",★★★★,6/25
digital,,Black Thought & El Michels Affair,Glorious Game,Big Crown Records,4/25,Big Crown,"Use Clean edits: 1*, 2*, 3*, 4*, 6*, 12*","2, 3, 6, 8","Hip Hop, Conscious Rap","Blu, The Roots, Fela Kuti, Mos Def, Common, Madlib",★★★★★,6/25
digital,,Dave Okumu & The 7 Generations,I Came From Love,Transgressive/PIAS,4/25,Planetary,Clean,"3, 5, 6, 8, 9","Neo-Soul, Jazz, Art Pop","Robert Glasper, Farhot, Soothsayers, Ali Shaheed Muhammad",★★★★,6/25
digital,,ENNY,We Go Again,FAMM/The Orchard,4/25,Planetary,"Use Clean Edits: 1*, 2*, 3*, 4*, 6*","2, 4, 6","Hip Hop, Conscious Rap","Little Simz, Kay Young, Ego Ella May, Yaya Bey, Noname",★★★★★,6/25
digital,,Everything But The Girl,Fuse,Buzzin'Fly/Verve,4/25,Co-Sign,Clean,"1, 3, 5","Electronica, Dance","Hercules & Love Affair, Robyn, Goldfrapp, Sylvan Esso, DRAMA, Jessie Ware",★★★★,6/25
digital,,Girlhood,The Lowdown,AntiFragile ,4/25,AntiFragile,TBD,"4, 5, 6, 9","Dance, Pop, Neo-Soul","Arlo Parks, Joy Anonymous, Josie Man",★★★,6/25
digital,,Greyson Chance,Palladium (Deluxe),Lowly,4/25,Planetary,"2, 5, 7, 10, 11, 12, 14","1, 3, 4, 15","Alt-Pop, Singer-Songwriter","Bon Iver, James Blake, Moses Sumney, Perfume Genius, alt-J, Charlotte Day Wilson",★★★★,6/25
digital,,Jana Horn,The Window Is The Dream,No Quarter,4/25,Tiger Bomb,Clean,"2, 3, 4, 8","Chamber Folk, Singer-Songwriter, Contemporary Folk","Aldous Harding, Shirley Hurt, Aoife Nessa Frances, Cate Le Bon",★★★★,6/25
digital,,Juliana Hatfield + Emma Swift,"Lotta Love"" b/w Give Me Strength [single]",American Laundromat,4/25,Planetary,Clean,Single,"Indie Folk Rock, Indie Pop","Neil Young, Soccer Mommy, Liz Phair, Courtney Barnett, Angel Olsen, Alex Lahey, Jenny Lewis, Pip Blom, Best Coast",★★★,6/25
digital,,Kay Young,We Meet At Last,Play It Again Sam,4/25,Planetary,Clean,"2, 3","UK Hip Hop, Neo-Soul, Jazz Rap","Arlo Parks, Biig Piig, SAULT, Moor Mother, Portishead, Raveena",★★★★,6/25
digital,,Laveda,A Place You Grew Up In,The Nothing Song/PaperCup Music,4/25,Tiger Bomb,2,"3, 5, 9, 10","Dream Pop, Indie Pop, Shoegaze","My Bloody Valentine, The Sundays, Soccer Mommy, Soft Blue Shimmer, Tanukichan",★★★★,6/25
digital,,Léa Sen,"You Of Now, Pt. 2 [EP]",Partisan Records,4/25,Co-Sign,4,2,Alt. R&B,"Nilüfer Yanya, Sampha, Tirzah, FKA twigs, Mount Kimbie",★★★,6/25
digital,,Mo Troper,For You To Sing [single],Lame-O,4/25,Planetary,Clean,Single,"Power Pop, Slacker Rock, Indie Pop","Young Guv, 2nd Grade, Tony Molina, Alien Boy, Supercrush, Dazy, snow ellet, Ovens, Superdrag",★★★★,6/25
digital,,Portrayal of Guilt,Devil Music,Run for Cover,4/25,Terrorbird,clean,"1, 3, 5","Ccreamo, Metal, Sludgecore","Uniform, Full of Hell, The Body, Gulch",★★★,6/25
digital,,Puma Blue,Pretty [single],Blue Flowers/PIAS,4/25,Planetary,Clean,Single,"Alternative R&B, Hypnagogic Pop, Downtempo, Bedroom Pop","James Blake, King Krule, Amen Dunes, D’Angelo, Mount Kimble",★★★★,6/25
digital,,Softcult,See You In The Dark [EP],Easy Life,4/25,Planetary,2*,"1, 2, 4, 5","Dream Pop, Shoegaze, Alternative Rock, Indie Rock, Grunge","DIIV, Cherry Glazerr, Bully, Slowdive, Hatchie",★★★★★,6/25
digital,,Synthia,So Low [single],Big Crown Records,4/25,Big Crown,Clean,Single,"Lo-fi pop, Bedroom Pop, Electro-Pop","MGMT, Beach House, Orchestral Manoeuvres in The Dark",★★★★★,6/25
digital,,Thundercat & Tame Impala,No More Lies [single],Brainfeeder,4/25,Co-Sign,Use Clean Edit,Single,Psychedelic Pop,"Tame Impala, Robert Glasper, Anderson .Paak, Kaytranada, Hiatus Kaiyote",★★★★★,6/25
digital,,Yaeji,With A Hammer,XL Recordings,4/25,Beggars,TBD,2,"Electronica, House, Dancefloor","Charli XCX, OHHYUK, Against All Loguc, Channel Tres, Peggy Gou,",★★★,6/25
digital,X (phl),Poison Ruïn,Harvest,Relapse Records,4/25,Jukebox,Clean,"4, 7, 9, ","Deathrock, Post-Punk, Hardcore Punk","Soul Glo, Impalers, Golpe, Chat Pile, Minor Threat",★★★,8/25
digital,,79.5,79.5 [Self Titled Album],Razor-N-Tape,5/2,Tiger Bomb,2*,"1, 5, 7, 10","R&B, Acid-Jazz, Neo-Soul, Psychedelia","Say She She, Kadhja Bonet, ESG, Kali Uchis",★★★★★,7/2/2023
digital,,Baby Rose,Through and Through,Secretly Canadian,5/2,Secretly Group,"4*, 5*","1, 3, 5, 10","Soul, R&B","Mariah Carey, Silk Sonic, Leon Bridges, Solange",★★★★,7/2/2023
digital,,Champs,Ride the Morning Glass,BMG,5/2,The Syndicate,"1, 6, 13, 11","7, 10","pop-rock, Alternative/Indie, ","Alt-J, Lord Huron, Wolf Alice",★★★,7/2/2023
digital,,Country Westerns,Forgive The City,Fat Possum,5/2,Planetary,12,"2, 3, 4, 7","Country Rock, Alt-Country","Lucero, The Men, Drive-By Truckers, The Hold Steady, The Bottle Rockets, J. Roddy Walston & The Business, Altameda",★★★,7/2/2023
digital,,Crumb,Dust Bunny [Single],Self-Released,5/2,Tiger Bomb,Clean,Single,"Neo-Psychedelia, Psychedelic Pop, Indie Pop","Melody's Echo Chamber, Broadcast, Inner Wave, Homeshake",★★★,7/2/2023
digital,,Do Nothing,Amoeba [Single],Exact Truth/The Orchard,5/2,Planetary,Clean,Single,"Post Punk, Art Punk, Funk Rock","Yard Act, Squid, The Fall, The Murder Capital, Courting, Nick Cave",★★★★,7/2/2023
digital,,Ethan P. Flynn,Used To It [Single],Young,5/2,Beggars,Clean,Single,"Alt, Folk-Electronic, Folk, Psychedelic","Black Country, New Road, Kurt Vile, The Drums, Pinegrove",★★★★,7/2/2023
digital,,Home is Where,yes! yes! a thousand times yes! [SINGLE],Was Bodega,5/2,Pirate!,clean,Single,"5th wave emo, alt punk, folk rock, midwest emo, indie rock,, palm coast",,★★★★,7/2/2023
digital,,Indigo De Souza,All Of This Will End,Saddle Creek,5/2,Co-Sign,Use Edits Please!,"2, 3, 6, 10","Indie Pop, Electro Pop, Indie Rock","Girlpool, Soccer Mommy, Palehound, Mitski, Mannequin Pussy",★★★★★,7/2/2023
digital,,James & the Giants,Dead of Night [Single],Kill Rock Stars,5/2,Planetary,Clean,Single,"Folk Rock, Americana, Singer-Songwriter","Wooden Wand, My Morning Jacket, Woods, Strand of Oaks, Cass McCombs, Hiss Golden Messenger",★★★★,7/2/2023
digital,,Jayda G,Circle Back Around b/w Scars [single],Ninja Tune,5/2,Co-Sign,Clean,Single,"House, Dance, Electronic","Peggy Gou, Logic1000, Octo Octa, Moodymann, Jessy Lanza",★★★,7/2/2023
digital,,Jorja Smith,Try Me [Single],FAMM,5/2,The Orchard,Clean,Single,"RnB, Soul, Drumbeat UK","H.E.R, Sabrina Claudio, Snoh Aalegra, Kehlani",★★★★,7/2/2023
digital,,Kamauu,Lacuna & The House of Mirrors,Atlantic,5/2,The Syndicate,"6, 3, 2, 9","1, 5","R&B, Soul, Hip Hop, Pop Rap","Thundercat, reggie, BJ The Chicago Kid, Jamila Woods",★★★★,7/2/2023
digital,,"Lagoons, The",Surprises [Single],ONErpm,5/2,Pirate!,TBD,Single,"Jazz, electro-pop fusion, chill-wave, soft rock","NEIL FRANCES, Washed Out, Tim Atlas, Bay Ledges, Poolside, Sports",★★★,7/2/2023
digital,,Lakes,Elysian Skies,Refresh,5/2,Pirate!,TBD,"2, 1, 9, 8, 10","gloc-rock, midwest emo, math rock, alt punk","American Football, Tigers Jaw, String Machine, Foxing, Me Rex, Los Campesinos!",★★★★,7/2/2023
digital,,LAWN CHAIR,Eat The Beans And Wear The Jeans! [EP],Self-Released,5/2,Planetary,Clean,"1, 2","Indie Rock, Indie Punk, Post-Punk","Pip Blom, Courtney Barnett, Alvvays, Sleater-Kinney, Dry Cleaning, The Breeders",★★★★★,7/2/2023
digital,,Markéta Irglová,If You Want Me [SINGLE],Masterkey Sounds,5/2,Pirate!,clean,Single,"acoustic, folk, world music, singer-songwriter, reykjavik",,★★★,7/2/2023
digital,,Matt Maltese,Driving Just To Drive,Nettwerk,5/2,Planetary,"4, 6","1, 3, 5, 8","Singer-Songwriter, Indie Pop, Piano Rock","Drugdealer, Mild High Club, Tomemitsu, Homeshake, Orla Gartland, BOYO",★★★★,7/2/2023
digital,,Milku,Alone [Single],Self-Released,5/2,The Orchard,Clean,Single,"Indie Rock, Happy, Australian Singer-Songwriters","Dayglow, diet lemon, Manning, Casual Fan",★★★★★,7/2/2023
digital,,Millionyoung,Ocean View,Pet Tapes,5/2,Shine On,TBD,1,"Dreamscape, Synthwave, Indie","Toro y Moi, Washed Out",★★★★,7/2/2023
digital,,Monelle,Silent Winds [EP],RDK,5/2,SPRINGSTOFF,TBD,"1, 4","R&B, Singer-Songwriter","John Legend, Hunter Rose, Grace Sorensen",★★★,7/2/2023
digital,,Nabihah Iqbal,DREAMER,Ninja Tune,5/2,Co-Sign,Clean,"1, 5, 6","Post Punk, Indie, Shoegaze, Electronic","Dry Cleaning, Kelly Lee Owens, Saâda Bonaire, Cocteau Twins, Beach House",★★★,7/2/2023
digital,,Nia Archives,Sunrise Bang Ur Head Against Tha Wall [EP],HIJINXX,5/2,Strange Loop,TBD,"3, 4, 6","R&B, Electronica, Neo-Soul, Atmospheric Drum and Bass","p-rallel, Watch the Ride, Clipz, piri, PinkPantheress",★★★★,7/2/2023
digital,,Nora Stanley and Benny Bock,Distance of the Moon [Advance Tracks],Colorfield,5/2,Jukebox,Clean,"2, 3, 9, 10","Jazz, Ambient, Instrumental","BADBADNOTGOOD, Sam Gendel, Fuubutsushi, John Carroll Kirby, Alabaster Deplume, Resavoir, Pat Metheny, Joseph Shabason",★★★★,7/2/2023
digital,,PJ Harvey,"A Child's Question, August [single]",Partisan Records,5/2,Co-Sign,Clean,Single,"Art Pop, Art Rock","Bat For Lashes, Kate Bush, Patti Smith, Liz Phair, Fiona Apple, Cat Power, Bjork",★★★★,7/2/2023
digital,,Ruen Brothers,Ten Paces,Yep Roc,5/2,Vitriol,Clean,"4, 5, 7","Country, Folk Rock, Alt Country","Orville Peck, The National, Tijuana Panthers, Nick Waterhouse, Allah-Lahs ",★★★,7/2/2023
digital,,Silver Moth,Black Bay,Bella Union,5/2,Planetary,Clean ,"2, 3, 6","Post-Rock, Slowcore","Mogwai, Minor Victories, Russian Circles, Slowdive",★★★,7/2/2023
digital,,Sock,Sock,Bubblewrap Collective,5/2,Beast,TBD,"2, 7, 8","Alt Rock, Shoegaze, Indie Rock","Blur, Radiohead, Real Estate, Mac DeMarco",★★★★★,7/2/2023
digital,,Superheaven,Jar [10th anniversary edition],Run for Cover,5/2,Terrorbird,clean,"1, 11","Post-Grunge, Alternative Rock, Shoegaze","Narrow Head, Hum, Deftones, Nothing",★★★★,7/2/2023
digital,,Tigercub,Play My Favorite Song [Single],Loosegroove,5/2,The Orchard,Clean,Single,"Alt-Indie Rock, Heavy Alt-Rock","cleopatrick, Airways, Fangclub, Demob Happy",★★★,7/2/2023
digital,,Tkay Maidza,Where Is My Mind? [Single],4AD,5/2,Beggars,Clean,Single,"Indie-Electronic, Cover, RnB, Singer-Songwriter","Princess Nokia, Leikeli47, Junglepussy",★★★★,7/2/2023
digital,,Under the Puddle,Safe In Sound [EP],Self-Released,5/2,Pirate!,TBD,"1, 3","Rock, Blues, Alternative","Low Cut Connie, King Tuff, Deer Tick, J. Roddy Walston & The Business, Spoon",★★★,7/2/2023
digital,,Y La Bamba,Lucha,Tender Loving Empire,5/2,Co-Sign,Clean,"1, 2, 6, 10","Latin Indie, Psychedelic Pop","Helado Negro, Devendra Banhart, Angel Olsen, Cate Le Bon, Lucrecia Dalt",★★★★★,7/2/2023
digital,,Yawning Portal,Walking On Water [single],Supernature,5/2,Terrorbird,clean,Single,"electronic, glitchpop, PC","shygirl, yeule, pinkpanthress",★★★★,7/2/2023
digital,,Yussef Dayes,Black Classical Music (feat. Vienna & Charlie Stacey) [single],Brownswood/Cashmere Thoughts/Nonesuch,5/2,Co-Sign,Clean,Single,"UK Jazz, Instrumental","Makaya McCraven, Sons of Kemet, Comet is Coming, Kokoroko, Ezra Collective",★★★★,7/2/2023
digital,x (NJ),Long Beard,Posters [single],Double Double Whammy,5/2,Terrorbird,clean,Single,"Indie folk, Indie pop, indie rock","Squirrel Flower, Hovvdy, Jay Som, Hatchie",★★★★,9/2/2023
digital,,Beach Fossils,Bunny,Bayonet,5/30,Terrorbird,"4, 6*, 10","2, 3, 9","Dream Pop, Indie Pop, Lo-Fi, Post-Punk, Garage Rock","Real Estate, Wild Nothing, Ducktails, Best Coast, DIIV",★★★★★,7/30/2023
Digital,,Asher White,New Excellent Woman,Ba Da Bing,6/6,Tiger Bomb,Clean,"2, 4, 7, 8","Lo-fi folk, Folk rock","Alex G, Dear Nora, The Microphones, Feeble Little Horse",★★★,8/6/2023
digital,,Becca Mancari,Over and Over [single],Captured Tracks,6/6,Terrorbird,Clean,Single,indie pop,"Andy Shauf, Julien Baker, Flyte, Lucy Dacus",★★★★,8/6/2023
digital,,Bennett Coast,Bender [single],Mad Decent,6/6,Planetary,USE CLEAN EDITS,Single,"Bedroom Pop, Indie Pop, Indie Rock","DWLLRS, Current Blue, Playyard, Hans Williams",★★★★,8/6/2023
digital,,Braxton Cook,Who Are You When No One is Watching?,Nettwerk,6/6,Planetary,Clean,"1, 5, 8, 13, 14","Smooth Jazz, Neo-Soul, Nu Jazz","Butcher Brown, Alfa Mist, Ashley Henry",★★★★,8/6/2023
digital,,Fly Anakin,Things Change ft. Demae [single],Lex Records,6/6,Co-Sign,USE CLEAN EDITS,Single,Hip-hop,"Pink Siifu, Freddie Gibbs, Dilated Peoples, Roc Marciano, Mike",★★★★,8/6/2023
digital,,ford.,The Pace [single],Foreign Family Collective,6/6,Co-Sign,Clean,Single,"Electronic, Beat","Kasbo, Medasin, Kidswaste, San Holo",★★★★,8/6/2023
digital,,FRANKIIE,Between Dreams,Paper Bag,6/6,Planetary,Clean,"1, 2, 7","Indie Pop, Psych Pop, Indie Rock","Angel Olsen, Julia Jacklin, Anna Burch, Sharon Van Etten",★★★★,8/6/2023
Digital,,Gal Pal,This and Other Gestures,Self Released,6/6,Tiger Bomb,Clean,"2, 6, 8, 9, 11","Indie Rock, Alternative Rock, Shoegaze","Cryogeyser, Bleary Eyed, Laveda",★★★★,8/6/2023
Digital,,Generationals,Heatherhead,Polyvinyl,6/6,Tiger Bomb,2*,"1, 2*, 5, 9","Indie Pop, Bedroom Pop, Electropop, Indietronica","Broncho, STRFKR, JR JR, Born Ruffian",★★★★,8/6/2023
digital,,Grrrl Gang,Spunky! [single],Kill Rock Stars,6/6,Planetary,USE CLEAN EDITS,Single,"Punk, Pop Punk","White Lung, Mannequin Pussy, Screaming Females, ShitKid, Bikini Kill",★★★★★,8/6/2023
digital,,Helena Deland,Spring Bug [single],Chivi Chivi,6/6,Planetary,Clean,Single,"Indie Folk, Indie Pop, Dream Pop, Americana, Alt-Country","Hand Habits, Miya Follick, Madeline Kenney",★★★★★,8/6/2023
digital,,Kiltro,Underbelly,ONErpm,6/6,Co-Sign,Clean,"2, 4, 6, 8, 10","Post-rock, Shoegaze","Jose Gonzalez, Helado Negro, Y La Bamba, Damien Jurado, Yeasayer",★★★,8/6/2023
digital,,Kuna Maze,Night Shift [advanced tracks],Tru Thoughts,6/6,Co-Sign,Clean,,Electronic,"I Told U feat. Steve Spacek, Don't Drop Dead, On The Way, Don't Know, Dawn, Reflections",★★★★,8/6/2023
digital,,Lande Hekt,Pottery Class [single],Get Better,6/6,Terrorbird,Clean,Single,"indie rock, indie pop","Muncie Girls, RIBBON STAGE, Rat Tally, Adult Mom, 2nd Grade",★★★★,8/6/2023
digital,,McKinley Dixon,Beloved! Paradise! Jazz!?,City Slang,6/6,Planetary,"2*, 4*, 6*, 7*, 10*","2, 4, 5, 9","Jazz Rap, Conscious Hip Hop, Neo-Soul, Boom Bap","The Roots, Vince Staples, Earl Sweatshirt, Young Fathers",★★★★★,8/6/2023
digital,,"Natvral, The",Lucifer's Glory [single],Dirty Bingo,6/6,Terrorbird,Clean,Single,indie folk,"Babehoven, Bright Eyes, Faye Webster, Big Thief",★★★,8/6/2023
digital,,Patio,En Plein Air [Single],Fire Talk,6/6,Terrorbird,Clean,Single,post-punk,"Sleaford Mods, Ought, A Place To Bury Strangers",★★★,8/6/2023
Digital,,Ritual Howls,Virtue Falters,Felte,6/6,Tiger Bomb,Clean,"1, 2, 6","Post-Punk, Industrial, Gothic Rock, Darkwave, Coldwave, Deathrock","The KVB, Sisters of Mercy, Drab Majesty",★★★★,8/6/2023
digital,,Sea Lemon,Cellar [single],Luminelle,6/6,Planetary,Clean,Single,"Dream Pop, Shoegaze","Winter, Tanukichan, Hatchie, SASAMI",★★★★,8/6/2023
digital,,Speedy Ortiz,You S02 [single],Wax Nine,6/6,Terrorbird,USE CLEAN EDITS,Single,"Indie Rock, Grunge, Lo-Fi, Slacker Rock, Noise Pop","Car Seat Headrest, Asian Glow, Deer Hunter, the Beths",★★★★★,8/6/2023
Digital,,Vulture Feather,Liminal Fields,Felte,6/6,Tiger Bomb,Clean,"1, 3, 5, 6",Post-Punk,"Wilderness, Lungfish, Cindy, Truth Cult",★★★,8/6/2023
digital,,WITCH,Zango,Desert Daze Sound / Partisan,6/6,Co-Sign,Clean,"1, 3, 6, 8, 9",Zamrock,"Amanaz, Jupiter & Okwess, Fela Kuti, The Black Angels, Sly & The Family Stone",★★★★,8/6/2023
CD,,Alexandria Babiak,Magical Thinking,Self-Released,6/6,,Clean,"3, 7, 9","Indie Rock, Psychedelic Folk, Singer-Songwriter","Alvvays, Eliza Niemi, Angel Olsen",★★★★★,8/6/2023
CD + Digital,,APPLESAUCE TEARS,Artifacts,Black Cottage,6/6,Shine On,Clean,"1, 8, 9, 10","Ambient, Post-Rock, Electronica","The Avalanches, Flaming Lips, Boards of Canada",★★★★,8/6/2023
CD,,Automatisme & Stefan Paulus,GAP / VOID,Constellation,6/6,,TBD,,"Ambient, Electronic, Techno, Glitch",,★★★,8/6/2023
CD,,Beechwood,Sleep Without Dreaming,Alive Naturalsound,6/6,Shine On,Clean,"2, 1, 3, 5, 9","Classic Rock, Proto-Punk, ","The Strokes, King Glizzard…, Spiritualized, Primal Scream, Thee Oh Sees, Girl Skin, Crocodiles, Murlocs, Foxygen, Oasis",★★★,8/6/2023
Vinyl,,C.I.A. Débutante,"Down, Willow",Siltbreeze,6/6,N/A,TBD,"2, 5, 10","Spoken Word, Industrial, Minimal Synth","Suicide, Robert Turman, Electrodomésticos, Anne Clarke",★★★,8/6/2023
CD + Digital,,"Church, The",The Hypnogogue,Communicating Vessel / Unorthodox,6/6,Shine On,"2, 3, 10","14, 15, 16","Post-Punk, Psych Rock, ","The Smile, Nick Cave, The Horrors, JAMC, The House of Love, The Go-Betweens, APTBS, Primal Scream, Clinal",★★★★,8/6/2023
CD,,Color Green,Color Green,ORG/Aquarium Drunkard,6/6,A Man A Plan A Canal,TBD,"1,2,5,8 ","Americana, Country-Rock, Cosmic, Jam",,★★★★,8/6/2023
CD,,Conflict at Serenity Pools,California Poppy,Self-Released,6/6,,Clean,"2, 6, 8","Indie Rock, Electronica, Ambient","Spiritualized, Panda Bear, Wendy Carlos, Brian Eno, Talking Heads, Arthur Russell, Grouper",★★★,8/6/2023
CD + Digital,,Death Valley Girls,Islands In The Sky,Suicide Squeeze,6/6,Shine On,Clean,"2, 5, 8","Psych Rock, Garage Rock, Glam Rock","LA Witch, Bully, Sheer Mag, The Coathangers, Sleater-Kinney, Priests",★★★,8/6/2023
CD,,DIIV,Deceiver,Captured Tracks,6/6,The Syndicate,TBD,"2, 3, 5, 9","Shoegaze, Dream Pop, Indie Rock, Slowcore","Wild Nothings, Beach Fossils, Real Estate, Ringo Deathstarr",★★★★★,8/6/2023
CD,,Eagle Johnson,Wild Heart,Young World,6/6,Shine On,Clean,"3, 5","Alt Rock, Folk Rock, Garage Rock","King Gizzard, King Tuff, The Verve, Surf Curse",★★★,8/6/2023
CD,,Ed Schrader's Music Beat,Nightclub Daydreaming,Carpark,6/6,Terrorbird,Clean,"2, 4, 7","Alt-Rock, Dance-ish, Disco","Guerilla Toss, Alex Cameron, LIARS, Dan Deacon",★★★★,8/6/2023
CD,,Galactapus,The Rainbows of Wrong,Self-Released,6/6,,TBD,,"Experimental Rock, Garage Punk",,★★★,8/6/2023
CD + Digital,,Gemma Ray,Gemma Ray & The Death Bell Gang,Bronzerat,6/6,Shine On,Clean,"1, 2, 4, 5, 9","Indie Pop, Art Pop, Neo-Psychedelia","Portishead, Bat for Lashes, Chromatics, Zola Jesus",★★★★,8/6/2023
CD + Digital,,Ging,"We're Here, My Dear",Ging Recordings,6/6,Terrorbird,TBD,"5, 2, 6, 7","Indie Folk, Noise Pop","Junior Varsity, Vegyn, Cities Aviv",★★★★,8/6/2023
CD,,H.C. McEntire,Every Acre,Merge,6/6,N/A,TBD,"1, 5, 7","Indie Folk, Singer-Songwriter, Indie Rock","Waxahatchee, Big Thief, Cassandra Jenkins",★★★,8/6/2023
CD,,High Marks,Rake Me Over The Coals Tonight,Self-Released,6/6,,TBD,"1, 2, 5, 7","Post-Punk, Industrial, Noise-Rock","Mr. Kitty, Mareux, Boy Harsher",★★★,8/6/2023
CD,,HUNK,HUNK II,Old Soul,6/6,Shine On,Clean,"2, 3, 11","Alt-Rock, Post-Grunge","Jack White, Lemon Twigs, Oasis, Clun Kuru",★★★,8/6/2023
CD,,Jojo Green,The Summer Tree,Mono Records,6/6,Tinderbox,Clean,"2, 3, 4","Jazz-Fusion, Funk Rock, Soul",,★★★,8/6/2023
CD,,Julia Bhatt,it is what it is,Self-Released,6/6,A Man A Plan A Canal,9,"1, 2, 5, 7","Singer-Songwriter, Indie Rock, Indie Pop","Regina Spektor, Amy Winehouse, Housewife",★★★,8/6/2023
CD,,King Garbage,Heavy Metal Greasy Love,Ipecac,6/6,The Orchard,TBD,2*,"Rnb, Soul, Funk, Lo-fi, ","Nick Hakim, CARRTOONS, DARGZ, Arima Ederra, Ben Marc, Bobby Oroza, Oscar Jerome, Kennebec",★★★★,8/6/2023
CD,,Maggie Rogers,Surrender,Debay Sounds,6/6,N/A,"4, 6, 9, 10","2, 3, 8, 10*","Pop Rock, Indie Pop, Singer-Songwriter","boygenius, Muna, Julia Jacklin, Mitski, Sharon Van Etten",★★★★★,8/6/2023
CD + Digital,,Mamalarky,Pocket Fantasy,Fire Talk,6/6,Terrorbird,TBD,2,"Indie Rock, Psychedelic Pop","Slow Pulp, Melody's Echo Chamber, Crumb",★★★★★,8/6/2023
CD,,Moria & Claire,I'm not usually this forward but…,Ticklegrass ,6/6,Shine On,3,"7, 1, 4, 6, 2","Indie Folk, Indie Pop, Singer-Songwriter","Phoebe Bridgers, First Aid Kit, Beabadoobee, Tegan & Sara",★★★★★,8/6/2023
CD + Digital,,"Mountain Goats, The",Bleed Out,Merge,6/6,N/A,Clean,"1, 2, 6, 7","Indie Folk, Folk Rock, Heartland Rock","AJJ, The Decemberists, Neutral Milk Hotel, The Antlers",★★★,8/6/2023
CD + Digital,,Smut,How The Light Felt,Bayonet,6/6,Terrorbird,TBD,"2, 3, 10","Noise Pop, Indie Pop","Hotline TNT, Momma, Wavves, Wombo, PUP, Beach Bunny",★★★★,8/6/2023
"Vinyl, CD, and digital",,Sorry,Anywhere But Here,Domino,6/6,,"2,3","1, 5, 6, 8","Indie Rock, Post-Rock, Grunge","Wet Leg, Dry Cleaning, Dikembe",★★★★,8/6/2023
CD + Digital,,Superorganism,World Wide Pop,Domino,6/6,N/A,"5, 9, 10","2, 3, 8, 9","Indietronica, Electropop Neo-Psychedelia, Glitch Pop, New Rave","CHAI, Animal Collective, Charli XCX, Hatchie, Let's Eat Grandma",★★★★★,8/6/2023
CD,,TISM,Collected Versus,Self-Released,6/6,,*see back,"13, 23, 4, 21,2 2","Alternative, Industrial Dance, Indie Rock, ",,★★★★,8/6/2023
CD + Digital,,Young Jesus,Shepherd Head,Saddle Creek,6/6,Terrorbird,TBD,"2, 1, 4","Art Pop, Indietronica","Strange Ranger, Wild Pink, Great Grandpa",★★★★,8/6/2023
CD + Digital,,Bedroom,Thread,Amuse,6/16,Shine On,Clean,"2, 3, 9","Post-Country, Folk, Alt-Indie,","Andy Shauf, Alex G, Fox Academy",★★★★★,8/13/2023
Vinyl,X (PHL),Hellco,Hellco,SRA Records,09/21/2023,N/A,,"1, 2, 7, 9","Hardcore Punk, Progressive Punk","Soul Glo, Los Crudos, Amyl & The Sniffers, Scowl, Generation Suicida",★★★★,2/22
CD,,Angelica Rockne,The Rose Society,Fluff & Gravy,09/21/2023,N/A,Clean,"1, 2, 4","Singer-Songwriter, Contemporary Folk, Country Rock, Folk Rock","Sarabeth Tucek, Carter Sampson, Karen Jonas, Mary Elizabeth Remington",★★★★,12/22
CD,,Animal Collective,"Spirit They're Gone, Spirit They've Vanished (Remastered 20230",Domino Recording Co,09/21/2023,,,,"Neo-Psychedelia, experimental, noise, folktronica, progressive pop. alt pop","Panda Bear, Atlas Sound, Avey Tare, Black Moth Super Rainbow",★★★★,12/22
CD,,APB,Three,Liberation Hall,09/21/2023,,,,"Post-Punk, Dance-Punk, New Wave","Au Pairs, Medium Medium. Josef K, Polyrock, THE NAMES, A Certain Ratio",★★★,12/22
CD,,Archers Of Loaf,Reason in Decline,Merge Records,09/21/2023,,,,"Indie Rock, Noise Pop, Slacker Rock","Superchunk. Silkworm. Sebadoh, The Wrens",★★★★,12/22
CD + Digital,,babybaby_explores,"Food Near Me, Weather Tomorrow",No Gold,09/21/2023,Ramp Global,Clean,"1, 7, 9","Noise Pop, Post-Punk","Palberta, Lightning Bolt, Black Dice, LUCY, Fat Worm of Error",★★★★★,12/22
CD + Digital,,Death and Vanilla,Flicker,Fire Records,09/21/2023,Shine On,Clean,"1, 3, 5","Neo-Psychedelia, Dream Pop, Psychedelic Pop, Krautrock","Cat Power, Beach House, Lower Dens, Vanishing Twin, Julia Jacklin",★★★★★,12/22
CD + Digital,,Generationals,Heatherhead,Polyvinyl,09/21/2023,Tiger Bomb,2*,"1, 2*, 5, 9","Indie Pop, Bedroom Pop, Electropop, Indietronica","Broncho, STRFKR, JR JR, Born Ruffian",★★★★,12/22
CD,,Goodbit,Jackweed,s/t Records,09/21/2023,,,"3, 2",Punk,"KLEENER, Bad Bad Men, Piss Me Off, Sandcastle",★★★★★,12/22
CD,,Goodbit,Halfsies/Wholsies,s/t Records,09/21/2023,,,"1, 2",Punk,"KLEENER, Bad Bad Men, Piss Me Off, Sandcastle",★★★★,12/22
CD + Digital,,James Ellis Ford,The Hum,Warp,09/21/2023,Terrorbird,Clean,"2, 3, 4, 10","alternative, indie pop, indie rock","Floating Points, Tim Hecker, Xiu Xiu, Miss Grit",★★★,12/22
CD,,Kat Niles,Cool Air,Self-Released,09/21/2023,"A Man, A Plan, A Canal",Clean,1,"Singer-Songwriter, Contemporary Folk, Chamber Folk","Patio, Pet Fox, Wednesday, Bully, Sweeping Promises",★★★,12/22
CD + Digital,,"Lemon Twigs, The",Everything Harmony,Captured Tracks,09/21/2023,Terrorbird,Clean,"2, 3, 4, 7","pop rock, soft rock","Foxygen, Drugdealer, Todd Rundgren, Sunflower Bean, Teenage Fanclub",★★★★,12/22
CD,,f,Patterns For Auto-Tuned Voices and Delay,Ba Da Bing!,09/21/2023,,,,"Art-pop, Electroinic, Synthpop, progressive, polyphonic","Katie, Gately, Lia Kohl, NOIA, Nyokabi Kariuki, Faten Kanaan",★★★,12/22
CD,,Max Kukla,Normal,Powderfinger,09/21/2023,,,"3, 6, 8","Indie Pop Rock, Rock, Alt-Country, Alt-Rock, Folk Rock,","Cave Clove, Huh, Laura Imbruglia, The birds I heard, Moon Palace",★★★,12/22
CD,,Millionyoung,Ocean View,Pet Tapes,09/21/2023,Shine On,Clean,"6, 7, 8, 2","Toro y Moi, Washed Out, Small Black, een Daze, Memory Tapes, Twin Shadow, The Radio Dept.","Chilllwave, Dream pop, Indie pop",★★★,12/22
CD,,Night Beats,Rajan,Suicide Squeeze,09/21/2023,Shine On,Clean,"3, 1, 6","Psychedelic Rock, Neo-Psychedelic","King Gizzard, White Fence, Psychic Ills, Holy Wave, Black Angles, King Tuff",★★★★,12/22
CD + Digital,,Olivia Jean,Raving Ghost,Third Man,09/21/2023,Shine On,Clean,"1, 4, 5 & 7","Garage-Rock, Alt-Rock","Death Valley Girls, Shannon & The Clams, The Paranoyds, The Kills, La Luz, Deap Vally, Starcrawler & L.A. Witch",★★★★★,12/22
CD + Digital,,Pink Sky,Total Devotion,Self-Released,09/21/2023,Terrorbird,Clean,"3, 8, 9, 10","Electronic, Art Pop","Sound of Ceres, Chvrches, Broadcast, Tanukichan",★★★,12/22
CD,,Seán Barna,An Evening At Marci Park,Kill Rock Stars,09/21/2023,,,4,"Glam Rock, Singer-songwriter","babybaby_explores, Slowspin, Ben Sloan, The Stools",★★★,12/22
CD,,Shiva Burlesque,Mercury Blues + Skulduggery,Independent Project Records,09/21/2023,,Clean,"1.2, 1.11, 2.2, 2.6, 2.7, 2.8","Alternative Rock, Post-punk","Savage Republick, Grant Lee Buffalo, The White Rope, Eleventh Dream Day",★★★★,12/22
CD,,Spiral XP,It's Been A While [EP],Danger Collective,09/21/2023,Terrorbird,Clean,"1, 3","Shoegaze, Noise Pop","Alex G, Slow Pulp, Versing, TAGABOW, A Country Western",★★★★,12/22
CD,,Starflyer 59,Vanity,Velvet Blue Music,09/21/2023,,,,"Indie Rock, Slowcore, Indie Surf, Dream Pop, Shoegaze","Pale Saints, Drop Nineteens, Swirlies, Chapterhouse",★★★★,12/22
Vinyl + Digital,,Tagua Tagua,Tanto,Wonderwheel,09/21/2023,Co-Sign,Clean,"8, 2, 1","Psychedelic Pop, Bedroom Pop, Dream Pop, Neo-Psychedelia","Nick Hakim, Glue Trip, Boogarins, Divino Niño, Tim Bernardes, Shuggie Otis",★★★,12/22
CD,,"The Reds, Pinks & Purples",The Town That Cursed Your Name,Slumberland,09/21/2023,N/A,6,"1, 3, 10","Jangle Pop, Indie Pop, Dream Pop","The Television Personalities, The Smiths, Galaxie 500",★★★★★,12/22
CD,,The Veils,...and out of the Void Came Love,Ba Da Bing!,09/21/2023,,,,"Camber pop, indie pop, Indie Rock","The Boxer Rebellion, I Am Kloot, dEUS, Tindersticks, Shearwater, Midlake",★★★,12/22
CD,,Tombstones In Their Eyes,Sea of Sorrow,Kitten Robot,09/21/2023,Shine On,8,"1, 3, 6, 9","Shoegaze, Space Rock","Black Angels, METZ, Nothing, Primal Scream, My Bloody Valentine",★★★,12/22
CD,,Toned,Toned,1306742 Records DK2,09/21/2023,,,,"Electronic, Free, Improvisation","RATHER, Jimi Hendrix, Led Zeppelin, The Hell, Multi, Joined",★★★,12/22
Vinyl,,Water Damage,2 Songs,12XU,09/21/2023,N/A,Clean,1,"Drone, Experimental Rock, Noise Rock, Krautrock","Bill Orcutt, Daniel Villarreal, Rich Ruth",★★★,12/22
Vinyl,,Weak Signal,WAR&WAR,Colonel,09/21/2023,N/A,Clean,"1, 2, 5","Slacker Rock, Noise Pop, Post-Punk","Purling Hiss, The Drin, Haress, Bill Orcutt",★★★★,12/22
digital,X (PHL),Mega Mango,You Spent All Your Love (Anniversary Edition) [Single],Elton Audio,10/31/2023,N/A,Clean,Single,"Indie Rock, Neo-Psychedelia, Bedroom Rock","Snail Mail, Chase Petra, Mothé, Odie Leigh, Annie DiRusso",★★★★★,02/31/2024
digital,X (PHL),Mega Mango,Sheets [Single],Elton Audio,10/31/2023,N/A,Clean,Single,"Indie Rock, Neo-Psychedelia, Bedroom Rock","Snail Mail, Chase Petra, Mothé, Odie Leigh, Annie DiRusso",★★★★★,02/31/2024
digital,X (PHL),Kause,META [Advanced Tracks],Self Released ,10/31/2023,N/A,Use Clean Edits,"1*, 5*, 6*","Hip Hop, Rap Rock, Conscious Hip Hop","Kenny Mason, redveil, Paris Texas",★★★★,02/31/2024
CD + Digital,,Molly Burch,Daydreamer,AAA/SubModerm,11/21/2023,Terrorbird,Clean,"2, 5, 3, 6",Japanese City Pop,"Bedouine, Miya Folick, Caroline Rose, Hand Habits",★★★★,1/21
Vinyl,,Vertigo,The Great Lie,Lemmis Records,11/21/2023,,Clean,"1, 5, 6","Post Punk, Hardcore, Metal","Warthog, GELD, ENVISION, Crime Pays",★★★★★,1/21
CD,,Marta Del Grandi,Selva,Fire Records,11/21/2023,,TBD,1,"Italian Pop, alternative","SAULT, Jane Weaver, Baile De Máscaras",★★★,1/21
CD,,Blue Ocean,Fertile State,Slumberland Records,11/21/2023,,,,"pop, experimental, lo-fi, pyscho, shoegaze","Chime School, The Umbrellas, The Red, Pinks & Purples",★★★★,1/21
CD,,Teen Idle,Nonfiction,H1 Massive,11/21/2023,,,"3, 2, 4","Alternative, Alt-americana, alt rock, dream pop, grunge-rock","Blushing, Blankengergem, Hatchie, Yi, R.J,.F",★★★★,1/21
CD,,Sarah Mary Chadwick,Messages To God,Kill Rock Stars,11/21/2023,,,,"Alternative, singer-songwriter","Dry Cleaning, SAULT, Daniel Johnston",★★★★,1/21
Vinyl,,Water From Your Eyes,Everyone's Crushed,Matador Records,11/21/2023,,,,"Alternative, art rock, experimental pop","This is Lorelei, Big Theif, Alvvays, thanks for coming",★★★★,1/21
Vinyl,,Liam Grant,Amoskeag,Carbon Records / Feeding Tube Records,11/21/2023,,,"1, 2, 6","American Primitive, Experimental, Drone, Fingerpicking, Improv, Folk.","Daniel Bachman, Gunn-Truscinski Duo, Stephen Roddy, The Peel",★★★★,1/21
Vinyl,,Narrow Head,Moments of Clarity,Run For Cover Records,11/21/2023,,,"2, 7, 9","Alternative, Hard Rock, Grunge, Alt Rock","Hum, Nothing, Fleshwater, Human Growth",★★★★,1/21
Vinyl,,Mighty Tortuga,Eternal Sunshine EP,Heading East Records,11/21/2023,,,"2, 5","Rock, Emo, indie Pop, indie Rock, Pop Punk, Pop Punk","Riverby, Sweet Pill, Turnover, Del Paxton",★★★,1/21
Vinyl,,State Run Radio,State Run Radio,Lemmis Records,11/21/2023,,"5, 6",,"Punk, Hardcore, Melodic Hardcore","Piss Me Off, Kleener, Scowl, Zulu, Buggin",★★★★,1/21
CD + Digital,,Various Artists,Zum Audio Vol 5 [Compilation],Zum,11/21/2023,Tiger Bomb,2,"3, 7, 13, 16",Various (Compilation),"KIM, P:ano, Baus, My Heart, an Inverted Flame",★★★★,1/21
CD,,Dengue Fever,Ting Mong,Tuk Tuk,11/21/2023,It's Alive Media,Clean,"1, 2, 7, 9","Psychedelic Pop, Cambodian Pop, Pop Rock","Khruangbin, SAULT, Space Age Sunset, CAN",★★★,1/21
CD,,Truth Club,Running From the Chase,Double Double Whammy,11/21/2023,Planetary,11,,"Alternative, Avant Ferry Garde, Indie Rock. post-punk, ","Rat Saw God, Big Theif, Horse Girl, ",★★★★,1/21
Cassette,,Moth Broth,"I, a Flying Club",Worry,11/21/2023,,,,"Alternative, pop, psych pop, witch pop","Tin Mitt Records, Darsombra, Queen Wolf, Sen Morimoto",★★★★★,1/21
Cassette,,Zero Bars,Demo 2023 [EP],Self Released,11/21/2023,N/A,1,"1, 3","Punk, Hardcore, Indie Rock","Liiek, FUGITIVE BUBBLE, Chained Bliss, EXWHITE",★★★★,1/21
CD,,Plaster Cast,Control,Self Released,11/21/2023,Terrorbird,Clean,"1, 5, 6","Electronic, Indie","Yumi Zouma, Chromatics, girl in red, Sky Ferreira",★★★,1/21
CD,,"James Yorkston, Nina Persson, and The Second Hand Orchestra",The Great White Sea Eagle,Domino,11/21/2023,,Clean,"2, 9, 10","Acoustic, Alternative, Krautfolk","Seamus Fogerty, Yorkston/Thorne/Khan, Bert Jansch, momus, Arab Strap, The Cardigans",★★★★★,1/21
CD + Digital,,Sufjan Stevens,Javelin,Asthmatic Kitty,11/21/2023,Tiger Bomb,9,"2, 3, 7","Indie Folk, Singer-Songwriter, Chamber Folk, Folktronica","Bon Iver, José Gonzáles, Perfume Genius, Nick Drake, Elliott Smith, Angelo De Augustine",★★★★★,1/21
CD,,Immaterial Possession,Mercy of the Crane,Fire Records,11/21/2023,N/A,Clean,"2, 3, 4","Art Rock, Psychedelic Rock, Indie Pop","The Drin, Sweeping Promises, FACS, Dorcha",★★★★,1/21
CD + Digital,,Youth Lagoon,Heaven Is a Junkyard,Fat Possom Records,11/21/2023,Planetary,2,"2, 3, 4","Alternative, Americana, Experimental","Arthur Russell, Kate Bush, Cate Le Bon, Perfume Genius, Elliot Smith, Scott Walker",★★★★★,1/21
CD + Digital,,Loki's Folly,Sisu,Kitten Robot,11/21/2023,Shine On,Clean,"11, 7, 4, 12, 1",Alternative. Punk. Rock,"The Linda Lindas, Tacocat, Bully, The Coathangers, Bikini Kill, Yeah Yeah Yeahs, The Beths & Hole",★★★★,1/21
Vinyl + CD + Digital,,"Sandro Galileo, Eraserhood Sound",Ribelle di Mare,Eraserhood Sound,11/21/2023,,,,"r&b, soul, funk. instrumental","Fantasy 15, Soul Supreme, Say She She",★★★★★,1/21
Vinyl + Digital,,Grade 2,Grade 2,Hellcat,11/21/2023,,"1, 10",,"Punk, oi!, hardcore","Rancid, Bad Time Records, Interrupters, INGROWN",★★★,1/21
Vinyl + Digital,X (PHL),Disaster Artist,Beheading the Beast,Tuna Collective,11/21/2023,N/A,Clean,"4, 6, 7, 8, 10","Experimental Rock, Noise Rock, Indie Rock","The Garden, feeble little horse, Friend, Pops Tuna",★★★★★,03/25/2024
Vinyl,X (PHL),FAKING,No Comfort,Slugthrower Records,11/21/2023,,,"1, 4","Punk, Math Rock, Noise Rock, Post Hardcore","Exhalants, Easy Prey, la luna, Zlich Patrol",★★★,03/25/2024
digital,,Cat Power,Cat Power Sings Dylan: The 1966 Royal Albert Hall Concert ,Domino,11/14/2023,Terrorbird,Clean,"1, 7, 14, 15","folk, singer-songwriter, live","PJ Harvey, Sharon Van Etten, Yo La Tengo, Feist",★★★★,1/14
digital,,quannnic,Stepdream,DeadAir,11/14/2023,Terrorbird,Clean,"2, 3, 5","alt rock, noise pop, shoegaze, emo","Jane Remover, Hotline TNT, Sunny Day Real Estate, Nothing",★★★★★,1/14
digital,,Matilda Lyn,A Bowl Of Unripe Fruit [EP],Giant Music,11/14/2023,Terrorbird,"1, 4","2, 6, 7","dream pop, singer-songwriter, indie pop","Sedona, Mali Velasquez, Julia Pratt",★★★★,1/14
digital,,Hit Bargain,A DOG A DEER A SEAL,Get Better Records,11/14/2023,Terrorbird,Clean,"1, 4, 8, 10","punk, noise rock","Squid, Iceage, Sprints, Omni",★★★★,1/14
digital,,Meagre Martin,Gut Punch,Mansions & Millions,11/14/2023,Terrorbird,clean,"2, 3, 5, 6","lo-fi, americana, dream pop","Men I Trust, J Mahon, Lunar Vacation, Indigo De Souza",★★★★,1/14
digital,,Mia Joy,Celestial Mirror [EP],Fire Talk,11/14/2023,Terrorbird,clean,"1, 2, 3, 4","dream pop, indie pop, shoegaze, slowcore","PACKS, Bnny, Tenci, Babehoven",★★★★,1/14
digital,,aldrch,industry standard,Epitaph,11/14/2023,Pirate,"1, 2, 7 (clean edits)","3, 4, 6, 5","electronic, alternative/indie, electronic pop","Robert DeLong, Blink-182, Hotline TNT, Joyce Manor, Jane Remover",★★★,1/14
digital,,Grandaddy,Watercooler (single),Dnagerbird,11/14/2023,Pirate,clean,single,"alternative, indie rock, alt-country, dream pop","Sparklehorse, Eels, Band of Horses, Built To Spill, Fleet Foxes, Midlake",★★★★,1/14
digital,,Manor Gates,So Much Brooding,Refresh/We're Trying,11/14/2023,Pirate,"3, 5, 7","2, 1, 6, 8","pop punk, emo, rock, indie rock, math rock, midwest emo","Oso Oso, Joyce Manor, Del Paxton, Sweet Pill, Into It Over It, Gulfer",★★★★,1/14
digital,,Hovvdy,Jean (Single),Arts & Crafts,11/14/2023,Pirate,clean,single,"pop, pillowcore, indie","The National, Charlie Martin, Big Theif, Caroline Says",★★★★,1/14
digital,,Spiritual Cramp,Spiritual Cramp,Blue Grape,11/14/2023,Pirate,"1, 4, 10 (clean edits)","3, 6, 2, 9","alternative, indie, punk, hardcore, punk rock, reggae","White Reaper, Interpol, Ceremony, The Armed, Militarie Gun, The Strokes, The Hives, Idles",★★★,1/14
digital,,SWiiMS,Into The Blue Night,Mint 400,11/14/2023,Pirate,clean,"2, 3, 7","Dreampop, Shoegaze, Alternative, indie","Wild Nothing, Slowdive, Day Wave, Alvvays, The Drums, Subsonic Eye",★★★★★,1/14
digital,,Territories,Colder Now,Pirates Press,11/14/2023,Pirate,TBD,"3, 6, 5, 10, 2","Punk, Punk Rock","Descendents, Bouncing Souls, Cock Sparrer, Knucklehead, Downtown Struts",★★★★★,1/14
digital,,BJ The Chicago Kid,Gravy,RCA,11/14/2023,The Syndicate,"4, 5 (clean edits)","14, 3, 9, 6","Neo-soul, contemporary R&B","Rapsody, NxWorries, Buddy, SiR, Ro James",★★★★,1/14
digital,,Special interest,Endure (Remixed),Rough Trade/Beggars,11/14/2023,The Syndicate,"1, 3, 4, 6","5, 6, 3","Alternative, punk, anarcho-glam, no wave, synth punk","Ace Mo, Boy Harsher, Live Skull, Justin Cudmore",★★★★,1/14
digital,,Low Cut Connie,Art Dealers,Contender,11/14/2023,Planetary,"1*, 3*, 10, 11, 13*","2, 4, 7","Rock & Roll, Pop Rock, Heartland Rock, Garage Rock, Indie Rock, Pub Rock","Nathaniel Rateliff & The Night Sweats, JD McPherson, J. Roddy Walston & The Business, Alabama Shakes, Heartless Bastards, Black Joe Lewis",★★★,1/14
digital,,Laurence-Anne,Oniromancie,Bonsound,11/14/2023,Planetary,Clean,"3, 4, 8","Art Pop, Indietronica, Ambient Pop, Dream Pop","Anemone, Melody’s Echo Chamber, Stereolab, Charlotte Gainsbourg",★★★★,1/14
digital,,Puma Blue,Holy Waters,Blue Flowers/PIAS,11/14/2023,Planetary,Clean,"2, 3, 4, 8","Alternative R&B, Neo-Soul, Trip Hop, Bedroom Pop","James Blake, King Krule, Amen Dunes, D’Angelo, Mount Kimble",★★★★★,1/14
digital,,The Paper Kites,At The Roadhouse,Nettwerk,11/14/2023,Planetary,Clean,"3, 9, 12","Indie Folk, Contemporary Country, Americana, Soft Rock, Alt-Country, Singer-Songwriter","The Swell Season, Lisa Hannigan, The Civil Wars, Old Sea Brigade",★★★★,1/14
digital,,Soda Blonde,Dream Big,Overbite,11/14/2023,Planetary,"6*, 7*","2, 6*, 8","Indie Pop, Alt-Pop, Garage Rock Revival","Yeah Yeah Yeahs, The Kills, Metric, Pillow Queens, Sorcha Richardson, Bleach Lab",★★★,1/14
digital,,Nisa,Exaggerate [EP],Hit The North,11/14/2023,Planetary,Clean,"2, 5","Singer-Songwriter, Indie Pop, Alt-Pop, Bedroom Pop","Alaska Reid, Half Waif, Miss Grit, Soccer Mommy",★★★★,1/14
digital,,Bakermat,From A Bakermat Point of View,Big Top,11/14/2023,Planetary,7*,"2, 3, 4, 5","House, Pop Rock, Nu-Disco","Kungs, Dominic Fike, Klangkarussel, Mark Ronson, Rhys Lewis",★★★,1/14
digital,,meija Feat. EELS,Possom [Single],Nettwerk,11/14/2023,,,single,"alternative, indie pop, indie rock, noise","Sen Morimoto, Nat Vazer, Virgo Rising, 13th Law",★★★★★,1/14
digital,,King Creosote,I DES,Domino,11/14/2023,The Syndicate,Clean,"6, 19, 9, 1","Alternative, Indie, Electronic, Folk","Mogwai, Low, There Will Be Fireworks, Niecy Blues",★★★★★,1/14
digital,,"Smashing Times, The",This Sporting Life,K / Perennial ,11/7/2023,Terrorbird,14,"1, 2, 7, 9","psychedelic, twee, freakbeat","Heavenly, Tiger Trap, The Pastels, The Softies",★★★,1/7
digital,,Alex Nicol,Simple Fires [Single],Self-Released,11/7/2023,Pirate,clean,single,"folk, alternative rock, folk, folk rock, indie folk, indie rock","Arthur Russell, Timber Timbre, Thom Yorke, Half Moon Run, Kishi Bashi",★★★★,1/7
digital,,Cheekface,Largest Muscle,Self-Released,11/7/2023,Pirate,clean,single,"alternative, echo park, indie rock","avement, Bad Moves, Jeff Rosenstock, Parquet Courts, The Front Bottoms, Ratboys, Slaughter Beach Dog, Modern Lovers, Lou Reed",★★★,1/7
digital,,Flying Racoon Suit,Moonflower,Bad Time,11/7/2023,Pirate,Clean,"3, 4, 12","Metal, punk, ska, emo, indie, indie rock, punk rock, ska punk, skacore","Mad Caddies, The Interrupters, Planet Smashers, Blue Meanies",★★★★,1/7
digital,,Hank May,Tails,Dangerbird,11/7/2023,Pirate,"5, 6, 9, 10, 11","1, 2, 3, 10","folk rock, indie, lyrical, pop","Rostam, Porches, Passion Pit, Hovvdy",★★★★★,1/7
digital,,Mercyland,No Feet On The Cowling [2023 Remixed & Remastered Version],Propeller Sound,11/7/2023,Pirate,6,"1, 2, 3, 5, 10","Punk Rock, Power Pop","The Replacements, Built To Spill, Bob Mould, Dinosaur Jr, Superchunk",★★★★,1/7
digital,,TIFFY,So Serious,Totally Real/Dollhouse Lightning,11/7/2023,Pirate,8,"5, 2, 4, 7, 1","Alternative, DIY, Bedroom Pop, Fuzz, Indie, indie rock, indie pop, punk rock, soft punk","Pom Pom Squad, Momma, Japanese Breakfast, Sasami, Snail Mail, Palehound, Speedy Ortiz, Jay Som",★★★★,1/7
digital,,Jockstrap,I<3UQTINVU,Rough Trade/Beggars,11/7/2023,The Syndicate,All,"4, 3, 8","Glitch pop, art pop, indietronica, progressive pop","Black Country, New Road, Taylor Skye, black midi, Squid",★★★★,1/7
digital,,IAN SWEET,SUCKER,Polyvinyl,11/7/2023,Terrorbird,8*,"3, 6, 8","Noise pop, indie rock, indie pop, pop rock","Lala Lala, Palehound, Forth Wanderer, Cherry Glazerr",★★★★,1/7
digital,,Frost Children,Hearth Room,True Panther,11/21/2023,Terrorbird,use edits,"1, 6","indie rock, folktronica, indietronica, twee pop","Quannnic, Postal Service, Owl City, The Dare",★★★★,1/21
digital,,Jaako Eino Kalevi,Chaos Magic,Domino,11/21/2023,Terrorbird,clean,"1, 8, 11, 13","synthpop, indie pop","Sean Nicolas Savage, TOPS, Anika, Conan Mockasin",★★★,1/21
digital,,Car Colors,Old Death [Single],Absolutely Kosher,11/21/2023,The Syndicate,Clean,single,"Alternative, Rock, Indie Rock, 90s-esque","Aeon Station, the Mountain Goats, Coriky, Video Age",★★★★,1/21
digital,,Zzz.,X's and O's [Single],Warner,11/21/2023,The Syndicate,Clean,single,"Melodic Hip hop, rap, emo rap","Rocco, Kill Jasper, TyFontaine, Juice WRLD",★★★,1/21
digital,,Friko,Craahing Through [Single],ATO,11/21/2023,Pirate,,single,"Alternative, rock, Alternative Rock, Art Rock, Power Pop","Car Seat Headrest, Horsegirl, Conor Oberst, Dehd, Deerhunter, White Reaper",★★★★,1/21
digital,,Various Artists,(untitled) As Told By Smartpunk & Friends,Smartpunk,11/21/2023,Pirate,"1, 3, 7, 8, 13","9, 6, 2, 5, 15","Punk, Pop Punk, Grunge","Blink-182, Hey Thanks!, Northbound,  M.A.G.S., Bad Luck",★★★★,1/21
digital,,M(h)aol,Attachment Styles,Merge,11/21/2023,Pirate,"2, 3, 5, 7, 8","1, 11, 6, 2, 3","Punk, Feminist, avant garde","Petrol Girls, English Teacher, Wet Leg, Sprints, Billy Nomates, Mannequin Pussy, Priests",★★★★,1/21
digital,,Tim Kinsella & Jenny Pulse,Giddy Skelter,Kill Rock Stars,11/21/2023,Planetary,Clean,"1, 4, 9","Singer-Songwriter, Indie Folk, Spoken Word, Experimental, Art Pop","Owls, Joan of Arc, John Vanderslice, Molly Nilsson",★★★,1/21
digital,,Tim Atlas,Le Soir,Nettwerk,11/21/2023,Planetary,2*,"3, 4, 5","Indie Pop, Alternative R&B, Bedroom Pop","Day Wave, NEIL FRANCES, LEISURE, Mild High Club, Homeshake",★★★★,1/21
digital,,Mars FM,The Sky Knelt To The Sea,Prince Terrapin Station Records,11/21/2023,Planetary,Clean,"1, 2, 8, 10","Psychedelic Rock, Folk Rock, Shoegaze","Wednesday, Ratboys, Waxahatchee, Wye Oak, The Breeders, Mazzy Star, Big Thief",★★★★,1/21
CD,,Sally Anne Morgan,Carrying,Thrill Jockey Records,11/21/2023,,,,"Free Folk, Folk Rock, Indie Folk","House and Land, Magic Tuber Stringband, Joseph Allred, Black Duck",★★★★,1/21
CD,,Salt Ashes,Killing My Mind,Radikal,11/21/2023,Shine On,"2, 7, 11","5, 1, 3, 10","pop, alt pop, dance, dance-pop, synth","Metric, Bat for Lashes, Robyn, Chormatics, fka Twigs, beabadoobee, Tirzah, Bjork, Blonde Redhead, Kate Bush",★★★,1/21
digital,,DAIISTAR,Good Time,Fuzz Club,11/28/2023,Tiger Bomb,2,"1, 3, 4, 7","Indie Rock, Shoegaze, Neo-Psychedelia","The Black Angels, Ringo Deathstarr, Holy Wave, Tamaryn, A Place To Bury Strangers, Kikagaku Moyo",★★★★,1/28
digital,,ROGÊ,Curyman,Diamond West,11/28/2023,Tiger Bomb,Clean,"1, 6, 7, 9","Brazilian Rock, MPB, Samba-rock","Seu Jorge, Rodrigo Campos, Tim Bernardes",★★★,1/28
digital,,Soft Science,Lines,Shelflife,11/28/2023,Tiger Bomb,Clean,"4, 5, 6, 8","Shoegaze, Dream Pop, Indie Pop","Lush, The Sweetest Ache, Brighter, Pale Saints",★★★★★,1/28
digital,,Swansea Sound,Twentieth Century,Skep Wax,11/28/2023,Tiger Bomb,Clean,"1, 2, 3, 6","Indie Pop, Jangle Pop, Pop Punk","The Pooh Sticks, Heavenly, Talulah Gosh, The Catenary Wires, Television Personalities, The Wedding Present, The Pastels, The Go-Betweens",★★★,1/28
digital,,BABEBEE,A PROPHECY [EP],Epitaph,11/28/2023,Pirate,TBD,"1, 4, 5","Alternative, Hyperpop, Indie Pop","Sobs, Chloe Moriondo, Beabadoobee, Alvvays, PinkPantheress, The Beths",★★★★★,1/28
digital,,Pacing,Real poetry is always about plants and birds and trees and the animals and milk and honey breathing in the pink but real life is behind a screen,Totally Real,11/28/2023,Pirate,"3, 6, 9","3, 6, 1, 8, 10","Folk, Anti-folk, Bedroom Pop, Indie Pop, Singer-songwriter","Sidney Gish, Kimya Dawson, Frankie Cosmos, Indigo De Souza, Mal Blum, Rosie Tucker",★★★★,1/28
digital,,Pile,Only For a Reminder [Single],Exploding In Sound,11/28/2023,Pirate,Clean,Single,"Rock, Indie, Post-Hardcore, Post-punk","The Smile, Blonde Redhead, Speedy Ortiz, Metz, Titus Andronicus",★★★,1/28
digital,,Dr Scientist,Strangers,TKO Productinos,11/28/2023,The Syndicate,"1, 3","2, 4","Alternative, Punk, Indie Rock","Personal Best, Remember Sports, Hurry, Rachel Kiel",★★★,1/28
digital,,Meg Elsier,Iznotreal [Single],Independent,11/28/2023,The Syndicate,Clean,Single,"Shoegaze, Dream Pop, Noise Pop","garii, Joiner, Mali Velasquez, White China",★★★★,1/28
digital,,Various Artists,Fader & Friends Vol. 1,FADER,11/28/2023,Terrorbird,clean,"2, 12, 23, 26",covers,N/A,★★★★★,1/28
digital,,Mo Troper,Troper Sings Brion,Lame-O,11/28/2023,Terrorbird,clean,"2, 3, 5","power pop, indie rock, covers","Jon Brion, Dazy, Alvvays, Floating Room, Alien Boy",★★★★,1/28
digital,,Couch Prints,Waterfall: Rebirth,Music Website,11/28/2023,Terrorbird,clean,"1, 4, 6","indie pop, dream pop, hyperpop","Caroline Loveglow, Frost Children, Sea Lemon",★★★,1/28
digital,,Gabby's World,Gabby Sword,Self Released,11/28/2023,Terrorbird,12,"10, 11, 13",,"Adult Mom, Diet Cig, Mali Velasquez, Palehound",★★★,1/28
digital,,As Everything Unfolds,Ultraviolet,Napalm,5/9/2023,The Syndicate,Clean,"1, 2, 3, 5, 7","Alt metal, Nu Metal, Metalcore, Post-Hardcore, Melodic Metalcore, Alternative Metal","MCR, Paramore",★★★,7/9
digital,,Bebel Gilberto,É Preciso Perdoar [Single],PIAS,5/9/2023,Planetary,Clean,Single,"Brazilian, Bossa nova, Lounge, MPB, Downtempo","João Gilberto, Astrud Gilberto, Cate Le Bon, Rosa Passos, Bedouine",★★★★,7/9
digital,,Chinos,Try On,Hi Doggy!,5/9/2023,Planetary,"5, 8","1, 3, 4, 13","Punk Rock, Indie Rock, Slacker Rock","The Church, The Feelies, The Go-Betweens, Modern English",★★★★,7/9
digital,,Double Grave,Til The Ground,self-released,5/9/2023,Terrorbird,Clean,"3, 4, 5","rock, folk grunge","deathcrash, Big Vic, Narrow Head, Plush, Have A Good Season",★★★,7/9
digital,,Drain,Living Proof,Epitaph,5/9/2023,Pirate!,Clean edits available,Single,"Punk, Hardcore, Santa Cruz","Soul Glo, Turnstile, Mindforce, GEL, Drug Church, Knocked Loose",★★★,7/9
digital,,Elephant Stone,"Dawn, Day, Dusk [EP]",Elephants on Parade,5/9/2023,Planetary,Clean,2,"Neo-Psychedelia, Psychedelic Pop, Psychedelic Rock","The Black Angels, Pond, Temples, Tame Impala, White Fence, GUM, Levitation Room, The Warlocks",★★★★,7/9
digital,,Floodlights,Painting of My Time,Virgin Music Australia,5/9/2023,Planetary,Clean,"2, 3, 6, 7","Post-punk, Indie Rock, Art rock","Tropical Fuck Storm, Black Country, New Road, Squid, Pist Idiots, Peter Bibby",★★★★,7/9
digital,,John Carroll Kirby,Oropendola [single],Stones Throw,5/9/2023,Co-Sign,Clean,Single,"Jazz, Fusion, Instrumental","Robert Glasper, Herbie Hancock, Sam Gendel, Carlos Niño, Badge Epoque Ensemble",★★★★,7/9
digital,,Lava La Rue,Renegade [Single],Dirty Hit,5/9/2023,Pirate!,Clean edits available,Single,"Alternative r&b, Psychedlic hip-hip","Arlo Parks, Charlotte Dos Santos, Biig Piig, Orion Sun, Dreamer Isioma, MICHELLE",★★★★,7/9
digital,,Modern Woman,Achtung [single],End Of The Road,5/9/2023,Terrorbird,Clean,Single,"post-punk, chamber pop","Black Country, New Road, King Krule, Wet Leg, The Smile, Squid",★★★★★,7/9
digital,,Moreish Idols,Lock Eyes & Collide [EP],Speedy Wunderground/PIAS,5/9/2023,Planetary,Clean,"1, 2, 4","Post-Rock, Post-Punk, Indie Rock","Shame, The Fall, Squid, Slaves, Fontaines DC, The Murder Capital ",★★★★★,7/9
digital,,Mustard Service,(Your Cat) Don't Stand a Chance,ONErpm,5/9/2023,Pirate!,Clean edits available,Single,"Alternative, Indie Pop, Zest Pop","Hippo Campus, Wallows, Early Eyes, The Rare Occasions, Ginger Root, Peach Pit",★★★,7/9
digital,,Prima Queen,Not the Baby [EP],Big Indie,5/9/2023,Planetary,Clean edits available,"1, 2, 5","Singer-Songwriter, Indie Rock, Indie Folk, Slacker Rock","Lucy Dacus, Billy Nomates, Sharon Van Etten, Snail Mail",★★★,7/9
digital,,Sid Simons,Toy Gun [Single],Julian,5/9/2023,Planetary,Clean,Single,"Indie Folk, Folk Pop, Chamber Folk","Mal Blum, Nana Grizol, Surf Curse, The Frights, Wallows",★★★★,7/9
digital,,Strange Ranger,She's On Fire [single],Fire Talk,5/9/2023,Terrorbird,Clean,Single,"indie rock, post-rock, post-punk","Car Seat Headrest, Manchester Orchestra, Spoon, Mitski",★★★★,7/9
digital,,Tony Allen & Adrian Younge,Don't Believe The Dancer [single],Jazz Is Dead,5/9/2023,Co-Sign,Clean,Single,"Jazz-Funk, Afro-Beat","Ebo Taylor, Fela Kuti, Manu Dibango, Hugh Masekela",★★★★,7/9
digital,,Volatile Youth,"Post Falls, Idaho",Mint 400,5/9/2023,Pirate!,,8,"Alt-country, post-punk, shoegaze","Spiritualized, Dean Wareham, Ride, The Jesus and Mary Chain",★★★,7/9
digital,,Westerman,An Inbuilt Fault,Partisan Records,5/9/2023, Co-Sign,USE CLEAN EDITS pls,"2, 5, 7","Psychedelic, Acousitc Electronic","Arthur Russell, Amen Dunes, José González, Wild Nothing, Peter Gabriel",★★★,7/9
digital,,WheelUP,We Are The Magic,Tru Thoughts,5/9/2023,Co-Sign,USE CLEAN EDITS pls,"1, 3, 4","Broken-Beat, UK Dance","Quantic, J-Felix, Dan Kye, Jayda G, Oddisee, Phonte, Kaytranada",★★★★,7/9
digital,,Whitehall,Maizy,Enci,5/9/2023,Pirate!,"3, 10","2, 7, 4, 8, 1","Indie Rock, Indie Alternative, Alt Rock","Arlie, Hippo Campus, COIN, Briston Maroney, The Happy Fits, Peach Pit",★★★★,7/9
digital,,Alison Goldfrapp,The Love Invention,Skint/BMG,5/16/2023,The Syndicate,Clean,"4, 1, 7, 6, 3","Dance/Electronic, Left-Field pop, Alt ppop","Robyn, Kylie Minogue, Katy B, Crooked Man, Empress Of",★★★★,7/16/2023
digital,,billy woods & Kenny Segal,Maps,Backwoodz Studioz/Fat Possum,5/16/2023,Planetary,Use Clean Edits,"2, 6, 7, 11, 12","Hip Hop, Abstract Hip Hop, Jazz Rap, Conscious Hip Hop, East Coast Hip Hop",,★★★★★,7/16/2023
digital,,Chloe Gallardo,Defamator,Taxi Guache,5/16/2023,Terrorbird,1,"2, 6, 9","indie rock, shoegaze, singer-songwriter","Julia Jacklin, Phoebe Bridgers, Ian Sweet, Mitski",★★★★,7/16/2023
digital,,Chuck Strangers,The Boys & Girls [EP],Lex Records,5/16/2023,Orienteer,Use Clean Edits!,"2, 9, 10","Hip Hop, Rap, East Coast Hip Hop, Drumless, Boom Bap","Navy Blue, Pink Siifu, Fly Anakin, Ka, Caleb Giles",★★★★★,7/16/2023
digital,,"Courettes, The",Boom! Dynamite: An Introduction to The Fabulous Courettes,Damaged Goods,5/16/2023,Tiger Bomb,Clean,"2, 3, 7, 8, 10","Garage Rock, Surf Rock, Grunge","Shannon & The Clams, The Sonics, Amyl & The Sniffers, King Khan",★★★★,7/16/2023
digital,,Daft Punk,Random Access Memories (10th Anniversary Edition),Sony/Legacy,5/16/2023,The Syndicate,Clean,"4, 3, 2, 6","Disco, Funk, Electropop, soft rock, dance","Justice, Kavinsky, Breakbot, The Chemical Brothers, Digitalism",★★★★★,7/16/2023
digital,,Flores Y Fuego,Altar,Pirates Press Records,5/16/2023,Pirate!,8 - Clean Edits Available,"1, 2, 6, 4","Hardcore punk, punk rock, post-punk","Los Crudos, Amyl & The Sniffers, Scowl, Generation Suicida",★★★★,7/16/2023
digital,,Iguana Death Cult,Echo Palace,Innovative Leisure,5/16/2023,Co-Sign,Use Clean Edits!,"1, 5, 8, 11","Garage Rock, Indie Rock","Lounge Lizards, Talking Heads, Parquet Courts, Viagra Boys",★★★,7/16/2023
digital,,James Ellis Ford,The Hum,Warp,5/16/2023,Terrorbird,Clean,"2, 3, 4, 10","alternative, indie pop, indie rock","Floating Points, Tim Hecker, Xiu Xiu, Miss Grit",★★★,7/16/2023
digital,,Jessy Lanza,Midnight Ontario [single],Hyperdub,5/16/2023,Terrorbird,Clean,Single,"Synthpop, Alternative R&B, UK Bass, Electronic, Synth Funk","The Weeknd, Kelela, 070 Shake, Porter Robinson",★★★★,7/16/2023
digital,,June McDoom,June McDoom [EP],Temporary Residence,5/16/2023,A Man A Plan A Canal,Clean,"3, 4, 6","Folk, Singer-Songwriter, Bedroom Pop","Weyes Blood, Lomelda, Barrie, Beach House, Winter, Warpaint",★★★★★,7/16/2023
digital,,Krooked Kings,All Out Of Good Days,ONErpm,5/16/2023,Pirate!,"2, 7 - Clean Edits Available","3, 4, 8, 2","alternative, indie rock","Day Wave, Vacation Manor, Rostam, Local Natives, Windser, Joe P, The Moss",★★★,7/16/2023
digital,,Madison McFerrin,I Hope You Can Forgive Me,MADMCFERRIN MUSIC LLC,5/16/2023,Co-Sign,Use Clean Edits!,"2, 6, 7, 10",Neo-Soul,"Sudan Archives, Kelela, Moses Sumney, Cleo Sol, Steve Lacy, Nick Hakim",★★★★★,7/16/2023
digital,,Mikaela Davis,Promise [Single],Kill Rock Stars,5/16/2023,Planetary,Clean,Single,"Indie Pop, Indie Rock, Singer-Songwriter, Chamber Pop","Tennis, Faye Webster, Madison Cunningham, Molly Burch, Jess Williamson",★★★★,7/16/2023
digital,,Overmono,Good Lies,XL Recordings,5/16/2023,Co-Sign,Use Clean Edits!,"2, 6, 7, 9","Dance, Electronic","Bicep, Joy Orbison, HAAi, Logic1000, Two Shell",★★★★,7/16/2023
digital,,PWNT,Lonely [single],Acrophase,5/16/2023,Terrorbird,Clean,Single,"Indie pop, Dream Pop",,★★★★,7/16/2023
digital,,Rahill,Flowers At Your Feet,Big Dada,5/16/2023,Co-Sign,Clean,"2, 4, 5, 8","Folk, Singer-Songwriter, Pop","Broadcast, Stereolab, Widowspeak, Jessica Pratt, Habibi, Shana Cleveland",★★★★,7/16/2023
digital,,Richard Orofino,Heart Splat [Single],Downtown,5/16/2023,Planetary,Clean,Single,"Singer-Songwriter, Slacker Rock, Bedroom Pop","Rostam, Lucy Dacus, dad sports, Jordana, Day Wave, Claud, PHONY, Lomelda, American Pleasure Club",★★★★,7/16/2023
digital,,"Rocket Summer, The",SHADOWKASTERS,Aviate/ONErpm,5/16/2023,Pirate!,Clean,"3, 1, 4, 7, 9, 11","Dance Punk, Alternative, Rock, Indie Rock","Foster The People, Glass Animals, MGMT, Portugal. The Man, half alive",★★★★,7/16/2023
digital,,"Salt Collective, The",Life,Propeller Sound,5/16/2023,Pirate!,Clean,"1, 2, 4","Rock, Power Pop","XTC, The DB's, Matthew Sweet, Juliana Hatfield, Nada Surf",★★★,7/16/2023
digital,,"Shallows, The",Wave States,Mint 400,5/16/2023,Pirate!,Clean,"1, 2, 4","Alternative, Darkwave, Dream pop, new romantic, post punk, shoegaze","Cocteau Twins, Beach House, Melody's Echo Chamber, Death and Vanilla, Slowdive",★★★★★,7/16/2023
digital,,"Silver Lines, The",Is This As Good As It Gets? [Advanced Tracks],ADR,5/16/2023,Planetary,Clean,"1, 6","Post Punk, Indie Rock, Alt Rock","The Dirty Nil, White Reaper, The Hives",★★★★,7/16/2023
digital,,Softlung,Second Chances,Self Released,5/16/2023,Planetary,Clean,"3, 6, 7","Indie Rock, Folk Pop, Indie Folk","Spoon, New Pornographers, Dr. Dog, Death Cab for Cutie, The Shins",★★★★,7/16/2023
digital,,waveform*,Antarctica,Run For Cover,5/16/2023,Terrorbird,"1, 6, 8","2, 3, 4, 5, 9","lo-fi, indie pop","feeble little horse, Hovvdy, Horse Jumper of Love, Alex G",★★★★,7/16/2023
digital,x (PHIL),Idiot Mambo,Flamingo In Limbo,Strange Mono,5/23/2023,Pirate!,Clean,"7, 1, 2, 4","Punk, Rock, Bedroom Pop. Lo-fi, Noise","Purr, Mac DeMarco, Belle and Sebastian, Alex G",★★★★,7/23/2023
digital,X (NJ),Steady Hands,Cheap Fiction,Lame-O,5/23/2023,Terrorbird,2,"3, 4, 5","Midwest Emo, Emo Revival, Indie Rock","AJJ, Spraynard, Iron Chic",★★★★,7/23/2023
digital,,Alex Lahey,The Answer is Always,Liberation,5/23/2023,Tiger Bomb,"1*, 2*, 3, 4*, 6, 7, 8, 9*","1, 2, 7, 9","Alt Indie Rock, Australian","Caroline Rose, illuminati hotties, Bully, Snail Mail",★★★★,7/23/2023
digital,,Bokani Dyer,Radio Sechaba,Brownswood,5/23/2023,Co-Sign,Clean,"2, 4, 5, 7, 12","South African Jazz, Afro-Beat","Steven Dyer, Fela Kuti, Antibalas, Lonnie Liston Smith",★★★★,7/23/2023
digital,,Brittain Ashford,Trotter,Misra,5/23/2023,Tiger Bomb,"1*, 3*","1, 3","Singer-Songwriter, Folk, Indie, ambient","Tomberlin, Adrienne Lenker, Lomelda, Fenne Lily",★★★★,7/23/2023
digital,,Daddy's Beemer,Tangles,Self-Released,5/23/2023,Planetary,"3*, 5*","2, 3, 4, 5","Slack Rock, Indie Rock","Ducks Ltd., The Cribs, Circa Waves, Real Estate, Two Door Cinema Club, Bombay Bicycle Club",★★★,7/23/2023
digital,,Dan Horne,Dontcha Know b/w Bicycle Rider [single],Liberty Hair Farm,5/23/2023,Pirate!,Clean,Single,"psychedlic folk, 60s-esque, multi-instumentalist ","Circles Around the Dun, Grateful Shred, Allah-Las, Chapin Sisters",★★★★,7/23/2023
digital,,"Drums, The",I Want It All [single],Anti-,5/23/2023,Pirate!,Clean,Single,"Alternative, Indie Pop, Indie Rock","Wild Nothing, Alvvays, DIIV, Local Natives, Real Estate",★★★★,7/23/2023
digital,,Foyer Red,Yarn the Hours Away,Carpark,5/23/2023,Terrorbird,6*,"1, 4, 5, 6, 8","Indie Rock, Math Rock, Art-punk","Wombo, Palm, Speedy Ortiz, Animal Collective",★★★★,7/23/2023
digital,,FVNERAL,Frozen Lasagne [single],Self-Released,5/23/2023,Pirate!,Clean edit available,Single,"Alternative, Indie Pop, Indie Rock","Pinegrove, Arcade Fire, Tigers Jaw, String Machine, Manchester Orchestra, Slaughter Beach Dog",★★★★,7/23/2023
digital,,Galen & Paul,Can We Do Tomorrow Another Day?,Sony/Legacy,5/23/2023,The Syndicate,Clean,"4,3,1","Folk Pop, Indie Rock, Singe-songwriter","Galen Ayers, Paul Simonon, Havana 3 A.M., Glen Matlock, The 101ers",★★★,7/23/2023
digital,,Gotopo,Sacúdete,Waxploitation Records,5/23/2023,Co-Sign,Clean,"2, 3, 4, 5","Techno, Electro Pop","Bomba Estéreo, Lido Pimienta, Sotomayor, Ana Tijoux",★★★★,7/23/2023
digital,,Hannah Jadagu,Aperture,Sub Pop,5/23/2023,Shine On,TBD,"2, 4, 5, 6, 9","Indie Rock, Indie Pop, ","Soccer Mommy, beabadoobee",★★★★★,7/23/2023
digital,,Horse Jumper Of Love,Heartbreak Rules,Run For Cover,5/23/2023,Terrorbird,4,"2, 8, 9","slowcore, shoegaze, indie rock","Hovvdy, Duster, Truth Club, PACKS",★★★★,7/23/2023
digital,,King Gizzard and The Lizard WIzard,Gila Monster [Single],KGLW,5/23/2023,Shine On,TBD,Single,"Garage Rock, Alt Rock, Australian","The Murlocs, Post Animal,",★★★★,7/23/2023
digital,,Laurence-Anne,Politesse [single],Bonsound,5/23/2023,Planetary,Clean,Single,"Darkwave, Neo-Psychedelia, Psychedelic Pop, Art Pop","Anemone, Melody’s Echo Chamber, Stereolab, Charlotte Gainsbourg",★★★★,7/23/2023
digital,,Megabog,End of Everything,Mexican Summer,5/23/2023,Co-Sign,USE CLEAN EDITS,"1, 2, 5, 8","Electro Pop, Post Punk, ","Depeche Mode, Cate Le Bon, Destroyer, U.S. Girls, SPELLLING, Julia Holter, Weyes Blood",★★★,7/23/2023
digital,,"Milk Carton Kids, The",I Only See The Moon,Far Cry/Thirty Tigers,5/23/2023,Pirate!,8,"9, 1, 3, 6, 2","Folk, Bluegrass, Acoustic","Fleet Foxes, The Tallest Man On Earth, Shovels & Rope, Iron & Wine, Dawes",★★★,7/23/2023
digital,,Mise En Scene,Reality Bites [Advanced Tracks],Light Organ,5/23/2023,Planetary,Clean,"1, 2, 5","Indie Rock, Garage Rock, Dream Pop","Best Coast, Daddy Issues, Tired Lion, Juliette Lewis",★★★★,7/23/2023
digital,,Nation of Language,Stumbling Still [single],Play It Again Sam,5/23/2023,Planetary,Clean,single,"Post-Punk, Indie Rock, Synth Pop","Working Men's Club, Porridge Radio, Small Black, Cold Cave, The Soft Moon, White Lies, John Maus, Future Islands",★★★,7/23/2023
digital,,Salami Rose Joe Louis,Akousmatikous,Brainfeeder,5/23/2023,Co-Sign,USE CLEAN EDITS,"2, 4, 6, 10, 14, 15","Dream pop?, Indie Pop, ","Stereolab, Toro y Moi, Stereolab, Flying Lotus, Melody's Echo Chamber, Hiatus Kaiyote",★★★★★,7/23/2023
digital,,Sir Chloe,I Am The Dog,Atlantic,5/23/2023,The Syndicate,Clean,"4, 6, 1, 2","Indie Rock, Pop Punk, Modern Grunge","Portugal, The Man, The Pixies, Rio Romeo, The Oozes, carpetgarden",★★★★,7/23/2023
digital,,"Sufjan Stevens, Timo Andres, and Conor Hanick",Reflections,Asthmatic Kitty,5/23/2023,Tiger Bomb,Clean,"1, 6","Piano, Neo-Classical","Claude Debussy, Igor Stravinsky, Philip Glass",★★★,7/23/2023
digital,,Summer Salt,Campanita,Wax Bodega,5/23/2023,Pirate!,Clean,"1, 3, 4, 8, 10","oldies, rock, doo wop, surf rock, indie","Peach Pit, Cayucas, The Walters, boy pablo, Lunar Vacation, Beach Fossils",★★★★,7/23/2023
digital,,Vanity Mirror,PUFF,We Are Busy Bodies,5/23/2023,Pirate!,Clean,"1, 2, 4, 7","rock, baroque pop, lo-fi","Drugdealer, King Gizzard & The Lizard Wizard, The Lemon Twigs, Young Guv, King Tuff",★★★★,7/23/2023
digital,,Wild Child,End of the World,Reba's Ranch,5/23/2023,Tiger Bomb,4,"2, 4, 5, 8, 12","Alt Indie, Alt-Rock, Singer-Songwriter, Folk influence","Lake Street Dive, Lucius, River Whyless",★★★,7/23/2023
digital,,A Place To Bury Strangers,See Through You: Rerealized,Dedstrange,5/30/2023,Terrorbird,"3, 16, 18","1, 11, 12, 14","Noise Rock, Post-Punk, Shoegaze, No Wave, Industrial","The Jesus and Mary Chain, Ringo Deathstarr, True Widow, My Bloody Valentine",★★★★,7/30/2023
digital,,AJJ,Disposable Everything,Hopeless,5/30/2023,Terrorbird,Use Clean Edits,"1, 2, 4, 5, 6, 9","Folk Punk, Indie Folk, Anti-Folk, Indie Rock, Folk Rock","The Mountain Goats, Jeff Rosenstock, Defiance, Ohio, The Front Bottoms, Nana Grizol",★★★★,7/30/2023
digital,,Alanna Royale,Run Around [Single],Trash Casual,5/30/2023,Pirate!,Clean,Single,"70s Soul, 90s RnB","Lady Wray, Brittany Howard, Yola, Izo FitzRoy",★★★★★,7/30/2023
digital,,Alfa Mist,Variables,Anti-,5/30/2023,Pirate!,2,"1, 3, 7, 9, 10","Nu Jazz, Jazz Fusion, ECM Style Jazz, Neo-Soul","Thundercat, Flying Lotus, Talib Kweli, Jordan Rakei, Nick Hakim",★★★★★,7/30/2023
digital,,Arlo Parks,My Soft Machine,Transgressive,5/30/2023,Terrorbird,"3*, 10","2, 3, 4, 5, 6, 7","Bedroom Pop, Alt-Pop, Alternative R&B, Contemporary R&B, Neo-Soul","Clairo, Japanese Breakfast, Orion Sun, Babeheaven, Kate Bollinger",★★★★★,7/30/2023
digital,,Atomic Bronco,Bull In A China Shop,Self-Released,5/30/2023,Planetary,Clean,"1, 2, 5, 8","Garage Rock, Alt Rock","Black Rebel Motorcycle Club, Ty Segall, Band Of Skulls, The Brian Jonestown Massacre, Night Beats",★★★,7/30/2023
digital,,bar italia,Tracey Denim,Matador,5/30/2023,Beggars,FCC Violations (TBD),"2*, 3, 8","Indie Rock, Hypnagogic Pop, Slacker Rock","NINA, Hype Wiliams, Double Virgo",★★★★★,7/30/2023
digital,,Bayonne,Temporary Time,Nettwerk,5/30/2023,Planetary,Clean,"2, 3, 4","Indietronica, Indie Pop, Ambient Pop","St. Lucia, Small Black, Jaguar Sun, Twin Shadow, Wild Nothing",★★★★★,7/30/2023
digital,,Big Blood,1000 Times [Single],Ba Da Bing,5/30/2023,Ba Da Bing,Clean,Single,"Indie Pop, Avant-Folk, Gothic Country","Shannon & The Clams, ShitKid, Courtney Barnett, Ty Segall",★★★★,7/30/2023
digital,,Buck Meek,Haunted Mountain [Single],4AD,5/30/2023,Beggars,TBD,Single,"Indie-Folk, Singer-Songwriter, Manouche Jazz, Twang","Big Thief, Hayley Heynderickx, Hand Habits",★★★★,7/30/2023
digital,,"Bug Club, The",Green Dream in F#,We Are Busy Bodies,5/30/2023,Pirate!,8,"1, 2, 3, 5, 4, 9","Alt Rock, Alternative/Indie, French Indie, Holiday","Kiwi Jr, Television, Disq, Built To Spill, BODEGA, The New Pornographers",★★★,7/30/2023
digital,,Gia Margaret,Romantic Piano,Jagjaguwar,5/30/2023,Secretly,Clean,"1, 3, 6","Indie Folk, Singer-Songwriter, Ambient","Julien Baker, Phoebe Bridgers, Julia Jacklin, Buck Meek",★★★★,7/30/2023
digital,,Harriette,I Heart the Internet [EP],Self-Released,5/30/2023,Promo JukeBox,3,"2, 4, 5, 8","Bedroom Pop, Alt-Country, ","girlhouse, Wallice, Samia, Indigo De Souza",★★★★★,7/30/2023
digital,,Kari Faux,REAL B*TCHES DON'T DIE!,drink sum wtr,5/30/2023,Co-Sign,Use Clean Edits,"3, 6, 11, 12","Rap, Southern Rap","Princess Nokia, Leikeli47, Cakes Da Killa, Rico Nasty, Tkay Maidza",★★★★,7/30/2023
digital,,Kassa Overall,ANIMALS,Warp,5/30/2023,Co-Sign,Use Clean Edits,"3, 5, 8, 10, 11, 12","Jazz, Jazz Rap, Free Jazz","Ezra Collective, Alfa Mist, Shabazz Palaces, Wiki, Makaya McCraven",★★★★,7/30/2023
digital,,Linus,You’ve Already Won [EP],Give Up,5/30/2023,Planetary,Clean,"2, 5, 7","R&B, Alt-Pop, Alt R&B, Indie Pop","Joji, Matt Maltese, Tobias Jesso Jr., Daniel Caesar, Nick Hakim",★★★,7/30/2023
digital,,"Locate S,1",You Were Right About One Thing [single],Captured Tracks,5/30/2023,Terrorbird,Clean,Single,"indie pop, art pop","Lydia Ainsworth, Thao & the Get Down Stay Down, Hayley Williams",★★★,7/30/2023
digital,,Louise Burns,Element,Light Organ,5/30/2023,Vitriol,Clean,"1, 3, 4, 8, 9","Indie Pop, Indie Rock, Art Pop","Kate Bush, The Raveonettes, Metric, Caroline Polachek",★★★★,7/30/2023
digital,,Miya Folick,Roach,Nettwerk,5/30/2023,Planetary,"1, 7, 8, 10, 13","3, 4, 6","Indie Pop, Indie Rock, Synthpop, Alt-Pop","Lala Lala, Molly Burch, Haley Blais, Lucy Dacus",★★★★,7/30/2023
digital,,Ollella,Back Back Back,Self-Released,5/30/2023,The Band Mom,Clean,"1, 3, 7","Indie Folk, Singer-Songwriter, Bluegrass","Fiona Apple, Feist, Jesca Hoop, Cat Power, Aoife O'Donovan, Lucy Dacus",★★★,7/30/2023
digital,,Philippe B,Nouvelle Administration,Bonsound,5/30/2023,Planetary,Clean,"1, 2, 8","Singer-Songwriter, Chamber Folk, French Music","Cass McCombs, Peter One, Gilberto Gil, Serge Gainsbourg, Jacques Dutronc, Kevin Morby, Neil Young",★★★,7/30/2023
digital,,"quickly, quickly",Easy Listening [EP],Ghostly International,5/30/2023,Secretly,2*,"2, 3, 5","Art Pop, Alternative R&B, Jazz Pop","Frank Ocea, FKA Twigs, James Blake, serpentwithfeet",★★★★★,7/30/2023
digital,,Rose City Band,Garden Party,Thrill Jockey,5/30/2023,Thrill Jockey,Clean,"1, 2, 6","Country Rock, Neo-Psychedelia, Psychedelic Rock, Folk Rock, Americana","Wooden Shjips, Jerry Garcia Band, Flying Burrito Brothers, Waylon Jennings",★★★,7/30/2023
digital,,Saya Gray,QWERTY [EP],Dirty Hit,5/30/2023,Pirate!,Edit Available,"1*, 4, 5, 6","Experimental Pop, Folk, Jazz, R&B, Alternative","Grace Ives, Nilufer Yanya, Snoh Aalegra, Alice Glass, Fever Ray, 100 gecs",★★★★★,7/30/2023
digital,,Sophie Meiers,shine_space [EP],Epitaph,5/30/2023,Pirate!,Edit Available,"2, 3, 6, 7","r&b/soul, hip-hop, jazz, lofi, singersongwriter","PinkPantheress, Clairo, Chloe Moriondo, Alice Glass, Arlo Parks, Girlpool",★★★★,7/30/2023
digital,,Sparks,The Girl Is Crying In Her Latte,Island,5/30/2023,The Syndicate,Clean,"1, 2, 3, 9","art pop, synthpop","Gorillaz, Lana Del Rey, Björk, St. Vincent, FKA Twigs",★★★,7/30/2023
digital,,Stuck,Freak Frequency,Born Yesterday,5/30/2023,Terrorbird,9,"1, 3, 5, 11","Post-Punk, Art Punk, Post-Hardcore","Deeper, Ought, Drahla, Wombo, Sweeping Promises",★★★★,7/30/2023
digital,,Surprise Chef,Talent Stick [Single],Big Crown,5/30/2023,Big Crown,Clean,Single,"Jazz-Funk, Funk","Ebi Soda, BADBADNOTGOOD, David Axelrod, The Heliocentrics, Janko Nilovic, Mildlife",★★★★★,7/30/2023
digital,,Surprise Chef,Spiky Boi [Single},Big Crown,5/30/2023,three pin pr,Clean,Single,"Jazz-Funk, Funk","Ebi Soda, BADBADNOTGOOD, David Axelrod, The Heliocentrics, Janko Nilovic, Mildlife",★★★★★,7/30/2023
digital,,Temps,PARTY GATOR PURGATORY,Bella Union/PIAS,5/30/2023,Planetary,"3, 5, 10","1, 4, 7, 8, 9","Experimental Hip Hop, Abstract Hip Hop","Gorillaz, Quelle Chris, Open Mike Eagle, James Acaster, billy woods, Navy Blue",★★★★,7/30/2023
digital,,Thee Sacred Souls,Running Away [Single],Penrose / Daptone,5/30/2023,Co-Sign,Clean,Single,"Soul, Funk","Leon Bridges, Lee Fields, Durand Jones & The Indications, Curtis Harding, Black Pumas",★★★★,7/30/2023
digital,,Ben Folds,What Matters Most,New West,6/13/2023,The Syndicate,8,"3, 9, 2","Piano Rock, Chamber Pop, Singer-Songwriter","Guster, The Decemberists, They Might Be Giants, The Mountain Goats",★★★★,8/13
digital,,"Breathing Effect & Lionmilk, The",Cosmic Zoo [Single],Alpha Pup,6/13/2023,Alpha Pup,Clean,Single,"Alternative, R&B, Electronic","badbadnotgood, Free Nationals, Tame Impala, Hiatus Kaiyote",★★★★,8/13
digital,,Bully,Lucky For You,Sub Pop,6/13/2023,Shine On,1,"8, 2, 4, 5, 6, 10","Noise Indie Rock, Grunge-influence","Soccer Mommy, Snail Mail, Beabadoobee, Julia Jacklin, Waxahatchee, Samia, Diet Cig, Momma, Tacocat, Chastity Belt, The Breeders, Hop Along, Charly Bliss, Screaming Females, Dude York, Speedy Ortiz, Dream Wife, illuminati hotties, The Coathangers, Swearin'",★★★★★,8/13
digital,,Captain Planet,Sounds Like Home,Bastard Jazz,6/13/2023,Cosign,Clean,"3, 5, 6, 9","Brazilian disco, Latin funk, Jamaican dub, Middle Eastern psychedelia, American soul music","Khruangbin, Gilberto Gil, Ray Barretto, Curtis Mayfield, Mulatu Astatke, Gabor Szabo",★★★★★,8/13
digital,,Christine and the Queens,Redcar les adorables étoiles,Because Music,6/13/2023,Co-Sign,TBD,"A day in the water, To be honest, True love, Tears can be so soft","Synthpop, Ambient","Caroline Polachek, 070 Shake, MUNA, Charli XCX, Girl Ray, Yelle, Empress Of",★★★★,8/13
digital,,Decisive Pink,Ticket To Fame,Fire,6/13/2023,Shine On,TBD,"1,3,10","Synth-Pop, Indie, Prescient",Kelly Lee Owens and Kaitlyn Aurelia Smith,★★★,8/13
digital,,Demob Happy,Demob Happy,Self Released,6/13/2023,Shine On,Clean,"2, 10 & 1","Alt-Rock, Indie-Rock","Muse, Royal Blood, Queens of the Stone Age, AM-era Arctic Monkeys, Foo Fighters & Kasabian",★★★★,8/13
digital,,Dream Wife,Social Lubrication,Lucky Number,6/13/2023,Shine On,"6, 7","2, 3, 10","Riot Grrrl, Alt-rock, Neopunk","Yeah Yeah Yeahs, Wet Leg, Sheer Mag, Sleater-Kinney, Le Tigre, Amyl & The Sniffers, Blondie, Wolf Alice & The Strokes",★★★★,8/13
digital,,feeble little horse,Girl With Fish,Saddle Creek,6/13/2023,Terrorbird,"3*, 9*","1, 2, 3, 8, 9","Noise Pop, Slacker Rock","Momma, They Are Gutting a Body of Water, Foyer Red, Speedy Oritz",★★★★★,8/13
digital,,FELP,HELP,Bonsound,6/13/2023,Planetary,"9, 10","2, 5, 7, 11, 12","Experimental Hip-Hop, Indie Pop, R&B Electro-Jazz","Les Louanges, Cassowary, John Carroll Kirby, KNOWER, BADBADNOTGOOD",★★★★,8/13
digital,,Gotts Street Park,Got To Be Good [Single],Blue Flowers/PIAS,6/13/2023,Planetary,Clean,Single,"Soul, Jazz, Neo Soul","Erykah Badu, BADBADNOTGOOD, Khruangbin, The Internet, WHY?, Earl Sweatshirt, The Roots, MIKE",★★★★★,8/13
digital,,Infecting the Swarm,Pulsing Coalescence,Pulsing Coalescence,6/13/2023,Clawhammer,TBD,,"Brutal Death Metal, Technical Death Metal","Disentomb, Defeated Sanity, Euphoric Defilement",★★★,8/13
digital,,Inferion,Inequity,Horror Pain Gore Death Productions,6/13/2023,Clawhammer,TBD,,"Melodic Death Metal, Melodic Black Metal, ","Amon Amarth, At The Gates, Behemoth, Belphegor, Dark Funeral, Deicide, Dissection, Enslaved, Goatwhore, Immortal, Napalm Death, Vital Remains",★★★,8/13
digital,,Jenny Lewis,Joy'all,Glassnotes,6/13/2023,The Syndicate,Clean,"1, 3, 6, 7","Soft Rock, Country Pop","Rilo Kiley, Jenny And Johnny, Sharon Van Etten",★★★,8/13
digital,,Jess Williamson,Time Ain't Accidental,Mexican Summer,6/13/2023,Planetary,Clean,"1, 2, 3","Singer-Songwriter, Americana, Indie Folk, Contemporary Folk, Alt-Country, Indie Rock","Jenny Lewis, Sharon Van Etten, Phoebe Bridgers, Hayley Hendrickx, Hands Habits, Tomberlin",★★★,8/13
digital,,Jimmy Whispers,The Search For God,Carpark,6/13/2023,Terrorbird,"1*, 7*, 8*","2, 5, 6, 8","Synthpop, Indie Pop","Porches, The Drums, Jerry Paper, Molly Nilsson",★★★,8/13
digital,,Joudy,Destroy All Monsters,Trash Casual,6/13/2023,Pirate!,Clean,"3, 6, 3, 7","Hevy Rock, Psychedelic, Noise","Queens of the Stone Age, Cave In, Melvins, Nothing, Russian Circles, Poison Ruin",★★★★,8/13
digital,,L’Rain,New Year's UnResolution [Single],Mexican Summer,6/13/2023,Planetary,Clean,Single,"Neo-Psychedelia, Neo-Soul, Art Pop","SPELLLING, keiyaA, Jamilla Woods, Sudan Archives",★★★★★,8/13
digital,,Lanterns on the Lake,Versions of Us,Bella Union/PIAS,6/13/2023,Planetary,Clean,"1, 2, 4","Dream Pop, Chamber Pop, Indie Pop, Indie Rock","I Break Horses, The National, Marissa Nadler, Wye Oak, The Jezabels",★★★★★,8/13
digital,,"Last Dinner Party, The",Nothing Matters [Single],Island/Universal,6/13/2023,Planetary,Use Clean Edit,Single,"Indie Rock, Pop Rock, Indie Pop","Black Country, New Road, hemlocke springs, Indigo De Souza, Lucy Dacus, Florence + The Machine",★★★★,8/13
digital,,Martyn & Om Unit,AJ^6 [EP],Alpha Pup,6/13/2023,Alpha Pup,Clean,"1, 4","Bass, Dance, Electronic","Scuba, Zomby, Ital Tek",★★★★,8/13
digital,,Olivia Jean,Raving Ghost,Third Man,6/13/2023,Shine On,Clean,"1, 4, 5 & 7","Garage-Rock, Alt-Rock","Death Valley Girls, Shannon & The Clams, The Paranoyds, The Kills, La Luz, Deap Vally, Starcrawler & L.A. Witch",★★★★★,8/13
digital,,Oscar Lang,Everything Unspoken [Adv. Tracks],Dirty Hit,6/13/2023,Pirate!,Clean,,"Pop Rock, Ambient, Folk","Mac DeMarco, Current Joys, Tame Impala, Alex G, The Walters, Cavetown",★★★,8/13
digital,,Ratboys,It's Alive! [Single],Topshelf,6/13/2023,Terrorbird,clean,Single,"Indie Rock, Indie Pop, Pop Rock","Hippo Campus, Vampire Weekend, Cherry Glazerr",★★★★,8/13
digital,,Rose Rose,Eye to Eye [EP],Neville Street,6/13/2023,Shine On,TBD,"1,2,3","Indie Rock, Alt Pop, Funk, Disco","Washed Out, Phoenix",★★★★,8/13
digital,,RVG,Brain Worms,Fire     ,6/13/2023,Shine On,"8, 10","1, 2, 3, 7","Post-Punk, Indie, Australian","Rolling Blackouts Coastal Fever, The Horrors, Savages, Disq, King Krule, Iceage, The Go-Betweens, Deerhunter, Jehnny Beth, Protomartyr & The Clean",★★★★★,8/13
digital,,Shamir,Oversized Sweater [Single],Kill Rock Stars,6/13/2023,Terrorbird,use edit,Single,"Lo-Fi, Indie Rock, Indie Pop, Alternative R&B","Car seat Headrest, Clairo, Carly Rae Jepsen",★★★★,8/13
digital,,Slow Joy,Wild Flower,Mick,6/13/2023,The Syndicate,Clean,"2, 3, 5","Shoegaze, Emo, Alt Rock, Dream Pop ","Gleemer, Microwave, Arm's Length, Bouquet",★★★★,8/13
digital,,Somni,"Gravity (feat. quickly, quickly) [Single]",Friends of Friends,6/13/2023,Terrorbird,Clean,Single,"Lofi, Indie Pop, Synthpop",,★★★★,8/13
digital,,Sprints,"Adore, Adore, Adore [Single]",City Sland,6/13/2023,Terrorbird,Clean,Single,Garage Punk,"The Chats, Nots, SOFT PLAY, viagra boys",★★★★,8/13
digital,,SWIMM,Used To Saying Yes [Single],BLORR,6/13/2023,Planetary,Clean,Single,"Psych Pop, Indie Pop","Phoenix, Two Door Cinema Club, Tame Impala, Foals, My Morning Jacket",★★★★,8/13
digital,,Trailer Swift,Variant,Mint 400,6/13/2023,Pirate!,Clean,"2, 3, 5","Garage Rock, Post-Punk, Heavy, Prog Rock","Queens of the Stone Age, Mark Lanegan, Caspian, Hum",★★★,8/13
digital,,Ultra Q,My Guardian Angel,Royal Mountain Records,6/13/2023,Tiger Bomb,Clean,"1, 2, 3, 4, 6","Alternative Rock, Pop Punk, Surf Punk, Punk Rock","Narrow Head, Balance And Composure, Gleemer, Wavves",★★★★,8/13
digital,,"Wedding Present, The",24 Songs,HHBTM / Clue,6/13/2023,Tiger Bomb,Clean,"5, 10, 12, 20","Indie Rock, C86, Jangle Pop, Post-Punk, Noise Pop, Indie Pop","Teenage Fanclub, Orange Juice, Superchunk, The Go-Betweens",★★★,8/13
digital,,Wombo,Slab [EP],Slab [EP],6/13/2023,Terrorbird,clean,"1, 2, 3","Post-Punk, Art Punk, Indie Rock","PACKS, Mamalarky, Palm, Deeper",★★★★★,8/13
digital,,Youth Lagoon,Heaven Is a Junkyard,Fat Possum,6/13/2023,Planetary,2*,"2, 3, 4","Dream Pop, Bedroom Pop, Indie Pop, Psychedelic Pop, Indietronica, Art Pop","Arthur Russell, Kate Bush, Cate Le Bon, Perfume Genius, Elliott Smith, Scott Walker",★★★★★,8/13
digital,,Anya Baghina,Anya Baghina,Self Released,6/20/2023,Planetary,Clean,"3, 5, 7","Folk, Dream Pop, Noise Art Pop","Miya Folick, Angel Olsen, Alvvays, Mazzy Star, Laura Stevenson & The Cans, Mitski",★★★★,8/20
digital,,Bones and Jones,Love You,Bonsai,6/20/2023,Planetary,4*,"2, 4, 6, 10, 11",Blues Rock,"The Hives, Canned Heat, Cheap Trick, MJ Lenderman",★★★,8/20
digital,,Brittany Davis,So Fly [Single],Loosegroove,6/20/2023,The Orchard,TBD,Single,"Soul, Ambient, Disco","Betty Davis, Jarv Dee, Hannah Jadagu,",★★★,8/20
digital,,Capricorn,20HZ (Remixes) [EP],R&S Records,6/20/2023,Planetary,Clean,"1, 2, 3, 4","Italo-Disco, Boogie, Electronica, House","Andert Tysma, Marcos Lys, Vromm, Carl Cox",★★★,8/20
digital,,Chappell Roan,Red Wine Supernova [Single],Island/Universal,6/20/2023,Planetary,Use Clean Edit!,Single,"Alt-Pop, Indie Pop, Synthpop, Dance-Pop","Miya Folick, Samia, MUNA, The Aces, The Last Dinner Party",★★★,8/20
digital,,Corvair,Bound To Be,Paper Walls,6/20/2023,Tiger Bomb,10,"1, 3, 9","Indie Rock, Power Pop, Indie Pop","Eux Autres, Widowspeak, The Reds, Pinks and Purples, Deep Sea Diver",★★★,8/20
digital,,"Customers, The",Sweet Fatality,Big Bliss,6/20/2023,Planetary,Clean,"2, 3, 4, 6, 8","Alternative Rock, Power Pop, Punk Rock, Pop Rock, Indie Rock, Folk Rock","Soul Asylum, Wilco, Low Cut Connie, Buffalo Tom, Old 97's, The Replacements, Better Than Ezra",★★★,8/20
digital,,DJ Enki,Négatité [EP],Self Released,6/20/2023,Cosign,Clean,"2, 3, 5","Lo-fi, Downtempo","DJ Shadow, Emancipator, J Dilla, DJ Honda, RJD2, Portishead",★★★★,8/20
digital,,Django Django,Off Planet,Because Music,6/20/2023,Cosign,Clean,"2, 6, 11","Dance Pop, Bluesy Pop, Afrobeat Acid, Piano Rave","Hot Chip, Toro Y Moi, Jungle, Washed Out, Everything But The Girl",★★★★,8/20
digital,,Durry ,Who's Laughing Now [Single],Big Pip,6/20/2023,The Orchard / Thirty Tigers,TBD,Single,"Alt-Rock, Pop-Rock","Michigander, Jack Kays, Motherfolk,  Hot Mulligan",★★★,8/20
digital,,Eyes of Others,Eyes of Others,Heavenly / PIAS,6/20/2023,Planetary,2,"1, 5, 10","Indie Pop, Neo-Psychedelia, Progressive Pop, Power Pop","Peter, Bjorn, & John, Super Furry Animals, The Shins, Healing Potpourri, The Weepies",★★★,8/20
digital,,Fast Romantics,F*** Yourself [Single],Self Released,6/20/2023,Planetary,Use Clean Edit!,Single,"Indie Rock, Indie Pop","Bombay Bicycle Club, Nick Lowe, David Byrne, Said The Whale",★★★★,8/20
digital,,Feelds,Sweet Tooth [single],Self Released,6/20/2023,Terrorbird,Clean,Single,"indie pop, pop rock","hippo campus, wallows, dayglow, declan mckenna",★★★★,8/20
digital,,Frankie and the Witch Fingers,Mild Davis [Single],Greenway / RAS,6/20/2023,Tiger Bomb,Clean,Single,"Psychedelic Rock, Garage Rock, Krautrock, Heavy Psych","Dead Ghosts, Wine Lips, Ghost Woman, PAINT",★★★★,8/20
digital,,Gold Panda,"The Corner (Remix feat. Open Mike Eagle, Infinite Livez, & McKinley Dixon) [Single]",City Slang,6/20/2023,Tiger Bomb,Use Clean Edit!,Single,"Microhouse, IDM, Glitch Hop, Electronic, Wonky, Downtempo","Daniel Avery, Four Tet, Com Truise, Prefuse 73",★★★★,8/20
digital,,Hand Habits,Sugar the Bruise [EP],Fat Possum,6/20/2023,Planetary,Clean,"1, 4, 6","Singer-Songwriter, Indie Folk, Indie Pop","Julia Jacklin, Miya Folick, Sharon Van Etten, Big Thief, Lomelda",★★★★★,8/20
digital,,James Bishop,BODYBOUND [Advanced Tracks],KZZ Music,6/20/2023,Planetary,"8, 9","2, 3, 6","Alternative R&B, Art Pop, Future Garage, Dubstep, UK Bass, Electronic","James Blake, Perfume Genius, Björk, Lorde, Elliott Moss",★★★★★,8/20
digital,,Jorja Smith,Little Things [Single],FAMM,6/20/2023,The Orchard,Clean,Single,"RnB, Soul, Drumbeat UK","H.E.R, Sabrina Claudio, Snoh Aalegra, Kehlani",★★★★★,8/20
digital,,Keaton Henson,House Party,Play It Again Sam,6/20/2023,Planetary,"1, 3, 5, 8, 10","4, 7, 6","Indie Folk, Alt-Country, Folk Pop, Indie Pop","Sufjan Stevens, Phoebe Bridgers, Noah Gundersen, S. Carey",★★★★,8/20
digital,,Killer Mike,MICHAEL,Loma Vista / Concord,6/20/2023,Cosign,Use Clean Edit!,"7,13","Hip Hop, Rap","Run The Jewels, Young Thug, Big Boi, Big K.R.I.T.",★★★★★,8/20
digital,,La Sécurité,Stay Safe!,Mothland,6/20/2023,Terrorbird,9,"3, 5, 7, 8","Indie Rock, Post Punk","Sneaks, Ribbon Stage, Foyer Red, Modern Woman",★★★★,8/20
digital,,Miso Extra,Space Junk [Single],Transgressive/PIAS,6/20/2023,Planetary,Clean,Single,"Japanese Hip Hop, Neo-Soul, Alt-Pop, Alternative R&B, Indie Pop","Arlo Parks, Magdalena Bay, Clairo, Sigrid, Remi Wolf",★★★★★,8/20
digital,,NOBRO,LALA [Single],Dine Alone,6/20/2023,Planetary,Clean,Single,"Garage Punk, Punk Rock","Amyl & The Sniffers, Pkew Pkew Pkew, Screaming Females, be your own PET, Mannequin Pussy, PUP, Scowl, Surfbort",★★★★★,8/20
digital,,Pearl Earl,It's Dread,Green Witch,6/20/2023,Tiger Bomb,9*,"1, 2, 3, 9*","Psychedelic Rock, Neo-Psychedlia","Holy Wave, Being Dead, Acid Dad, Death Valley Girls",★★★★★,8/20
digital,,Pickle Darling,Laundromat,Father Daughter,6/20/2023,Terrorbird,Clean,"2, 3, 4, 10","Twee Pop, Indietronica","Porches, Hans Pucket, Field Medic, ghost orchard",★★★,8/20
digital,,Puma Blue,"O, The Blood! [Single]",Blue Flowers/PIAS,6/20/2023,Planetary,Clean,Single,"Alternative R&B, Hypnagogic Pop, Bedroom Pop, Downtempo","James Blake, King Krule, Amen Dunes, D’Angelo, Mount Kimble",★★★★★,8/20
digital,,Scrunchie,Scrunched,Candlepin,6/20/2023,Terrorbird,Clean,"1, 5, 6, 7","Shoegaze, Indie Rock","Tanukichan, feeble little horse, Ringo Deathstarr, My Bloody Valentine,",★★★,8/20
digital,,Sedona,Domino [single],Self Released,6/20/2023,Terrorbird,Clean,Single,"Indie Rock, Dream Pop, jangle pop","barrie, hannah jadagu, girlpuppy, haley blais",★★★★,8/20
digital,,SunYears,Come Fetch My Soul!,Yep Roc,6/20/2023,Planetary,Clean,"1, 4, 6","Folk, Rock","Peter Bjorn and John, Jess Williamson, Fruit Bats, Dr. Dog",★★★★,8/20
digital,,TAUK Moore,TAUK Moore,Self Released,6/20/2023,Planetary,Clean,"3, 4, 5, 6, 9","Jazz-Rock, Jazz Fusion, Post-Rock, Space Rock, Jam Band","Hiatus Kaiyote, Khruangbin, Ghost Funk Orchestra, Vulfpeck, No Doubt, 311 ",★★★★★,8/20
digital,,Wren Hinds,Restless Child [Single],Bella Union/PIAS,6/20/2023,Planetary,Clean,Single,"Indie Rock, Indie Pop, Art Rock","Death Cab for Cutie, Radical Face, Owen, Freelance Whales, Yoke Lore, Electric President, Blind Pilot",★★★★,8/20
Vinyl + Digital,,Algiers,Shook,Matador,6/20/2023,Beggars,"3, 8, 11, 15",,"Post-Punk, Post-Industrial, Political Hip-Hop","Preoccupations, Iceage, Model/Actriz",★★★★,8/20
CD,,Begonia,Powder Blue,Birthday Cake,6/20/2023,Vitriol,"2, 4, 5, 6, 10","2, 3, 4, 5, 6, 8, 11","Soul, Electro-pop, R&B, Funk","Janelle Monae, Lizzo, Wild Child, Solange",★★★★,8/20
CD + Digital,,Blair Gun,Blaspheme Queen,Enabler No 6 / Sonablast!,6/20/2023,Shine On,,,"Indie Rock, Garage Rock","PUP, Jeff Rosenstock, Wavves, King Gizzard & the Lizard Wizard, Yak",★★★★,8/20
CD + Digital,,1st Base Runner,Stay Gold [EP],Self-Released,6/20/2023,Shine On,Clean,"2, 3, 4","Dark Wave, Shoegaze, Synthwave","Artic Monkeys, The Smile, The xx, Interpol, The Cure",★★★,8/20
Vinyl + Digital,,Dry Cleaning,Stumpwork,4AD,6/20/2023,Beggars,"1, 2, 5, 7*","3, 8, 7*","Post-Punk, Indie Rock, Spoken Word, Jangle Pop, Art Punk","Do Nothing, Goat Girl, Squid, Yard Act, Crack Cloud",★★★★★,8/20
Vinyl,,Coil,Musick to Play in the Dark² [Remaster],Dais,6/20/2023,,Clean,"1, 3, 6","Electronic, Experimental, Post-Industrial, Dark Ambient, Spoken Word, Berlin School, Glitch","Coil, Vatican Shadow, Psychic TV, Blanck Mass",★★★,8/20
Vinyl,,Elkhorn,Distances,Feeding Tube,6/20/2023,,,,"Psychedelic Rock, American Primitivism, Jam Band","Minami Deutsch, Bitchin Bajas, Rich Ruth, Jeffrey Silverstein",★★★,8/20
CD + Digital,,Frankie Rose,Love As Projection,Slumberland,6/20/2023,,TBD,"1, 2, 6","Dream Pop, Indie Pop, Synthpop, Ethereal Wave, Indie Rock, New Wave","Vivian Girls, No Joy, La Sera, Lower Dens",★★★★,8/20
CD,,Grant Swift,Transformation,Self Released,6/20/2023,Shine On,Clean,"1, 2, 4","Indie Pop, Indie Folk, Singer-Songwriter, Baroque Pop","Jeff Buckley, Tame Impala, Alex Turner, Flaming Lips, Father John Misty, Beck, of Montreal, Andrew Bird",★★★,8/20
CD,,GUNNAR,Best Mistake,Self Released,6/20/2023,Shine On,4,"1, 2, 3, 7","Alt-Rock, Country Rock","The Black Keys, Greta Van Fleet, Kings of Leon, Rival Sons",★★★,8/20
CD + Digital,,JFDR,Museum,Houndstooth,6/20/2023,Shine On,Clean,"1, 2, 3","Experimental, Singer-Songwriter, Ethereal, Mario Water Level-esque","Beach House, Weyes Blood, Bat for Lashes, Lower Dens, SASAMI",★★★★,8/20
Vinyl + Digital,,Jockstrap,I Love You Jennifer B,Rough Trade,6/20/2023,,"6, 7, 10","1, 3, 5, 8","Glitch Pop, Art Pop, Progressive Pop, Indietronica, Bitpop, Modern Classical","Injury Reserve, Body Meat, caroline, death's dynamic shroud",★★★★★,8/20
CD,,Keeper Is the Heart,Nighttime,Ba Da Bing,6/20/2023,,Clean,"2, 3, 5","Singer-Songwriter, Psychedelic Folk, Indie Folk","The Lost Days, Kate Davis, Andy Shauf, Cate Le Bon",★★★★,8/20
CD + Digital,,Kelela,Raven,Warp Records,6/20/2023,Terrorbird,"8, 9, 12","2, 3, 7, 10","Alternative R&B, Electronic, Breakbeat, UK Bass, Ambient","FKA Twigs, Solange, Ravyn Lenae, Eartheater, Kilo Kish",★★★★★,8/20
Vinyl,,Kitchen's Floor,None Of That,Self Released,6/20/2023,,,,"Noise Rock, Garage Punk, Post-Punk","The Drin, Terry, cutters, Public Body, CLAMM",★★★★★,8/20
CD,,La Faute,Blue Girl Nice Day,Self Released,6/20/2023,Shine On,Clean,"1, 2, 4","Singer-Songwriter, Alt-Pop","Weyes Blood, Julia Jacklin, Portishead",★★★,8/20
Vinyl,,Lori Goldston & Greg Kelley,All Points Leaning In,Broken Clover,6/20/2023,,TBD,,"Free Improvisation, Modern Classical, Drone","Joe Panzner, Fred Frith, Loren Conners",★★★,8/20
CD + Digital,,Mary Anne's Polar Rig,Makes You Wonder,Rama Lama,6/20/2023,Terrorbird,"7, 8","1, 2, 4, 9","Indie Pop, Noise Pop, Art Rock","Bully, Palberta, Speedy Ortiz, Deerhoof",★★★,8/20
CD,,"Pretty Flowers, The",A Company Sleeve [Advanced Tracks],Double Helix,6/20/2023,Shine On,Clean,"2, 3, 4, 7, 11","Indie Rock, Surf Rock, Power Pop, Indie Pop","Kiwi Jr., 2nd Grade, Japandroids, Jeff Rosenstock, PUP",★★★★,8/20
CD,,Nick & June,"Beach Baby, Baby [EP]",Monty People,6/20/2023,Shine On,Clean,"3, 4, 6","Indie Folk, Folk Pop, Singer-Songwriter","Bon Iver, Damien Rice, Bright Eyes, Wild Nothing, DIIV",★★★★,8/20
CD,,Rasmus Birk,Cult of Rasmus,Black Cottage,6/20/2023,Shine On,Clean,"3, 5, 8","Experimental, Indie Rock, Psychedelic Rock, Post-Rock, Shoegaze","Applesauce Tears, Avalanches, Flaming Lips, Boards Of Canada, Black Moth Super Rainbow, Eno",★★★★★,8/20
Vinyl,,Rider/Horse,Feed 'Em Salt,Ever/Never,6/20/2023,,TBD,,"Industrial Rock, Noise, Experimental, Post-Industrial","Deeper, Daughters, Smirk",★★★★,8/20
CD,,Zoe Sky Jordan,Selfish,Self Released,6/20/2023,Shine On,Clean,"1, 2, 4, 5","Indie Pop, Indie Folk, Singer-Songwriter","Kacey Musgraves, Lana Del Ray, MUNA, Claud, The Japanese House",★★★,8/20
CD + Digital,,Shalom,Sublimation,Saddle Creek,6/20/2023,Terrorbird,"2*, 4*","1, 2, 5, 10","Indie Pop, Alt-Pop, Indie Rock","Miss Grit, Foyer Red, Superviolet, Indigo De Souza, WILLOW",★★★★,8/20
CD + Digital,,Spaceport,Window Seat,Aura Vortex,6/20/2023,Terrorbird,Clean,"2, 5, 9","Sunshine Pop, Indie Rock, Bedroom Pop","Hand Habits, Vero, Speedy Ortiz, Veps",★★★,8/20
CD + Digital,,Tanukichan,GIZMO,Carpark,6/20/2023,Terrorbird,4*,"2, 5, 7, 9","Dream Pop, Shoegaze, Indie Rock","Toro Y Moi, Lala Lala, Ringo Deathstarr, SPIRIT OF THE BEEHIVE",★★★★★,8/20
digital,,King Krule ,Space Heavy,Matador,6/20/2023,Beggars,TBD,"1, 3, 10, 14","Alt-Indie, Bluewave, Jazz Fusion, Post-punk","Archie Marshall :), Puma Blue, HOMESHAKE, Blood Orange, Cosmo Pyke, Toro y Moi",★★★★★,8/27
digital,,Spoon ,Memory Dust [EP],Matador,6/20/2023,Beggars,TBD,1,"Indie Rock, Classic Rock and Roll, Alternative","The New Pornographers, Modest Mouse, Wolf Parade, TV on the Radio",★★★★,8/27
digital,,This is The Kit,Careful of Your Keepers,Rough Trade,6/20/2023,Beggars,TBD,"2, 4","Alternative, Folk Rock, Singer-Songwriter","Alela Diane, Laura Veirs, Marlee Sioux",★★★★,8/27
digital,,Albert Hammond Jr,Melodies On Hiatus,Red Bull,6/27/2023,Pirate!,Use Clean Edits,"3, 7, 11, 17, 5, 14, 12, 9","Indie Rock, Indie Pop, Post-Punk Revival, Garage Rock Revival, New Wave","The Strokes, Vampire Weekend, Franz Ferdinand, The Fratellis, Portugal The Man, Spoon",★★★,8/27
digital,,Angelo De Augustine,Toil and Trouble,Asthmatic Kitty,6/27/2023,Tiger Bomb,Clean,"2, 3, 7, 12","Indie Folk, Singer-Songwriter","Sufjan Stevens, Hand Habits, Julia Jacklin",★★★★★,8/27
digital,,Bebel Gilberto,Adeus America [Single],PIAS,6/27/2023,Planetary,Clean,Single,"Brazilian, Bossa nova, Lounge, MPB, Downtempo","oão Gilberto, Astrud Gilberto, Cate Le Bon, Rosa Passos, Bedouine",★★★★,8/27
digital,,Binki,Antennae [EP],Fader,6/27/2023,Terrorbird,1,"2, 3, 6",indie pop,"Gus Dapperton, Inner Wave, Pretty Boy Aaron, Paris Texas, Yves Tumor",★★★,8/27
digital,,Cable Ties,Cable Ties,All Her Plans (Merge),6/27/2023,Tiger Bomb,"5, 7","2, 3, 6, 8","punk, garage, post-punk","Amyl and the Sniffers, Sleater-Kinney, Screaming Females, Priests, CIVIC",★★★★,8/27
digital,,Charly Bliss,You Don't Even Know Me Anymore [single],barsuck,6/27/2023,Terrorbird,Use Clean Edits,single,"Indie Rock, Noise Pop, Power Pop, Alternative Rock, Electropop","Beach Bunny, Sky Ferriera, Carly Rae Jepsen",★★★,8/27
digital,,Creep Show & John Grant,Yawning Abyss,Bella Union/PIAS,6/27/2023,Planetary,"2, 4, 5","1, 3, 7","Electronic, Electro-industrial, Synth Funk","eter Gabriel, Gorillaz, LCD Soundsystem, Hot Chip, Hercules & Love Affair",★★★★,8/27
digital,,Film School,Field [Advanced Tracks],Felte,6/27/2023,Tiger Bomb,,Singles,"shoegaze, noise pop, indie rock","Reizoko, Sacred Caves, Technicolor",★★★★,8/27
digital,,Geese,3D Country,Partisan,6/27/2023,Cosign,Use Clean Edit,"2,3,4,8","Post-Punk, Indie Rock, Art Punk","Jack White, Spoon, Talking Heads, Parquet Courts, Television, The Strokes",★★★★★,8/27
digital,,Islands,Life's a Joke [single],elf,6/27/2023,Terrorbird,Use Clean Edits,single,"Indie Pop, Indie Rock","The Magnetic Fields, Vampire Weekend, of Montreal",★★★,8/27
digital,,Jack River,Endless Summer,Nettwerk,6/27/2023,Planetary,4,"3, 1, 7, 8","Psychedelic Soul, Neo-Psychedelia, Chillwave","Sky Ferreira, Hatchie, Lorde, Charli XCX, Alex The Astronaut, G Flip",★★★,8/27
digital,,Joanna Sternberg,I've Got Me,Fat Possum,6/27/2023,Planetary,Clean,"1, 3, 5, 7","Singer-Songwriter, Folk, Ballad","Joanna Newsom, Connor Oberst, Daniel Johnston, Elliott Smith, Hand Habits",★★★★,8/27
digital,,Kedr Livanskiy,K-Notes [EP],2MR,6/27/2023,Terrorbird,Clean,"1, 2","Hypnagogic Pop, Outsider House, Minimal Wave, House, Minimal Synth","Sassy 009, Jessy Lanza, Smerz, Shygirl",★★★★,8/27
digital,,"Love Buzz, The",Sing! Sing! [Single],FIFA Records,6/27/2023,Planetary,Clean,Single,"Indie Rock, Alternative","White Reaper, FIDLAR, The Hives, PUP, Liily",★★★★,8/27
digital,,M.A.G.S.,Destroyer [single],Smartpunk,6/27/2023,Pirate!,Use Clean Edits,single,"Indie Rock, Noise","Bartees Strange, Bloc Party, Dehd, The Rare Occasions, Cloud Nothings, The Happy Fits",★★★★,8/27
digital,,Militarie Gun,Life Under The Gun,Loma Vista/Concord,6/27/2023,The Syndicate,"4, 5, 8","1, 2, 3, 12","Post-Hardcore, Alternative Rock, Indie Rock","Drug Church, Hiding Place, Modern Color, Moving On",★★★,8/27
digital,,Nat Myers,Yellow Peril,Easy Eye Sound / Concord,6/27/2023,Cosign,Clean,"1, 3, 10","Bluegrass, Folk Blues, Americana, Troubador","G. Love & The Special Sauce, Ben Harper, The Arcs, Dom Flemons",★★★★,8/27
digital,,Niia,Bobby Deerfield,Self-Released,6/27/2023,Planetary,Use Clean Edits,"2, 8, 3","Alternative R&B, Smooth Soul, Contemporary R&B","Hiatus Kaiyote, Solange, How to Dress Well, SZA, Blood Orange, Caroline Polachek, Kindness, Emily King, Nao",★★★★,8/27
digital,,Pardoner,Peace Loving People,Bar/None,6/27/2023,Tiger Bomb,3,"6, 8, 9, 11, 14","90s, Alternative, Rock, College Radio, hardcore, indie rock, post-punk, punk, slacker rock","Stuck, Strange Ranger, Parquet Courts, Hotline TNT",★★★★,8/27
digital,,Peggy Gou,(It Goes Like) Nanana [Single],XL Recordings,6/27/2023,Beggars,Clean,Single,"Electronica, House, Dancefloor","Charli XCX, OHHYUK, Against All Loguc, Channel Tres, ",★★★★,8/27
digital,,Queens of the Stone Age,In Times New Roman,Matador,6/27/2023,Beggars,"1, 4, 5, 7, 9, 10 (Clean Edits Available)","2, 9","Classic Rock, Rock and Roll","Wolfmother, Soundgarden",★★★,8/27
digital,,Secret Night Gang,Belongs On A Place Called Earth,Brownswood,6/27/2023,Cosign,Clean,"2, 5, 6, 8, 9","Soul, Funk, Jazz, ","Adi Oasis, Brian Jackson, Jordan Rakei, Butcher Brown, Bilal",★★★★★,8/27
digital,,Slowdive,kisses [Single],Dead Oceans,6/27/2023,Tiger Bomb,,Single,"Dream pop, shoegaze, ambient pop","Mojave 3, Monster Movie, The Pumpkin Fairies",★★★★,8/27
digital,,"Smile, The",Bending Hectic [Single,XL Recordings,6/27/2023,Beggars,Clean,Single,"Alternative/Indie, Art Rock, AltN-Jazz Slow, Ambient","Radiohead, Thom Yorke, Atoms For Peace, Sons of Kemet",★★★★,8/27
digital,,Telemarket,Ad Nauseam [Advanced Tracks],Cloud/Science Project,6/27/2023,Tiger Bomb,,Singles,"Alternative, garage, indie, punk, slacker rock","Annique Monet, Grace Vanderkuhn, Suchus",★★★,8/27
digital,,Texas,The Very Best of 1989 - 2023,PIAS,6/27/2023,Planetary,Clean,"8, 22, 1, 3, 7","Pop Rock, Pop, Pop Soul, Blue-Eyed Soul, Dance-Pop","The Cranberries, The Pretenders, Annie Lennox, Everything But The Girl, The Jezabels, Hatchie",★★★★,8/27
digital,,Wye Oak,Every Day Like The Last,Merge,6/27/2023,Cosign,Clean,"1-5, 9","Indie Folk, Alternative/Indie","Flock of Dimes, Widowspeak, Warpaint, Perfume Genius, Land of Talk",★★★★,8/27
digital,,Yellow Pills,Pyscho Neon Ballroom,Mint 400,6/27/2023,Pirate!,clean,"14, 10, 6, 7, 3, 18","Multi-genre, surf soul, Jazz, alternative, instrumental","Combustible Edison, Lettuce, The Limbos, Gogol Bordello, The Royal Arctic Institute",★★★,8/27
digital,,12 Rods,If We Stayed Alive,American Dreams,7/11/2023,Terrorbird,3*,"2, 3, 4, 7","Indie rock, Power Pop, Alt Rock","Swirlies, Polvo, Unwound",★★★★,9/11
digital,,A Beacon School,Potion b/w Jon [Single],Grind Select,7/11/2023,Planetary,Clean,Singles,"Dream Pop, Chillwave, Indie Pop, Jangle Pop, Math Pop, Shoegaze","Men I Trust, Launder, The Drums, MUNYA, Mew",★★★★,9/11
digital,,Annie Taylor,Inner Smile,Taxi Gauche,7/11/2023,Terrorbird,"2, 9","4, 6, 7","Indie Rock, Slacker Rock","L.A. Witch, Bully, Death Valley Girls, Kiwi Jr",★★★,9/11
digital,,ANOHNI and the Johnsons,My Back Was A Bridge For You To Cross,Secretly Canadian,7/11/2023,Secretly,4,"1, 9","Singer-Songwriter, Soul, Chamber Pop, Art Pop","Sufjan Stevens, Arcade Fire, Rufus Wainwright",★★★★,9/11
digital,,"Armed, The",Sport of Form [Single],Sargent House,7/11/2023,Pirate!,Clean,Single,"Punk, Destroy, Hardcore","Chat Pile. Genghis Tron, Daughters, The Stools",★★★★,9/11
digital,,Becca Mancari,Don't Even Worry [single],Captured Tracks,7/11/2023,Terrorbird,Clean,Single,indie pop,"Andy Shauf, Julien Baker, Lucy Dacus, Katy Kirby",★★★★,9/11
digital,,Brigid Mae Power,Dream From The Deep Well,Fire,7/11/2023,Shine On,TBD,"2, 5, 8","Folk, Dream Pop","Julia Jacklin, Angel Olsen",★★★★,9/11
digital,,Buck Meek,Paradise [Single],4AD,7/11/2023,Beggars,Clean,Single,"Singer-Songwriter, Indie Folk","Big Thief, Adrianne Lenker, Lomelda, Twain, Christian Lee Hutson, Hayley Heynderickx, Hand Habits",★★★★,9/11
digital,,Crystal Fighters,Manifest [Single],Play It Again Sam,7/11/2023,Planetary,Clean,Single,"Indietronica, Indie Pop, Electropop, Dance-Pop, Folktronica, New Rave","Peter Bjorn and John, The Wombats, Whitmer Thomas, Circa Waves, Andrew Bird",★★★★,9/11
digital,,DAIISTAR,Star Starter [Single],Fuzz Club,7/11/2023,Tiger Bomb,Clean,Single,"Noise Pop, Alt-Indie","PACKS, Tanukichan, A Place To Bury Strangers",★★★★,9/11
digital,,David Backshell,Turn Up The Dark,Self-Released,7/11/2023,Planetary,Clean,"1, 2, 5, 6","Indie Folk, Singer-Songwriter, Folk Rock, Indie Rock, Contemporary Folk, Slacker Rock","The Mountain Goats, Okkervil River/Will Sheff, The Decemberists, The Format, Bright Eyes",★★★,9/11
digital,,Do Nothing,Snake Sideways,Exact Truth/The Orchard,7/11/2023,Planetary,7,"1, 2, 8, 9","Post-Punk Revival, Art Rock, Funk Rock","Yard Act, Squid, The Fall, The Murder Capital, Courting, Nick Cave",★★★★★,9/11
digital,,Ethan P. Flynn,Abandon All Hope [Single],young,7/11/2023,Beggars,Clean,Single,"Alternative/Indie, Alt, Folk-Electronic, Folk, Psychedelic","Black Country, New Road, Kurt Vile, The Drums, Pinegrove",★★★★,9/11
digital,,Fieh,Supergud [Single],Jansen,7/11/2023,Planetary,Use Clean Edit,Single,"Neo-Soul, Jazz Pop, Soul Jazz","Hiatus Kaiyote, Rubblebucket, Unknown Mortal Orchestra, Khraungbin, Vulfpeck, The Internet, Thundercat",★★★★,9/11
digital,,Georgia Gets By,Easier to Run [Single],Luminelle,7/11/2023,Planetary,Clean,Single,"Synthpop, Alt-Pop, Electropop, Slacker Rock","BROODS, Lucy Dacus, PACKS, Hatchie, Winter, boygenius",★★★★,9/11
digital,,GROUPLOVE,I Want it All Right Now,Glassnote,7/11/2023,Pirate!,11,"4, 9, 2, 10, 7","Indie Rock, Indie Pop, Indietronica, Pop Rock, Electropop","Young The Giant, Foster The People, Cold War Kids, Vampire Weekend, Manchester Orchestra",★★★★,9/11
digital,,Grrrl Gang,Rude Awakening [Single],Kill Rock Stars,7/11/2023,Planetary,Clean,Single,"Indie Pop, Twee Pop","White Lung, Mannequin Pussy, Screaming Females, ShitKid, Bikini Kill",★★★★★,9/11
digital,,Hazelrigg Brothers,SYNCHRONICITY: An interpretation of the album by THE POLICE,Outer Marker Records,7/11/2023,Jukebox,Clean,"1, 5, 6, 8","Jazz, Jazz Rock","The Police, John Scofield, Cyrus Chestnut",★★★,9/11
digital,,Jon Wiilde,High More Often [EP],My 3 Dads,7/11/2023,The Syndicate,"1, 3","1, 2, 4, 6","Alternative, chill, Groovy, Psychedelic","Richard in Your Mind, Jeremy Mage & The Magi, Luni Li, Tex Crick",★★★★,9/11
digital,,Julie Byrne,The Greater Wings,Ghostly International,7/11/2023,Tiger Bomb/Secretly,Clean,"1, 3, 4","Singer-Songwriter, Chamber Folk, Indie Folk, Contemporary Folk, Psychedelic Folk, Ambient Pop","Weyes Blood, Jenny Hval, Tomberlin, Gia Margaret, Heather Woods Broderick",★★★★,9/11
digital,,Ladytron,Destroy Everything You Touch (Space Motion Remix) [Single],Self-Released,7/11/2023,Planetary,Clean,Single,"New Rave, Darkwave, Synthpop, Electropop, Electroclash, Dream Pop","CHVRCHES, The Knife, Goldfrapp, Purity Ring",★★★★,9/11
digital,,Lifeguard,Crowd Can Talk / Dressed in Trenches [Double EP],Matador,7/11/2023,Beggars,TBD,"1, 2, 4 /","Punk, Alt-Punk, Noise, Indie, DIY","Horsegirl, Water From Your Eyes, Iceage, Stuck, Friko",★★★★★,9/11
digital,,Lija Fonner,Small Talk,Self-Released,7/11/2023,Pirate!,Clean,"7, 2, 3, 4","Alternative pop, Americana roots, bedroom pop, girl group","Waxahatchee, Julia Jacklin, Frances Quinlan, Big Thief, Margaret Glaspy, Jess Williamson",★★★,9/11
digital,,Little Dragon,Slugs of Love,Ninja Tune,7/11/2023,Cosign,Use Clean Edits,"2, 4, 6, 7, 8, 10","R&B, Electronic, Soul Pop","lood Orange, Kelela, Sylvan Esso, Caribou, Gorillaz, JID :)",★★★★,9/11
digital,,Low Praise,DRESSING,Medium Friends,7/11/2023,Jukebox,Clean,"1, 3, 5","Post Punk, Pop Punk","Washer, Gen, Pale Blue Eyes, common goldfish",★★★★,9/11
digital,,LP,One Like You [Single],BMG,7/11/2023,Planetary,Clean,Single,"Pop Rock, Singer-Songwriter, Indie Pop, Rock","Tegan and Sara, Mattiel, Arctic Monkeys, The Kills, Alexandra Savior, Deap Vally",★★★,9/11
digital,,"Maggie Pills, The",Hope Is a Risk,Vida Nada,7/11/2023,Planetary,4,"1, 3, 5, 10, 12","Punk Rock, Noise Rock, Post-Punk","White Lung, Empath, The Distillers, Screaming Females, LA Witch, Be Your Own Pet",★★★★,9/11
digital,,MELONYX,Soul Glow,Tru Thoughts,7/11/2023,Cosign,Use Clean Edits,"4, 5, 9, 6, 2","R&B, Funk, Neo Soul, Hip Hop","Erykah Badu, Yazmin Lacey, Jazmine Sullivan, Floetry, Kokoroko",★★★★,9/11
digital,,MUNYA,Hello Hi b/w Un Deux Trois [Singles],Luminelle,7/11/2023,Planetary,Clean,Singles,"Dream Pop, Indie Pop, Bedroom Pop, Synthpop, Psychedelic Pop, Neo-Psychedelia","Hana Vu, Melody’s Echo Chamber, Anemone, Men I Trust, Stereolab",★★★★★,9/11
digital,,Orions Belte,Jai Alai [Single],Jansen,7/11/2023,Planetary,Clean,Single,"Psychedelic Rock, Neo-Psychedelia","Babe Rainbow, Melody’s Echo Chamber, Toro Y Moi, Unknown Mortal Orchestra, The Lazy Eyes",★★★★★,9/11
digital,,Petey,I'll Wait [Single],Capitol,7/11/2023,The Syndicate,Clean,Single,"Indie Rock, Midwest Emo","Alexei Shishkin, The Rallies, Pinksqueeze, The Prize, Tony Molina",★★★★,9/11
digital,,PJ Harvey,I Inside The Old Year Dying,Partisan,7/11/2023,Cosign,TBD,"3, 4, 6, 8, 9","Singer Songwriter. Indie Rock, ","Cat Power, Beth Orton, Bat For Lashes, Kate Bush, Patti Smith, Fiona Apple, Jenny Hval",★★★,9/11
digital,,POOL,Pool Kids // POOL [EP],Skeletal Lightning,7/11/2023,Tiger Bomb,"2, 5, 6","1, 3","Emo, Metalcore, Alt-Pop, Midwest Emo, Emo-Pop","Judiciary, Power Trip, Drain",★★★★,9/11
digital,,Pynch,Howling at a Conrete Moon,Chillburn,7/11/2023,Shine On,"4, 6, 7 (Use Clean Edits)","1, 4, 9","Indie Rock, Electronic, UK","Beach Fossils, Yard Act, Youth Lagoon, Island of Love, Pulp, Pavement, Personal Trainer, Hot Chip, CYMBALS, Lemon Twigs & Unknown Mortal Orchestra,",★★★,9/11
digital,,Quantic,Run (feat. Andreya Triana) [Single],Play It Again Sam,7/11/2023,Planetary,Clean,Single,"Nu Jazz, Latin Jazz, Latin Funk, Downtempo, Broken Beat, Digital Cumbia","Jamilia Woods, Xenia Rubinos, Nightmares on Wax, Son Little, Lady Wray",★★★★★,9/11
digital,,Rannoch,Conflagrations,Willowtip,7/11/2023,Clawhammer,TBD,"1, 2, 7","Progressive Metal, Death Metal, ","Carnosus, Blindfolded and Led to the Woods, Hands of Despair",★★★,9/11
digital,,Sampha,Spirit 2.0 [Single],young,7/11/2023,Beggars,Use Clean Edits,Single,"R&B, Indie, Soul","Moses Sumney, SBTRKT, James Blacke, Lil Silva, Yaeji :)",★★★★★,9/11
digital,,Slow Pulp,Slugs [Advanced Tracks],Anti-,7/11/2023,Pirate!,Clean,,"Rock, Bedroom pop, indie, lo-fi, psychedelic","Momma, Soccer Mommy, Alex G, Wednesday, Snail Mail, Mamalarky",★★★★★,9/11
digital,,Steeltown Horns,5 Years of Funk,Alley Time,7/11/2023,Planetary,Clean,"2, 3, 5","Funk, Jazz-Funk, Pop Soul, Jazz Pop, Soul","Vulfpeck, Five Fingers of Funk, The Roots, Dumpstaphunk, Trombone Shorty, BadBadNot Good, Prservation Hall Jazz Band",★★★★★,9/11
digital,,Sweeping Promises,Good Living Is Coming For You,Sub Pop,7/11/2023,Terrorbird,Clean,"1, 3, 6, 10","Art Punk, New Wave","Wombo, Sneaks, Gustaf, Deeper, feeble little horse",★★★★,9/11
digital,,Tainted Tazz,The Commencement [EP],R&S,7/11/2023,Planetary,Use Clean Edits,"1*, 3*","East Coast Hip Hop, Trap, Pop Rap, Alternative R&B, Emo Rap, Contemporary R&B","Rico Nasty, Princess Nokia, Flo Milli, Kari Faux, Tierra Whack",★★★★★,9/11
digital,,Tiberius,Fish in a Pond,Self-Released,7/11/2023,Planetary,"4*, 6*","2, 4*, 6*","Indie Rock, Alt-Country, Slacker Rock","MJ Lenderman, Pinegrove, Car Seat Headrest, Field Medic, Greg Freeman",★★★,9/11
digital,,Tiny Ruins,Ceremony,Ba Da Bing,7/11/2023,Jukebox,Clean,"1, 5, 6, 11","Indie Folk, Indie Pop, Singer-Songwriter, Contemporary Folk","Neil Young, Madison Cunningham, Laura Marling",★★★★★,9/11
digital,,tofusmell,Humor [EP],Hardly Art,7/11/2023,Pirate!,Clean,"3, 2, 4, 1","alternative, acoustic, alt-folk, indie rock, indie folk","Elliott Smith, Andy Shauf, Whitney, Yves Jarvis, Charlie Hickey",★★★★,9/11
digital,,Velvet Vaughan,Magic Baby,Shag City,7/11/2023,Shine On,TBD,"2, 7, 8 & 3","Singer Songwriter, Alt-Country","Weyes Blood, Jenny Lewis, Waxahatchee, Tristen, Wednesday, Katy Kirby, Lomelda & Julia Jacklin",★★★,9/11
digital,,ZIAH,Drive WIth You [Single],Self-Released,7/11/2023,Planetary,Clean,Single,"Pop, Dance-Pop, Nu-Disco, Contemporary R&B","Dua Lipa, Tove Lo, Charli XCX, Beks, Rina Sawayama",★★★,9/11
CD,,ALL HANDS_MAKE LIGHT,"""Darling the Dawn""",Constellation,7/11/2023,N/A,2,"1, 3, 5","Drone, Post-Rock, Electronic, Electroacoustic, Ambient Pop, Neo-Psychedelia",,★★★,9/11
CD,,Bruce Licher,Tape Excavation,IPR,7/11/2023,A Man A Plan A Canal,Clean,"10, 13, 17, 18, 19, 22","Post Rock, Ambient, Noise, Industrial, Musique Concrète, Post-Punk, Shoegaze","Savage Republic, Lanterna, Six Organs of Admittance",★★★,9/11
Vinyl,,Crime of Passing,Crime of Passing,Feel It,7/11/2023,N/A,TBD,,"Post-Punk, Indie Rock","Sweeping Promises, Green/Blue, Spread Joy, Motorbike, Morgana",★★★★,9/11
Vinyl,,Dreckig,Digital Exposure,Broken Clover,7/11/2023,N/A,TBD,"4, 5, 8","Experimental Electronica, Latin, Dance-Pop","Sávila, RIBBON STAGE, Patio, Dummy",★★★,9/11
CD + Digital,,Hello Mary,Hello Mary,Frenchkiss,7/11/2023,Shine On,Clean,"10, 9, 8, 3, 1",Indie Rock,"Soccer Mommy, Snail Mail, Why Bonnie, Diet Cig, Bully",★★★★,9/11
Vinyl,,Jane Doe Ensemble,The Corruption of What Cheer?,Self-Released,7/11/2023,N/A,TBD,"3, 4, 11","No wave, post-punk, punk","Cat Apostrophe, Creek and Kills, Mick Kelly",★★★★,9/11
CD,,Joshua Powell,Skeleton Party,Romanus ,7/11/2023,N/A,"2, 4, 5","1, 3, 7","Celebration Rock, Art Rock, Astral, Indie Rock, Prog Rock, Psychedelic Pop, Surf Pop","Fang Island, Thee Oh Sees, Pink Floyd, Bon Iver, Broken Social Scene",★★★★,9/11
Vinyl,,Joywave,Half Your Age [Single],Cultco,7/11/2023,N/A,Clean,sinlge,"Indie Rock, Indietronica, Indie Pop, Alternative Dance, Alternative Rock, Post-Punk Revival",,★★★★,9/11
CD,,"Lost Days, The",In The Store,Speakeasy Studios SF,7/11/2023,Shine On,Clean,"1, 3, 6, 9","Indie Folk, Power Pop, Jangle Pop, Neo-Psychedelia, Psychedelic Folk","Mazzy Star, Julia Jacklin, MJ Lenderman, Angel Olsen",★★★★★,9/11
Vinyl,,Man-Eaters,Twelve More Observations on Healthy Living,Feel It,7/11/2023,N/A,TBD,,"70s Rock, Punk, Hardcore, Metal, Protopunk","Sweeping Promises, Spread Joy, Smrik, ENVISION, Melissa",★★★★,9/11
CD + Digital,,Matt Holubowski,Like Flowers On A Molten Lawn,Audiogram,7/11/2023,A Man A Plan A Canal,Clean,"1, 3, 4, 5, 7","Indie Folk, Folk Rock, Singer-Songwriter","The Paper Kites, The Franklin Electric, Foxwarren",★★★★,9/11
CD,,Micah P. Hinson,I Lie to You,Ponderosa,7/11/2023,Shine On,Clean,"1, 2, 3, 6","Folk Rock, Americana, Singer-Songwriter","Iron & Wine, Bonnie Prince Billy, Bill Callahan",★★★,9/11
CD,,Novelty Island,Wallsend Weekend Television,Think Like A Key,7/11/2023,Shine On,Clean,"3, 4, 6, 7","Psychedelic Pop, Psychedelic Rock, Alternative Rock","Good Morning, Lemon Twigs, Noel Gallagher's High Flying Birds, Big Star",★★★★★,9/11
CD,,Oozing Wound,We Cater To Cowards,Thrill Jockey,7/11/2023,N/A,TBD,"2, 5","Noise Rock, Sludge Metal, Post-Hardcore, Thrash Meal, Thrash Punk, Garage","SLAG, Cacaw, Chat Pile, Power Trip, Void Vater",★★★,9/11
CD,,Osees,A Foul Form,Castle Face,7/11/2023,N/A,TBD,,"Alternative, Punk, Garage, Krautrock, Pysch","King Gizzard & The Lizard Wizard, Jill Lorean, Axis: Sova",★★★★,9/11
Vinyl,,Plague Skater,Plague Skater Plus,Flea Collar Tapes,7/11/2023,N/A,TBD,,"Lo-Fi, Punk, Emo, Hardcore, Post-Hardcore, Noise","Fooly Cooly, Oolong, Ogbert the Nerd, Vivian Girls",★★★★★,9/11
Vinyl,,Rocket 808,House Of Jackpots,Self Released,7/11/2023,N/A,TBD,"2, 5, 6","Electronic, Rock, Blues, Electric Blues, Rockabilly","The Delta Bombers, The Cramps, Sanford Clark",★★★,9/11
CD,,Ruby Waters,Open Arms [EP],Self Released,7/11/2023,Shine On,Clean,"1, 2","Bedroom Pop, Alt-Pop, Indie Pop","Arlo Parks, Samia, Clairo, Amy Winehouse, Lava La Rue",★★★,9/11
CD + Digital,,Samia,Honey,Sub Pop,7/11/2023,Shine On,1,"3, 4, 5, 7, 8","Singer-Songwriter, Indie Pop","Clairo, Lucy Dacus, Soccer Mommy, beabadoobee, Frankie Cosmos",★★★★★,9/11
CD,,Somebody's Child,Somebody's Child,Frenchkiss,7/11/2023,Shine On,5 / 11,"2, 1, 4, 9, 3",Indie Rock,"Gang of Youths, Bombay Bicycle Club, the xx, Same Fender, The Drums, Phoenix, ISLAND, the Lathums",★★★,9/11
CD + Digital,,Steve Mason,Brothers & Sisters,Domino,7/11/2023,The Syndicate,Clean,"2, 1, 6, 4","Neo-Psychedelia, Indietronica","Gruff Rhys, Field Music, Tim Burgess, Jane Weaver",★★★★,9/11
CD + Digital,,strongboi,strongboi,Self-Released,7/11/2023,Shine On,Clean,"5, 3, 6, 1","Indie Pop, Psychedelic Pop","Tennis, Caroline Polachek, Cults, Mr Twin Sister, Neon Indian",★★★,9/11
Vinyl,,Sweeping Promises,Hunger For A Way Out,Feel It,7/11/2023,N/A,TBD,"1, 2, 3","Post-Punk, Indie Rock","Stuck, RIBBON STAGE, Deeper, Automatic",★★★★★,9/11
CD,,Vanishing Twin,The Age of Immunity,FIRE,7/11/2023,N/A,TBD,,"Alternative, Kosmiche, Psychelic","SAULT, Cate Le Bon, Delilah Holliday",★★★★,9/11
Vinyl,,Water Damage,Repeater,12XU,7/11/2023,N/A,Clean,"1, 2","Drone, Experimental Rock, Noise Rock, Krautrock","Bill Orcutt, Daniel Villarreal, Rich Ruth",★★★,9/11
CD,,Waves Crashing,The Viewing [EP],Audiomaniac,7/11/2023,Shine On,Clean,"1, 2, 4","Shoegaze, Bedroom Pop, Indie Rock","EKKSTACY, Spirtualized, Nothing, MBV, Twighlight Sad",★★★,9/11
CD,,Will Veeder,Exit Interview,Carbon,7/11/2023,N/A,TBD,3,"Experimental, Drone, Fingerpicking, Heavy Rock, Noise, Psych","Water Damage, Mountain Movers, The High Sheriffs, Mildred Maude",★★★★,9/11
Vinyl,,Witness K,Witness K,ever/never,7/11/2023,N/A,TBD,,"Experimental, Ambient, Noise Rock","Xiu Xiu, Matmos, Mount Eerie",★★★,9/11
digital,,Alaska Reid,Disenchanter,Luminelle,7/18/2023,Planetary,"3*, 10","1, 3*, 5, 6","Indie Pop, Singer-Songwriter, Bedroom Pop, Indie Rock, Americana","Snail Mail, Soccer Mommy, A.G. Cook, Lomelda",★★★★,9/18
digital,,Anjimile,Father [Single],4AD,7/18/2023,Beggars,Clean,Single,"Indie-Folk, ","NNAMDÏ, Left at London",★★★,9/18
digital,,Being Dead,When Horses Would Run,Bayonet,7/18/2023,Terrorbird,clean,"2, 3, 6","indie rock, indie folk","PACKS, MJ Lenderman, Momma, Dougie Pool",★★★,9/18
digital,,Ceramic Dog,Connection,Knockwurst,7/18/2023,Planetary,7,"1, 3, 4","Experimental Rock, Noise Rock, Jazz-Rock","Tom Waits, Morphine, Mark Lanegan, Captain Beefheart & His Magic Band, The Black Keys",★★★★,9/18
digital,,Cherry Glazerr,Soft Like a Flower [single],Secretly,7/18/2023,Terrorbird/Secretly,clean,single,"indie rock, indie pop, noise pop, pop rock","wolf alice, dehd, radiator hospital, vampire weekend",★★★★,9/18
digital,,Claud,Supermodels,Saddest Factory/Dead Oceans,7/18/2023,Secretly,"3*, 4*, 6, 9","3, 4, 7, 10","indie pop, bedroom pop, synthpop, pop rock","Dayglow, Clairo, Jack Stauber, Rex Orange County",★★★★,9/18
digital,,Declan McKenna,Sympathy [Single],Tomplicated/Sony,7/18/2023,Planetary,Clean,Single,"Indie Pop, Pop Rock, Yacht Rock, Sunshine Pop","Sufjan Stevens, St. Vincent, Cage the Elephant, Belle and Sebastian, David Bowie",★★★★,9/18
digital,,edapollo,Technicolour Places,Foreign Family Collective,7/18/2023,Cosign,Clean,"1, 2, 3, 5, 8","EDM, House, Dance, Electronica","Lane 8, Mild Minds, Disclosure, Bondax, ODESZA, Kasbo",★★★,9/18
digital,,Erick the Architect,Parkour (prod. by James Blake) [Single],Self - Released,7/18/2023,Cosign,Use Edit,Single,"Hip Hop, Electronic","Flatbush Zombies, Saba, Denzel Curry, Freddie Gibbs, Danny Brown",★★★,9/18
digital,,EVENSON,PRETENDER b/w IF I EVER FEEL BETTER [Single],Self Released,7/18/2023,Planetary,Clean,Singles,"Bedroom Pop, Alternative R&B, Synthpop","Still Woozy, Glass Animals, Jean Dawson, Nourished By Time, Dev Lemons",★★★★,9/18
digital,,Far Caspian,The Last Remaining Light,Tiny Library/Dance To The Studio,7/18/2023,Terrorbird,clean,"2, 3, 7, 8","Indie Rock, Shoegaze, Post-Rock, Dream Pop","Duster, Horse Jumper of Love, Waveform, Bedlocked",★★★★,9/18
digital,,KOVACS,Child Of Sin,Wolf,7/18/2023,Pirate!,"1, 8","2, 3, 4, 5, 11, 12","Pop Soul, Jazz Pop","Stevie Nicks, Bjork, Ane Brun, Leonard Cohen, Beth Gibbons, Amanda Palmer",★★★★,9/18
digital,,Lead Pony,Vultures,Self-Released,7/18/2023,The Syndicate,Clean,"8, 3, 4, 7","Alternative, Rock, Blues Rock, Garage Rock, Indie Rock","The Ugly Kings, Pure Muscle, Rare Seed, Sun Parade, King Kuiper",★★★,9/18
digital,,LUCI,11:11 [Single],Don't Sleep/PIAS,7/18/2023,Planetary,Clean,Single,"Electropop, Indietronica, Alternative Dance, Alt-Pop, Indie Pop","Santigold, M.I.A., Tierra Whack, Rico Nasty",★★★★,9/18
digital,,Maple Glider,Dinah [Single],Partisan,7/18/2023,Cosign,Clean,Single,"Singer/Songwriter, Indie-Folk,  ","Weyes Blood, Cat Power, Sharon Van Etten, Mazzy Star, Bedouine",★★★★,9/18
digital,,Meghan Dowlen,Wild Abandon,Slegg Creek / House of Joy,7/18/2023,Tiger Bomb,4,"3, 7, 8","Art Pop, Neo-Psychedelia, Psychedelic Pop, Singer-Songwriter, Psychedelic Folk, New Wave","Cate Le Bon, Meg Baird, Angel Olsen, Vashti Bunyan, Kate Bush",,9/18
digital,,Meteor Police,New Type Destroyer,Self-Released,7/18/2023,Pirate!,TBD,"2, 3, 4, 6, 9","Post-hardcore, Post-punk, ","Militarie Gun, Gustaf, Parquet Courts, Turnstile, Ought",★★★★,9/18
digital,,Mick Jenkins,Smoke Break-Dance (feat. JID) [Single],RBC Records / BMG),7/18/2023,Cosign,Use edit,Single,"Hip-Hop, Jazz-Rap","Saba, EARTHGANG, NxWorries, Erick the Architect",★★★★★,9/18
digital,,"Natvral, The",A Glass of Laughter [single],Dirty Bingo,7/18/2023,Terrorbird,clean,single,indie folk,"Babehoven, Bright Eyes, Faye Webster, Big Thief",★★★,9/18
digital,,Night Beats ,Rajan,Suicide Squeze,7/18/2023,Shine On,TBD,1,"Psych-Rock, Indie, Jazz, Blues, Psych Pop, ","King Gizzard & the Lizard Wizard, White Fence, Psychic Ills, Holy Wave, Black Angels, King Tuff, The Murlocs & OSEES",★★★★★,9/18
digital,,NORMY,Idiot [Single],Smartpunk,7/18/2023,Pirate!,Use Edit,Single,"Punk, Melodic Hardcore, pop punk, skate punk","Blink-182, Heart Attack Man, New Found Glory, NOFX, Motion City Soundtrack, State Champs",★★★,9/18
digital,,NxWorries,Where I Go Ft. H.E.R. b/w Daydreaming [Single],Stones Throw,7/18/2023,Cosign,Use Edit,Single,"Hip-Hop, RnB, Jazz-Rap","Saba, Mndsgn, Thundercat, Free Nationals, Sir, Smino",★★★★★,9/18
digital,,Palehound,Eye On The Bat,Polyvinyl,7/18/2023,Terrorbird,"3*, 4*, 7*","2, 3, 7","indie rock, singer-songwriter, indie pop","Jay Som, IAN SWEET, Ratboys",★★★★,9/18
digital,,"Parkington Sisters, The",I Don't Mind [Single],Self Released,7/18/2023,Planetary,Clean,Single,"Indie Pop, Pop Rock, Folk Rock","Belly, The Go-Go’s, Neko Case, Petra Haden, Juliana Hatfield",★★★,9/18
digital,,Pony Girl,I Believe In Nothing [Single],Paper Bag,7/18/2023,Planetary,Clean,Single,"Progressive Rock, Indie Rock, Progressive Pop","How To Dress Well, Baths, BENEE, Twin Shadow, Majical Cloudz",★★★★,9/18
digital,,Temple of Angels,Endless Pursuit,Run For Cover,7/18/2023,Terrorbird,clean,"2, 3, 11","dream pop, shoegaze, jangle pop","Cocteau Twins, Citizen, Turnover, The Sundays, Alvvays",★★★★,9/18
digital,,Tkay Maidza,Silent Assassin [Single],4AD,7/18/2023,Beggars,FCC,Single,"Hip-Hop, Alt-Rap, Electronic","Run The Jewels, Flume, Princess Nokia, Leikeli47",★★★★,9/18
digital,,Tony Allen & Adrian Younge,Tony Allen JID018,Jazz Is Dead,7/18/2023,Cosign,Clean,"4, 5, 7, 8","Jazz, Soul, World","Ebo Taylor, Fela Kuti, Manu Dibango, Hugh Masekela",★★★★,9/18
digital,,Vacations,Next Exit [Single],Nettwerk,7/18/2023,Planetary,Clean,Single,"Jangle Pop, Indie Pop, Bedroom Pop, Slacker Rock, Synthpop","Rolling Blackouts Coastal Fever, Inner Wave, Ducks Ltd., Surf Curse, Her's, Vundabar",★★★★★,9/18
digital,,WALLICE,Mr Big Shot [EP],Dirty Hit,7/18/2023,Pirate!,Use Edit,"4, 2, 1, 6","Indie Pop, Indietronica, Noise Pop","Samia, Beabadoobee, The Greeting Committee, Soccer Mommy, girlhouse, spill tab",★★★★,9/18
digital,,Yard Act,The Trench Coat Museum [Single],Republic,7/18/2023,Planetary,Clean,Single,"Dance-Punk, Alternative Dance, Electroclash, Noise Pop, Turntablism","Fontaines D.C., Fat White Family, Courting, Working Men's Club",★★★★★,9/18
digital,,Alice Phoebe Lou,Shelter,Self-Released,7/25/2023,Shine On,Clean,"1, 2, 3, 4, 5","Singer-Songwriter, Soft Rock, Indie Pop, Psychedelic Pop, Bedroom Pop","Julia Jacklin, Angel Olsen, Big Thief, Arlo Parks, Aldous Harding, Kevin Morby, Laura Marling",★★★★★,9/25
digital,,Allegra Krieger,I Keep My Feet On the Fragile Plane,Double Double Whammy,7/25/2023,Terrorbird,"3, 7, 9, 10","1, 2, 5, 6","indie folk, singer-songwriter, indie rock","Tomberlin, Babehoven, Katie Bejsiuk, Shannen Moser",★★★★,9/25
digital,,AMAARA,Child Of Venus,Lady Moon,7/25/2023,Shine On,Clean,"3, 4, 5","Art Pop, Alt-Pop, Electronic, Synthpop, Downtempo, Ambient","Caroline Polachek, Beach House, Panda Bear, Lana Del Rey, Sky Ferreira, Austra, Jenny Hval",★★★,9/25
digital,,Better Weather,Wayfare,Self-Released,7/25/2023,Pirate!,Use Clean Edit,"2, 3, 6, 8","Alternative, folk rock pop, baroque pop, folk rock, nostaligc pop","Fleet Foxes, Beirut, Andrew Bird, San Fermin",★★★★,9/25
digital,,Big Thief,Vampire Empire [Single],4AD,7/25/2023,Beggars,Clean,Single,"Folk Rock, Indie Rock, Slacker Rock, Alt-Country","Aldous Harding, Lomelda, Hand Habits",★★★★★,9/25
digital,,Black Milk,Everybody Good?,Mass Appeal,7/25/2023,Co-Sign,Use Clean Edit,"6, 10, 11","Jazz Rap, Contemporary R&B, Boom Bap","Oddisee, Damu The Fudgemunk, Blu, Madlib, A Tribe Called Quest",★★★★★,9/25
digital,,"Budos Band, The",Frontier's Edge [EP],Diamond West,7/25/2023,Tiger Bomb,Clean,"1, 2, 4","Jazz-Funk, Funk, Deep Funk, Jazz-Rock, Heavy Psych, Funk Rock","Hermanos Gutiérrez, Khruangbin, El Michels Affair, Dengue Fever",★★★★,9/25
digital,,Citizen,If You're Lonely [single],Run For Cover,7/25/2023,Terrorbird,Use Clean Edit,Single,"Emo, Alternative Rock, Post-Hardcore, Post-Punk Revival, Pop Punk","basement, microwave, fiddlehead, the wonder years",★★★,9/25
digital,,Cut Worms,Cut Worms,Jagjaguwar,7/25/2023,Secretly,Clean,"1, 2, 3","indie pop, singer-songwriter, alt country","pinegrove, soccer mommy, wilco, mac demarco",★★★★,9/25
digital,,Grian Chatten,Chaos For The Fly,Partisan,7/25/2023,Co-Sign,Clean,"1, 2, 3, 4, 6","Singer-Songwriter, Chamber Pop, Indie Folk, Chamber Folk","Fontaines D.C., The Murder Capital, Yard Act, shame",★★★★★,9/25
digital,,Guided By Voices,Welshpool Frillies,GBVinc,7/25/2023,Planetary,Clean,"1, 2, 11, 12","Indie Rock, Slacker Rock","Car Seat Headrest, Ty Segall, Bob Mould, Superchunk, Sebadoh, The Who, Big Star, Wire",★★★★,9/25
digital,,Hotel,Call of the Void [Single],Yeah Nah Yeah,7/25/2023,Planetary,Clean,Single,"Electropop, Art Pop, Synthpop, Trip Hop, Alternative Dance, Alternative Rock","Gorillaz, Sorry, New Order, Cold Cave, Boy Harsher",★★★★★,9/25
digital,,Izzy Mahoubi,How To Run [EP],Rude,7/25/2023,Pirate!,Clean,"1, 2, 4","Pop, Indie Pop, Alternative Pop, Singer-songwriter","Lorde, Michelle Branch, Maggie Rogers, Vanessa Carlton, Norah Jones, Lizzy McAlpine",★★★★,9/25
digital,,Jeán et Joie,Fried Rice [Single],JOBA,7/25/2023,Planetary,Clean,Single,"Singer-Songwriter, Indie Folk, Ambient Pop","Lucy Dacus, Snail Mail, Julia Jacklin, Samia",★★★★,9/25
digital,,KEELEY,Floating Above Everything Else,Dimple Discs,7/25/2023,Shine On,Clean,"1, 2, 3, 6, 7, 11","Indie Pop, Dream Pop","Ride, Blonde Redhead, Spiritualized, Beach House, Lush, Brigid Mae Power, THALA",★★★★,9/25
digital,,Kipp Stone,Vanderhall Venice [Single],Closed Sessions,7/25/2023,Co-Sign,Use Clean Edit,Single,"West Coast Hip Hop, Rap, Conscious Hip Hop, Abstract Hip Hop, Jazz Rap","Mick Jenkins, Chuck Strangers, Your Old Droog, Elucid, Saba, Freddie Gibbs",★★★★★,9/25
digital,,Kraak & Smaak and Turbotito,My All [Single],Boogie Angst,7/25/2023,Planetary,Clean,Single,"Nu-Disco, Breakbeat, Funky House, House, Electronic","The Chemical Brothers, Jamiroquai, Crazy P, LEISURE",★★★,9/25
digital,,Local Natives,Time Will Wait For No One,Loma Vista Recordings/Concord,7/25/2023,Co-Sign,Clean,"2, 4, 7, 9, 10","Indie Rock, Indie Pop, Indie Folk, Chamber Pop","Westerman, Wye Oak, Fleet Foxes, Sylvan Esso",★★★★,9/25
digital,,Mother Tongues,Love In A Vicious Way,Wavy Haze,7/25/2023,Planetary,Clean,"1, 2, 5, 9","Rock, Bedroom Pop, Psychedelic Pop, Neo-Psychedelia, Chamber Pop, Indie Pop, Dream Pop","Luna Li, Alvvays, Ivy, Hazel English, Jay Som",★★★★,9/25
digital,,"Mountain Goats, The",Clean Slate [Single],Merge,7/25/2023,Co-Sign,Clean,Single,"Indie Folk, Singer-Songwriter, Folk Rock, Indie Rock, Contemporary Folk, Slacker Rock","Okkervil River, Built To Spill, Wilco, The Hold Steady, Bright Eyes",★★★,9/25
digital,,Nevāda Nevada,Past Life,Rocks In Your Head,7/25/2023,Pirate!,Use Clean Edit,"2, 4, 10, 3, 1, 7","Hard Rock, Piano Rock, Baroque","Beirut, The War On Drugs, The National, Grizzly Bear, Okkervil River",★★★★★,9/25
digital,,New Math,Die Trying and Hot Other Sounds (1979-1983),Propeller Sound,7/25/2023,Pirate!,Clean,"1, 3, 4, 7, 8","NY Punk, 70s Punk, New Wave, Rock","The Damned, Psychedelic Furs, Ramones, The Boys, The Whiffs, Patti Smith, Lou Reed, Iggy Pop",★★★★,9/25
digital,,Night Tapes,Perfect Kindness [EP],Nettwerk,7/25/2023,Planetary,Clean,"1, 3, 5","Dream Pop, Ambient Pop, Downtempo, Chillwave","Luna Li, Neggy Gemmy, Magdalena Bay, Knifeplay, Jadu Heart, Hiatus Kaiyote",★★★★★,9/25
digital,,ODESZA & Yellow House,Flaws in Our Design [EP],Foreign Family Collective/Ninja Tune,7/25/2023,Co-Sign,Clean,"3, 4","Chillwave, Tropical House, Neo-Psychedelia","Big Wild, Gus Dapperton, Dream, Ivory, Lane 8",★★★★★,9/25
digital,,Pachyman,Trago Coqueto [Single],ATO,7/25/2023,Co-Sign,Clean,Single,"Reggae, Dub, Lovers Rock, Neo-Psychedelia, Chillwave","King Tubby, Cultura Profética, Hollie Cook, Fat Freddy's Drop, Scientist, Lee ""Scratch"" Perry",★★★★,9/25
digital,,Paris Texas,MID AIR,The Orchard,7/25/2023,Planetary,Use Clean Edit,"3*, 6*, 8*, 9*, 15*","Experimental Hip Hop, Rap Rock, Synth Punk, Pop Rap, West Coast Hip Hop","Injury Reserve, They Hate Change, Jean Dawson, 454, BROCKHAMPTON, Kid Cudi ",★★★★★,9/25
digital,,Royel Otis,Adored [Single],OURNESS,7/25/2023,Co-Sign,Clean,Single,"Indie Pop, Dream Pop, Jangle Pop","Kevin Morby, Black Lips, Rolling Blackouts, Beach Fossils, Car Seat Headrest",★★★★★,9/25
digital,,Sea Lemon,Vaporized [Single],Luminelle,7/25/2023,Planetary,Clean,Single,"Dream Pop, Shoegaze, Indie Rock","Winter, Tanukichan, Hatchie, SASAMI",★★★★,9/25
digital,,SIPHO.,SOBER [Single],Dirty Hit,7/25/2023,Pirate!,TBD,Single,"Indie R&B, Alt R&B, Alt Hip-hop, Chill, Sudanese Pop, Arab Alt","Moses Sumney, Frank Ocean, Yves Tumor, Genesis Owusu, Cautious Clay, serpentwithfeet",★★★★★,9/25
digital,,SkyChristy,The Summer I Lost My Lover,Warner,7/25/2023,The Syndicate,"5, 6","3, 5, 6","Singer-songwriter, Alt z, indie pop, indie folk, ambient folk","Morgan St. Jean, Bolshiee, Gilanares, Beth Crowley, lise",★★★,9/25
digital,,Spanish Love Songs,Haunted [Single],Pure Noise,7/25/2023,Pirate!,TBD,Single,"Alt emo, Indie Pop","The Menzingers, Movements, Fireworks, The Wonder Years, Against Me!, The Gaslight Anthem",★★★★,9/25
digital,X (PHL),Strange Ranger,Pure Music,Fire Talk,7/25/2023,Terrorbird,Clean,"1, 2, 4, 7","Dream Pop, Neo-Psychedelia, Shoegaze, Indietronica","Spirit of the Beehive, TAGABOW, Pendant",★★★★★,9/25
digital,,Vanishing Twin,Afternoon X [Single],Fire,7/25/2023,Shine On,Clean,Single,"Neo-Psychedelia, Psychedelic Pop, Art Pop, Dream Pop, Progressive Electronic, Ambient Pop","Beak>, Broadcast, Jane Weaver",★★★,9/25
digital,,Viji,Sedative [Single],Speedy Wunderground/PIAS,7/25/2023,Planetary,Clean,Single,"Bedroom Pop, Indie Rock, Indie Pop, Singer-Songwriter, Dream Pop, Slacker Rock","Soccer Mommy, Snail Mail, Speedy Ortiz, Horsegirl, Bully",★★★★★,9/25
digital,,Allie Dunn,Silver Lining [Single],Porter Rose,8/1/2023,Planetary,Clean,Single,"Folk Pop, Singer-Songwriter, Americana, Alt-Country, Contemporary Folk","Courtney Marie Andrews, Brandi Carlile, Margo Price, Jess Williamson, Amy Winehouse",★★★,10/1
digital,,"Clientele, The",I Am Not There Anymore,Merge,8/1/2023,Tiger Bomb,Clean,"5, 6, 9, 11","Indie Pop, Dream Pop, Chamber Pop","Deerhunter, Cleaners from Venus, The Field Mice, The Lucksmiths, The Radio Dept.",★★★★,10/1
digital,,Cupid & Psyche,Angels On The Phone [Single],Felte,8/1/2023,Tiger Bomb,Clean,Single,"Alternative Rock, Indie Rock, Noise Pop, Noise Rock, Post-Punk, Indie Pop","Arcade Fire, No Age, Times New Viking, Women, Japanther",★★★★,10/1
digital,,Grrrl Gang,Blue Stained Lips [Single],Kill Rock Stars,8/1/2023,Planetary,Clean,Single,"Indie Pop, Twee Pop, Punk Rock","White Lung, Mannequin Pussy, Screaming Females, ShitKid, Bikini Kill",★★★★★,10/1
digital,,Jessy Lanza,Love Hallucination,Hyperdub,8/1/2023,Terrorbird,10,"1, 2, 3","Synthpop, Alternative R&B, UK Bass, Electronic, Synth Funk","Tirzah, SMERZ, Nite Jewel, Empress Of",★★★,10/1
digital,,La Fonda,We Are Infinite,Self-Released,8/1/2023,Planetary,Clean,"1, 3, 4, 8","Indie Rock, Noise Pop, Alternative Rock, Indie Pop","Now, Now, Pool Kids, Japanese Breakfast, Great Grandpa, Rilo Kiley",★★★★,10/1
digital,,"Locate S,1",Wicked Jaw,Captured Tracks,8/1/2023,Terrorbird,2,"1, 4, 5, 9","indie pop, art pop","Mega Bog, Reptaliens, Mamalarky, Deerhoof, Guerilla Toss",★★★★,10/1
digital,,Nation of Language,"Too Much, Enough [Single]",Play It Again Sam,8/1/2023,Planetary,Clean,Single,"Synthpop, Minimal Synth, New Wave","Working Men's Club, Porridge Radio, Small Black, Cold Cave, The Soft Moon, White Lies, John Maus, Future Islands",★★★★,10/1
digital,,New Friends,Camaro [EP],Slaight,8/1/2023,Planetary,3*,"1, 4, 5","Indie Pop, Pop Rock, Alt-Pop","Coldplay, COIN, Twenty-One Pilots, AJR, One Republic, Nightly",★★★,10/1
digital,,Nisa,"Sea Glass"" b/w ""Exaggerate [Single]",Hit The North,8/1/2023,Planetary,Clean,Single,"Indie Pop, Alt-Pop, Art Pop, Synthpop","Alaska Reid, Half Waif, Miss Grit, Soccer Mommy",★★★★,10/1
digital,,Puma Blue,Dream Of You [Single],Blue Flowers/PIAS,8/1/2023,Planetary,Clean,Single,"Bedroom Pop, Dream Pop, Neo-Psychedelia","James Blake, King Krule, Amen Dunes, D’Angelo, Mount Kimble",★★★★,10/1
digital,,PWNT,Play What's Not There,Acrophase,8/1/2023,Terrorbird,Clean,"2, 3, 5","psych rock, dream pop","Unknown Mortal Orchestra, Mo Troper, LA Priest, Young Guv, Toro Y Moi, Foxygen",★★★,10/1
digital,,Santa Chiara,Visa [Single],Kill Rock Stars,8/1/2023,Planetary,Clean,Single,"Indie Rock, Psychedelic Rock, Garage Rock","Ron Gallo, illuminati hotties, Le Tigre, Be Your Own Pet",★★★★,10/1
digital,,Sarah Kinsley,Oh No Darling! [Single],Verve Forecast,8/1/2023,Planetary,Clean,Single,"Indie Pop, New Wave, Synthpop","Jay Som, Boy Scouts, Tomemitsu, Frankie Cosmos",★★★★★,10/1
digital,,Skeleten,Under Utopia,2MR,8/1/2023,Terrorbird,Use Clean Edits,"2, 4, 10","Lo-fi, electronic, chillwave","Carlos Truly, Blue Hawaii, Fit of Body",★★★,10/1
digital,,Tele Novella,Broomhorse [Single],Kill Rock Stars,8/1/2023,Planetary,Clean,Single,"Indie Folk, Americana, Folk Pop","MAITA, La Luz, A Giant Dog, Palehound, Anna Burch, Molly Burch, Jenny Lewis, Voxtrot",★★★★★,10/1
digital,,Wren Hinds,Don't Die In The Bundu,Bella Union/[PIAS],8/1/2023,Planetary,Clean,"1, 2, 6, 7","Indie Folk, Folk Pop, Indie Pop, Cinematic Classical, Chamber Folk","Death Cab for Cutie, Radical Face, Owen, Freelance Whales, Yoke Lore, Electric President, Blind Pilot",★★★★,10/1
digital,,Madeline Kenney,A New Reality Mind,Carpark,8/1/2023,Terrorbird,Clean,"2, 3, 4, 5","dream pop, indie pop","Wye Oak, Black Belt Eagle Scout, Gia Margaret, Jenny Hval",★★★★,10/5
digital,,Armand Hammer,Trauma Mic (feat. Pink Siifu) [Single],Fat Possum,8/8/2023,Planetary,Use Clean Edit,Single,"Industrial Hip Hop, East Coast Hip Hop, Noise Rock, Abstract Hip Hop, Hardcore Hip Hop, Conscious Hip Hop","billy woods, E L U C I D, El-P, JPEGMAFIA, Earl Sweatshirt, Open Mike Eagle, Pink Siifu",★★★★★,10/8
digital,,BAMBII,INFINITY CLUB [EP],Innovative Leisure,8/8/2023,Cosign,Use Clean Edit,"2, 3, 4, 6","Electronic, R&B, Dancehall, Jungle, EDM","M.I.A, Kelela, Santigold, Solange, Kaytranada, PinkPantheress, FKA Twigs, Aluna George",★★★★,10/8
digital,,Bas Jan,At the Counter [Single],Fire,8/8/2023,Shine On,Clean,Single,"Art Pop, Post-Punk, Indie Rock","Decisive Pink, Austra, Glasser, of Montreal, Fever Ray, Weyes Blood, Chromatics & Beach House",★★★★,10/8
digital,,Baus,Big Black Cloak [Single],Zum,8/8/2023,Tiger Bomb,TBD,Single,"Punk Rock, Garage Punk","Courting, The Chats, CLAMM, Amyl and the Sniffers, GEE TEE",★★★★,10/8
digital,,Bells Larsen,"If I Was, I Am [EP]",Next Door,8/8/2023,Shine On,Clean,"1, 2, 5","Folk, Singer-Songwriter, Indie Folk","Alex G, Elliott Smith, Lomelda, Faye Webster, Katy Kirby, Big Thief, Julia Jacklin, Field Medic, Nick Drake & Poolblood",★★★★★,10/8
digital,,Buck Meek,Cyclades [Single],4AD,8/8/2023,Beggars,Clean,Single,"Singer-Songwriter, Indie Folk, Americana, Alt-Country","Big Thief, Hayley Heynderickx, Hand Habits",★★★★,10/8
digital,,CHAI,"NEO KAWAII, K [single]",Sub Pop,8/8/2023,Cosign,Clean,Single,"J-Pop, Two-Step, Art Rock","Little Dragon, Superorganism, Sylvan Esso, Toro Y Moi, Caribou",★★★★,10/8
digital,,Danger Mouse & Jemini,Brooklyn Basquiaat [single],Lex,8/8/2023,Cosign,Use Clean Edit,Single,"HipHop, Rap","Black Thought, J Dilla, billy woods, Open Mike Eagle",★★★,10/8
digital,,Diners,Someday I'll Go Surfing [Single],Bar/None,8/8/2023,Tiger Bomb,TBD,Single,"Indie Pop, Bedroom Pop, Indie Surf","Lemon Demon, Car Seat Headrest, Cheekface, Dippers",★★★,10/8
digital,,Fly Anakin,Skinemaxxx (Side B) [EP],Lex,8/8/2023,Co-Sign,Use Clean Edits,"2, 4, 7","Southern Hip Hop, Jazz Rap, Abstract Hip Hop, Drumless, East Coast Hip Hop, Boom Bap","Pink Siifu, Freddie Gibbs, Dilated Peoples, Roc Marciano, Mike",★★★★★,10/8
digital,,GAIKA,FIRST AMONG MISFITS (feat The Narrator) [Single],Big Dada,8/8/2023,Co-Sign,Use Clean Edit,Single,"Experimental Hip Hop, UK Bass, Alternative R&B, UK Hip Hop, Deconstructed Club, Trap","LYZZA, Shygirl, Sega Bodega, Arca, Loraine James",★★★★,10/8
digital,,Georgia,Euphoric,Domino,8/8/2023,Co-Sign,Clean,"1, 2, 3, 5","Synthpop, Alt-Pop, Dance-Pop","Róisín Murphy, Empress Of, Caroline Polachek, TSHA, Carly Rae Jepsen",★★★,10/8
digital,,Georgia Gets By,Happiness Is An 8 Ball [Single],Luminelle,8/8/2023,Planetary,Clean,Single,"Synthpop, Alt-Pop, Indie Rock, Slacker Rock","BROODS, Lucy Dacus, PACKS, Hatchie, Winter, boygenius",★★★★,10/8
digital,,Girl Ray,Prestige,Moshi Moshi,8/8/2023,Cosign,Use Clean Edit,"3, 4, 5, 6","Sub Modern, Alt Pop, Post Disco","Cate Le Bon, Confidence Man, Dream Wife, CHAI",★★★★,10/8
digital,,Golden Features,Sisyphus,Foreign Family Collective,8/8/2023,Co-Sign,Clean,"1, 2, 6, 8","Progressive House, Tech House, Progressive Breaks","ODESZA, Zhu, TSHA, Romy, Bicep",★★★★,10/8
digital,,Gotts Street Park,Fuego [Single],Blue Flowers/PIAS,8/8/2023,Planetary,Clean,Single,"Soul, Jazz, Neo-Soul, Contemporary R&B, Hip Hop Soul, Vocal Jazz","Erykah Badu, BADBADNOTGOOD, Khruangbin, The Internet, WHY?, Earl Sweatshirt, The Roots, MIKE",★★★★,10/8
digital,,Hannah Cole,Big Bite [EP],Self Released,8/8/2023,Shine On,Clean,"1, 2, 4","Indie Rock, Singer Sngwriter","Beabadoobee, Alvvays, Soccer Mommy, Hannah Jadagu, Phoebe Bridgers, Snail Mail, Wednesday, Arlo Parks, Field Medic, THALA & Lomelda",★★★★★,10/8
digital,,HEADPHONE,A Spark Blown Out A Window,Self Released,8/8/2023,Shine On,Clean,"2, 5, 6, 7","Indie Rock, Synthpop, Alt Pop, ","Foo Fighters, Foals, Muse, M83, Gang of Youths, The Cure, Interpol, War on Drugs  Band of Horses, QOTSA, Bombay Bicycle Club, & The Smile",★★★★,10/8
digital,,Holy Wave,Five of Cups,Suicide Squeeze,8/8/2023,Shine On,Clean,"2, 9, 8, 7","Neo-Psychedelia, Art Pop/Rock, Dream Pop, Synthpop","DIIV, Real Estate, Tame Impala, Kikagaku Moyo, Thee Oh Sees, Temples, White Fence, early Pink Floyd, Night Beats, Moon Duo, The Black Angels, Grizzly Bear, Death And Vanilla, GOAT, Morgan Delt, Brian Jonestown Massacre, Clinic, bdrmm",★★★★★,10/8
digital,,Jalen N'Gonda,That's All I Wanted From You [Single],Daptone,8/8/2023,Co-Sign,Clean,Single,"Soul, Pop Soul, Contemporary R&B, Neo-Soul","Son Little, Curtis Harding, Benjamin Booker, Thee Sacred Souls",★★★★,10/8
digital,,Jessica Leigh,Girlfriends [Single],Antipodes,8/8/2023,Planetary,Clean,Single,"Synthpop, Pop Rock, Alt-Pop, Dance-Pop, Electropop","MUNA, Shura, Robyn, Charli XCX, Lorde",★★★,10/8
digital,,KIM,Madam [Single],Zum,8/8/2023,Tiger Bomb,TBD,Single,"Post Rock, Slowcore","Knifeplay, Mogwai, They Are Gutting A Body of Water, The World Is a Beautiful Place & I Am No Longer Afraid to Die",★★★★,10/8
digital,,Kyle McEvoy,Let Go (feat. Mick Jenkins) [Single],Sonder House,8/8/2023,Planetary,Use Clean Edit,Single,"Lo-Fi Hip Hop, Glitch Hop, Wonky, Future Garage, Trip Hop","Nosaj Thing, Philanthrope, KAYTRANADA, Knxwledge, Cloudchord, SYML",★★★,10/8
digital,,"Last Dinner Party, The",Sinner [Single],Universal,8/8/2023,Planetary,Clean,Single,"Glam Rock, Alternative Rock, Piano Rock","Black Country, New Road, PJ Harvey, The Big Moon, Florence + The Machine, Marika Hackman, Blondshell",★★★★★,10/8
digital,,MAN ON MAN,Provincetown,Polyvinyl,8/8/2023,Shine On,"1*, 3*, 4*, 5*, 7*, 8*, 10*","1, 2, 10","Shoegaze, Synthpop, Power Pop, Indie Rock, Dance-Punk","Fontaines DC, Idles, Imperial Teen, Faith No More, The Magnetic Fields, DIIV, The Hidden Cameras, Protomartyr, Smashing Pumpkins, Nothing, Laura Jane Grace",★★★★★,10/8
digital,,Maribou State,Blackoak [Single],Ninja Tune,8/8/2023,Co-Sign,Clean,Single,"Downtempo, Indietronica, Deep House","Bonobo, Caribou, George FitzGerald, Barry Can't Swim",★★★,10/8
digital,,Mikaela Davis,And Southern Star,Kill Rock Stars,8/8/2023,Planetary,Clean,"1, 2, 4, 5, 7","Indie Pop, Indie Rock, Singer-Songwriter, Chamber Pop","Tennis, Faye Webster, Madison Cunningham, Molly Burch, Jess Williamson",★★★★,10/8
digital,,Miss Tiny,DEN7 [EP],Speedy Wunderground/PIAS,8/8/2023,Planetary,Clean,"3, 4","Post-Punk, Art Punk, Indie Rock, Dance-Punk, Post-Punk Revival","Enumclaw, Sonic Youth, Ought, Courting",★★★★★,10/8
digital,,Romy ,The Sea [Single],Young,8/8/2023,Beggars,Clean,Single,"Deep House, Dance-Pop, Tropical House","ODESZA, Zhu, TSHA, Bicep, Golden Features",★★★★,10/8
digital,,Sa-Roc,Talk To Me Nice [Single],Rhymesayers,8/8/2023,Co-Sign,Clean,Single,"Conscious Hip Hop, East Coast Hip Hop, Boom Bap, Hip Hop","Black Thought, Kendrick Lamar, Brother Ali, Rapsody, Che Noir, Georgia Anne Muldrow, Sampa the Great",★★★★,10/8
digital,,Shelf Lives,Skirts & Salads [Single],Modern Sky UK,8/8/2023,Planetary,Clean,Single,"Electro-Punk, Post-Punk, Gothic Rock","Heartworms, Peaches, Sneaks, Automatic, Le Tigre",★★★★★,10/8
digital,,Soft Science,Kerosene [Single],Shelflife,8/8/2023,Tiger Bomb,TBD,Single,"Shoegaze, Dream Pop, Twee Pop","My Bloody Valentine, The Sundays, Soccer Mommy, Soft Blue Shimmer, Tanukichan",★★★★,10/8
digital,,Tkay Maidza,Ring-A-Ling [Single],4AD,8/8/2023,Beggars,Use Clean Edit,Single,"Afroswing, Pop Rap, Afrobeats, Grime","Princess Nokia, Genesis Owusu, Kari Faux",★★★★★,10/8
digital,,長谷川白紙 Hakushi Hasegawa,Mouth Flash (Kuchinohanabi) [single],Brainfeeder,8/8/2023,Cosign,Clean,Single,"J-Pop, Alternative, Electronic, Intense","Yaeji, Jessy Lanza, Park Hye Jin, Sen Morimoto, Nourished By Time",★★★★,10/8
,,,,,,,,,,,,
,,,,,,,,,,,,
,,,,,,,,,,,,
,,,,,,,,,,,,
,,,,,,,,,,,,
,,,,,,,,,,,,
,,,,,,,,,,,,
,,,,,,,,,,,,
,,,,,,,,,,,,
,,,,,,,,,,,,
,,,,,,,,,,,,
,,,,,,,,,,,,
,,,,,,,,,,,,
,,,,,,,,,,,,
,,,,,,,,,,,,
,,,,,,,,,,,,
,,,,,,,,,,,,
,,,,,,,,,,,,
,,,,,,,,,,,,
,,,,,,,,,,,,
,,,,,,,,,,,,
,,,,,,,,,,,,
,,,,,,,,,,,,
,,,,,,,,,,,,
,,,,,,,,,,,,
,,,,,,,,,,,,
,,,,,,,,,,,,
,,,,,,,,,,,,
,,,,,,,,,,,,
,,,,,,,,,,,,
,,,,,,,,,,,,
,,,,,,,,,,,,
,,,,,,,,,,,,
,,,,,,,,,,,,
Vinyl + Digital,x,Kilynn Lunsford,Custodians Of Human Succession,Ever/Never,6/20/2023,,,,"Exp. Rock, Post-Punk, Art Punk","Taiwan Housing Project, Spread Joy, Oneida",★★★★,10/20
Vinyl,x,Deep Tissue,Patience or Fear,Play Alone,6/20/2023,,,"1, 5, 8","Post-Punk, Punk, Deathrock","Poison Ruin, Fearing, No Swoon, Wombo",★★★★★,10/20
Vinyl,x,Flatwaves,Numbra,Abandon Everything,6/20/2023,,,"2, 4","Noise Pop, Shoegaze, Garage Rock","Trementina, They Are Gutting a Body of Water, Growing Pains",★★★★★,10/20
CD,x,Cigarettes for Breakfast,Join The Circus [Advanced Tracks],Self Released,7/11/2023,N/A,TBD,"1, 4, 10","Shoegaze, Post-Rock, Dream Pop","Flatwave, Relay Tapes, Laveda, Pulsr",★★★★,11/11
CD + Digital,x,Mo Lowda & the Humble,Mo Lowda & the Humble,Workaround,7/11/2023,Shine On,12,"3, 2, 4, 6","Indie Rock, Neo-Psychedelia","Gang of Youths, Wilderado, The National, Current Joys",★★★,11/11
digital,,Cherry Glazerr,Sugar [single],Secretly Canadian,9/19/2023,Terrorbird/Secretly,Clean,single,"indie rock, indie pop, noise pop, pop rock","wolf alice, dehd, radiator hospital, soccer mommy",★★★★★,11/19
digital,,Citizen,When I Let You Down [single],Run for Cover,9/19/2023,Terrorbird,Clean,single,"emo, alt rock, post-hardcore","Basement, Microwave, The Wonder Years, Fiddlehead",★★★★★,11/19
digital,,Dim Wizard,X-Games Mode/Ride the Vibe [single],self released,9/19/2023,Terrorbird,Clean,single,"emo, indie rock, punk","Jeff Rosenstock, Chris Farren, Antarctigo Vespucci",★★★★,11/19
digital,,Fatboi Sharif & Steel Tipped Dove,Decay,Backwoodz Studio,9/19/2023,N/A,Use Clean Edits,"1*, 5*","Abstract Hip Hop, East Coast Hip Hop, Drumless, Cloud Rap, Industrial Hip Hop","Injury Reserve, JPEGMAFIA, Armand Hammer, Billy Woods",★★★★,11/19
digital,,FEELDS ,Brilliant Mud,self released,9/19/2023,Terrorbird,5,"1, 2, 6, 8","indie rock, indie pop","Yellow Days, Benny Sings, Mild High Club, Babe Rainbow, Wilson's Prom",★★★★,11/19
digital,,Haley Blais,Wisecrack,Arts & Crafts,9/19/2023,Orienteer,Clean,"2, 3, 5, 7, 8","indie rock, singer-songwriter","Lomelda, Julia Jacklin, Samia, tomberlin",★★★★,11/19
digital,,Kate Bollinger ,You At Home [single],Ghostly Interational,9/19/2023,Secretly,Clean,single,"singer-songwriter, indie folk","katy kirby, skull crusher, fenne lily, tomberlin, ",★★★★,11/19
digital,,Laura Misch,Listen to the Sky [single],One Little Independent,9/19/2023,Terrorbird,Clean,single,"Ambient pop, jazz pop","Nick Hakim, Madison McFerrin, James Tillman",★★★★,11/19
digital,,Lauren Flax,Liz & Lauren [EP],2MR,9/19/2023,Terrorbird,Clean,"1, 3, 4, 5","electronic, ambient techno","Pale Blue, Aphex Twins, Perel, Squarepusher",★★★,11/19
digital,,Loraine James,Gentle Confrontation,Hyperdub,9/19/2023,terrorbird,"4, 6","2, 7, 9, 15","IDM, UK Bass","Jlin, laurel halo, Space Afrika, RP Boo",★★★,11/19
digital,,Mali Velasquez,Shove [single],Acrophase,9/19/2023,Terrorbird,Clean,single,"singer-songwriter, indie rock, indie folk","Julien Baker, Big Thief, Hovvdy, MJ Lenderman, Buck Meek",★★★★,11/19
digital,,Mitski,The Land Is Inhospitable and So are We,Dead Oceans,9/19/2023,Secretly,2,"1, 3, 7","indie rock, art pop, singer-songwriter","Phoebe Bridgers, Lana Del Rey, boygenius, fiona apple",★★★★★,11/19
digital,,Samantha Urbani ,Showing Up,Lucky Number,9/19/2023,Terrorbird,"1*, 2*, 10*","2, 4, 5, 8","synth pop, new wave","Jessy Lanza, Caroline Polachek, Blood Orange, IAN SWEET, May Rio",★★★,11/19
digital,,Sextile,Push,Sacred Bones,9/19/2023,Terrorbird,"3, 9, 11","1, 2, 5, 6","post-punk, industrial rock, synth punk","Pastel Ghost, ADULT. Second Still, Mareux",★★★★,11/19
digital,,Slauson Malone 1,New Joy b/w Voyager [Singles],Warp Records,9/19/2023,Co-Sign,Clean,Single,"Psychedelic Soul, Neo-Psychedelia, Bedroom Pop, Breakbeat","Quelle Chris, Pink Siifu, Armand Hammer, Nick Hakim, King Krule",★★★★★,11/19
digital,,Wild Nothing,Suburban Solutions [single],Captured Tracks,9/19/2023,Terrorbird,Clean,single,"indie pop, dream pop, jangle pop","beach house, alvvays, beach fossils, the xx ",★★★★,11/19
digital,x,"Slaughter Beach, Dog",Crying Laughing Waving Smiling,Lame-O,9/26/2023,Terrorbird,Clean,"2, 3, 5, 8","indie rock, alt-country, indie folk","Silver Jews, MJ Lenderman, Wilco, Trace Mountains",★★★★★,11/19
digital,x,Blue Smiley,coma [Single],Topshelf,9/26/2023,Pirate!,Clean,single,"Shoegaze, Slacker Rock, Indie Rock, Dream Pop","My Bloody Valentine, Grouper, TAGABOW, Cocteau Twins, Tony Molina, and You'll Never Get To Heaven",★★★★,11/26
digital,x (NJ),Blue Vervain,The Garden,Mint 400,9/26/2023,GARETH DONKIN,Clean,"1, 2, 3, 5","Indie Rock, Mood Rock, ","Tigers Jaw, Snail Mail, The Gaslight Anthem, Soccer Mommy, Death Cab for Cutie, Petal, Phoebe Bridgers",★★★,11/26
digital,,Bennett Coast,Where Are You Going?,Pizzaslime Records/Mad Decent,9/26/2023,Planetary,2*,"1, 2*, 3, 6","Bedroom Pop, Jangle Pop, Indie Pop, Dream Pop, Hypnagogic Pop","Yot Club, Dominic Fike, Dayglow, Clairo, Mallrat",★★★★,11/26
digital,,Huron John,Blood Diamond Ring [Single],Always Outside/Acrophase,9/26/2023,Pirate!,Clean,single,"Bedroom Pop, Indie Pop, ","Glass Animals, Still Woozy, Gus Dapperton, JAWNY, Ginger Root, Joe P",★★★,11/26
digital,,King Nun,Lamb,Marshall,9/26/2023,Pirate!,1,"1, 9, 2, 3, 6","Garage Rock, Punk Rock","Demob Happy, Death From Above 1979, Circa Waves, The Vaccines, Royal Blood, The Wombats",★★★★,11/26
digital,,Laura Groves,Radio Red,Bella Union/PIAS,9/26/2023,Planetary,Clean,"1, 4, 5","Art Pop, Singer-Songwriter, Sophisti-Pop, Ambient Pop, Sophisti-Pop, Adult Contemporary, Synthpop","Men I Trust, TOPS, Couch Prints, Julia Holter, Westerman",★★★★,11/26
digital,,Lydia Loveless,Nothing's Gonna Stand In My Way Again,Bloodshot,9/26/2023,Pirate!,"2, 6, 9","2, 6, 3, 4, 8","Alt-Country, Country Rock, Pop Rock, Singer-Songwriter, Indie Pop","Jess Williamson, Margo Price, Caitlin Rose, Plains, Nikki Lane, Son Volt",★★★★,11/26
digital,,Minor Gold,Minor Gold,Self Released,9/26/2023,Planetary,Clean,"1, 2, 3","Americana, Folk Rock, Singer-Songwriter","Ball Park Music, Hiss Golden Messenger, Wilco, The Church, Big Thief, Dan Parsons",★★★,11/26
digital,,NOBRO,Where My Girls At [Single],Dine Alone,9/26/2023,Pirate!,Use Clean Edits,Single,"Garage Punk, Garage Rock","The Linda Lindas, Bully, Be Your Own Pet, THICK, Mannequin Pussy, Starcrawler, Amyl and The Sniffers",★★★,11/26
digital,,Princess Goes,Jetpack [Single],SO/In De Goot,9/26/2023,Pirate!,Clean,Single,"French Indie, Alternative Indie","The National, Destroyer, Man On Man, TV On The Radio",★★★★,11/26
digital,,Punt,The Heat,Trash Casual,9/26/2023,Pirate!,"3, 5, 6, 12","4, 10, 7, 2, 11","Rock, Fuzz Rock, Garage Rock, Psychedelic Rock, Stoner","Ty Segall, Bass Drum of Death, No Age, FIDLAR, Together Pangea",★★★★,11/26
digital,,Richard Orofino,Forging A Hardened Outer Shell,Downtown Music,9/26/2023,Planetary,Clean,"1, 3, 5","Singer-Songwriter, Slacker Rock, Bedroom Pop","Alaska Reid, Alex G, @, slow pulp, Pinegrove, bar Italia, The Crying Nudes, MJ Lenderman, Ethel Cain",★★★★,11/26
digital,,Sincere Engineer,Cheap Grills,Hopeless,9/26/2023,Pirate!,Use Clean Edits,"1, 2, 3, 5, 6, 7, 11","Emo, Folk Punk, Indie Rock","Bully, Worriers, Laura Jane Grace, Alex Lahey, Ratboys, Alkaline Trio, The Menzingers",★★★★★,11/26
digital,,STRABE,Honey [Single],PIAS,9/26/2023,Planetary,Clean,Single,"Downtempo, Electropop, Synthpop","Röyksopp, SG Lewis, The Chemical Brothers, Soulwax",★★★,11/26
digital,,URF Tone,All That Glitters,Self Released,9/26/2023,Planetary,Clean edits available except for #11,"2, 4, 15, 19","Conscious Hip Hop, Boom Bap, Jazz Rap, Abstract Hip Hop","Black Thought & Danger Mouse, A Tribe Called Quest, Arrested Development, Common",★★★★★,11/26
digital,,Oneohtrix Point Never,Again,Warp,10/3/2023,Terrorbird,clean,"3, 7, 10, 13","Progressive Electronic, Ambient, Electronic, Drone, Vaporwave","Tim Hecker, Autechre, Actress, Lauren Halo, William Basinski",★★★★★,12/3
digital,,Cherry Glazerr,I Don't Want You Anymore,Secretly Canadian,10/3/2023,Terrorbird/Secretly,clean,"3, 4, 5, 6","indie rock, indie pop, noise pop, pop rock","Chastity Belt, Palehound, Tacocat, IAN SWEET",★★★★★,12/3
digital,,Al Menne,Freak Accident,Double Double Whammy,10/3/2023,Terrorbird,clean,"1, 2, 5, 7","indie pop, indie folk","Girlpuppy, Field Medic, Allegra Kreiger, Great Grandpa, Phoebe Bridgers",★★★★,12/3
digital,,Mad Honey,Satellite Aphrodite,Deathwish,10/3/2023,Terrorbird,"2, 10","3, 4, 7, 8","dream pop, indie rock","Chelsea Wolfe, Emma Ruth Rundle, Wednesday, Slow Pulp",★★★★,12/3
digital,,Video Age,Away From The Castle [Single],Winspear,10/6/2023,Planetary,Clean,Single,"Synthpop, Bedroom Pop, Hypnagogic Pop, Indie Pop","Nilüfer Yanya, Maggie Rogers, HAIM, Tegan & Sara, Shura, The Preatures",★★★,12/6
digital,,MUNYA,Once Again (feat. Kainalu) [Single],Luminelle,10/6/2023,Planetary,Clean,Single,"Dream Pop, Indie Pop, Bedroom Pop, Synthpop, Psychedelic Pop, Neo-Psychedelia","Hana Vu, Melody’s Echo Chamber, Anemone, Men I Trust, Stereolab",★★★,12/6
digital,,Laura Carbone,Horses [Single],Self Released,10/6/2023,Planetary,Clean,Single,"Singer-Songwriter, Indie Rock, Alternative Rock, Noise Rock, Shoegaze","Yves Jarvis, Fievel Is Glauque, Choses Sauvages, Les Louanges, Ethan P. Flynn",★★★,12/6
digital,,Stoylov,Body Aches [Single],Self Released,10/6/2023,Planetary,Clean,Single,"Neo-Soul, Neo-Psychedelia, Psychedelic Pop","Yves Jarvis, Fievel Is Glauque, Choses Sauvages, Les Louanges, Ethan P. Flynn",★★★★★,12/6
digital,,Ani DiFranco,Little Plastic Castle (25th Anniversary Edition),Righteous Babe,10/6/2023,Planetary,"4, 11, 14","1, 2, 3, 9, 16","Singer-Songwriter, Anti-Folk, Indie Folk, Folk Rock, Acoustic Rock, Contemporary Folk","Norah Jones, Tori Amos, Diana Krall, Brittany Howard ",★★★★,12/6
digital,,Tamar Berk,tiny injuries,Self Released,10/6/2023,Planetary,2,"1, 6","Indie Rock, Indie Pop, Power Pop","Fiona Apple, PJ Harvey, Juliana Hatfield, Laura Carbone, illuminati hotties, Ex Hex, Bully, Dude York",★★★,12/6
digital,,Gabby & The Gondolas,Pollyanna,Self Released,10/6/2023,Planetary,5,"1, 7, 10","Folk Rock, Singer-Songwriter, Indie Rock","Kurt Vile, Superviolet, Built to Spill, Pedro The Lion, Dawes, Band or Horses, The Decemberists",★★★,12/6
digital,,underscores,Wallsocket,Mom + Pop,10/10/2023,Terrorbird,"8, 10, 11","1, 2, 4, 5","hyperpop, glitchpop, indietronica, new rave","100 gecs, Jane Remover, Frost Children, Fraxiom",★★★★★,12/10
digital,,Citizen,Calling The Dogs,Run for Cover,10/10/2023,Terrorbird,"1*, 4*, 8*","2, 4, 9","emo, alt rock, post-hardcore, post-punk revival, pop punk","Turnover, Tigers Jaw, Joyce Manor, Basement",★★★★★,12/10
digital,,Mick Jenkins,The Patience,RBC/BMG,10/10/2023,Cosign,Clean (Edited for Radio Play),"2, 4, 10",Hip Hop,"Saba, EARTHGANG, NxWorries, Erick the Architect",★★★★★,12/10
digital,,Jungle,Volcano,Caiola / AWAL,10/10/2023,Cosign,14,"3,4,5","Hip Hop, Jazz, RnB","Django Django, Friendly Fires, Hot Chip, Khruangbin",★★★★★,12/10
digital,,ford.,Guiding Hand,Foreign Family Collective,10/10/2023,Cosign,Clean,"1, 2, 3, 7","House, Electronic, Lo-Fi, Ambient","Kasbo, Medasin, Kidswaste, San Holo",★★★★★,12/10
digital,,Genesis Owusu,STRUGGLER,Ourness / AWAL,10/10/2023,Cosign,Clean (Edited for Radio Play),"1, 6, 9","Alt-Rap, Post-Punk, Punk-Rap","Jean Dawson, Yves Tumor, Sampa The Great, Tyler, The Creator, Gorillaz, Paramore, Injury Reserve",★★★★★,12/10
digital,,Supershy,Happy Music,Beyond The Groove,10/10/2023,Cosign,Clean,"4, 6, 8","Dance, Post-Disco, EDM","Kerri Chandler, Hot Chip, Teleman, Juan Maclean, Cut Copy, Metronomy",★★★★,12/10
digital,,SPELLLING,SPELLING & The Mystery School,Sacred Bones,10/10/2023,Cosign,Clean,"2, 4, 6, 9","Synth, Art-Pop","U.S. Girls, Moses Sumney, Jenny Hval, Weyes Blood, Caroline Polachek",★★★,12/10
digital,,Gareth Donkin,Welcome Home,drink sum wtr,10/10/2023,Cosign,Clean,"2, 3, 4, 6, 7","R&B, Funk, Pop","Michael Jackson, Tom Misch, Benny Sings, Mayer Hawthorne, Myd",★★★★★,12/10
digital,,Danger Mouse & Jemini,Born Again,Lex,10/10/2023,Cosign,Clean (Edited for Radio Play),"5, 6",Hip Hop,"Black Thought, J Dilla, billy woods, Open Mike Eagle",★★★★,12/10
digital,,Khemist,A List of Demands by Khemist Mayfield,Self Released,10/10/2023,Cosign,1,"2, 6","Hip Hop, Soul, RnB"," Lauryn Hill, Kendrick Lamar, Tank & The Bangas, billy woods, Quelle Chris, Sampa The Great",★★★★,12/10
digital,,thanks for coming,What Is My Capacity To Love? [EP],Danger Collective,10/10/2023,Terrorbird,2,"1, 3, 4, 6","indie rock, lofi, bedroom pop","waveform*, Water From Your Eyes, Horse Jumper of Love, Anna Burch, Hand Habits",★★★★,12/10
digital,,Corey Gulkin,Half Moon,Anything Bagel,10/10/2023,Terrorbird,clean,"1, 3, 4, 6, 7","singer songwriter, indie rock, chamber pop","Phoebe Bridgers, The Beths, Weyes Blood, Frankie Cosmos",★★★,12/10
digital,,Alanna Royale,Trouble Is,Trash Casual/Soul Step,10/10/2023,Pirate,Clean,"1, 2, 4, 6","r&b/soul, indie, pop, psych","Lady Wray, Brittany Howard, Yola, Izo FitzRoy",★★★★,12/10
digital,,Del Paxton,Auto Locator,Topshelf,10/10/2023,Pirate,2,"2, 3, 4, 1, 10","emo, alt rock, pop punk, indie rock, alternative, 90s","Oso Oso, Pup, Into It Over It, Gulfer, Braid, American Football",★★★★,12/10
digital,,Elijah Johnston,Hometown Vampire,Strolling Bones,10/10/2023,Pirate,Clean,"8, 3, 6, 9, 1","Alternative, Pop, Indie, Singer-Songwriter, Emo","The Shins, Lostboycrow, Christian Lee Hutson, Sufjan Stevens, Grizfolk, The Beatles",★★★★★,12/10
digital,,FEED US,FEED US,Mint 400,10/10/2023,Pirate,Clean,"1, 2, 4","Italo-Horror, Electronic, Dance, Indie, Pop, Ambient","The Prodigy, Nine Inch Nails, John Carpenter, Morricone Youth",★★★★★,12/10
digital,,HUNNY,Hunny's New Planet Heaven,Epitaph,10/10/2023,Pirate,7,"7, 3, 4, 5, 8","Rock, Garage, New Wave, Post-Punk, Shoegaze","Bad Suns, Hippo Campus, The Frights, Wallows, IDK How But They Found Me, Bear Hands",★★★★,12/10
digital,,MILLY,Grab The Wheel [Single],Dangerbird,10/10/2023,Pirate,Clean,Single,"Alternative, Dream, Rock, Slow","DIIV, Alex G, Swervedriver, Narrow Head, Hum, Gleemer, Nothing, Cloakroom",★★★,12/10
digital,,Saya Gray,"ANNIE, PICK A FLOWER.. (MY HOUSE) [Single]",Dirty Hit,10/10/2023,Pirate,Clean,Single,"Alternative, Indie, r&b","Grace Ives, Nilufer Yanya, Snoh Aalegra, Alice Glass, Fever Ray, 100 gecs",★★★★★,12/10
digital,,Starbenders,Take Back The Night,Sumerian,10/10/2023,The Syndicate,"2, 3, 6, 9, 11","1, 8, 4, 12","Glam Rock, pop rock, Hard Rock","The Mavens, Lilith Czar, Holy Wars, Alister, The Haunt, Hands Off Gretel",★★★,12/10
digital,,Jeff Rosenstock,HELLMODE,Polyvinyl,10/10/2023,Cosign,Clean (Edited for Radio Play),"3, 4, 5, 7","Power Pop, Indie Rock, Pop Punk, Singer-Songwriter, Skate Punk","PUP, Joyce Manor, AJJ, Hop Along, Elvis Costello",★★★★★,12/10
digital,,Mick Jenkins,The Patience,RBC/BMG,10/10/2023,Cosign,Clean (Edited for Radio Play),"2, 4, 10",Hip Hop,"Saba, EARTHGANG, NxWorries, Erick the Architect",★★★★★,12/10
digital,X (PHL),Crooks & Nannies ,Real Life,Grand Jury,8/29/2023,Planetary,"2*, 4, 9*","2, 6, 9","Indie Rock, Alt-Rock, Folk, ","Wednesday, Belle and Sebastian, Big Thief, AJJ, Wolf Parade, Alex G, Hovvdy",★★★★,12/15
digital,,carina,after the stars,Don't Sleep / PIAS,8/29/2023,Planetary,3,"2, 7, 4","Alt-Pop, Indie, Lo-Fi","Arlo Parks, Nilüfer Yanya, Mahalia, Connie Constance",★★★★,12/15
digital,,Cindy Wilson,Realms,Kill Rock Stars,8/29/2023,Planetary,Clean,"1, 4, 7"," Alternative, Indie, New Wave Pop, Neo-Disco,","The B-52's, Tune-Yards, U.S. Girls, Panda Bear, Dirty Projectors",★★★★,12/15
digital,,Film School,Field,Felte,8/29/2023,Tiger Bomb,"2, 9","1, 3, 6, 9, 11","Indie, Psychedelic Rock, Shoegaze,","Pinkshinyultrablast, Airiel, Ride, Duster, Slowdive",★★★★,12/15
digital,,Harmless,It's Only You,Nettwerk,8/29/2023,Planetary,Clean,"1, 3","Indie, Bedroom Pop, Indie R&B, ","Cuco, boy pablo, Dayglow, Vacations, Magdalena Bay, Blue Hawaii, A Beacon School, Passion Pit",★★★★★,12/15
digital,,Hiss Golden Messenger,Jump for Joy,Merge,8/29/2023,Tiger Bomb,Clean,"1, 4, 7, 10","Folk, Singer-Songwriter","Phosphorescent, Bonny Light Horseman, Wilco, Phil Cook",★★★,12/15
digital,,Lack of Afro,Square One,Bastion Music Group,8/29/2023,Planetary,"6, 10","3, 4, 2, 9","Neo-Funk, Disco, ","Durand Jones & The Indications, Black Pumas, Cookin’ On 3 Burners, The Bamboos",★★★★,12/15
digital,,Miso Extra,MSG,Transgressive / PIAS,8/29/2023,Planetary,"1, 3","2, 4, 5","Japanese Alt, Hip House, Shibuya-kei, Neo-Soul, Alternative R&B, Indie Pop","Arlo Parks, Magdalena Bay, Clairo, Sigrid, Remi Wolf",★★★★,12/15
digital,,Nora Kelly Band,Rodeo Clown,Mint,8/29/2023,Planetary,4,"2, 3, 9","Folk Indie, Neo-Country","Neko Case, Big Thief, Lucinda Williams, Pavement, Kurt Vile, Orville Peck",★★★★,12/15
digital,,Prince Josh,Moth,Hand Drawn Dracula,8/29/2023,Planetary,Clean,"1, 3, 5, 7","Noise, Electronic, Cyber, Breakbeat","Small Black, Toro Y Moi, Com Truise, Homeshake",★★★,12/15
digital,,Sea Lemon,Stop At Nothing,Luminelle Recordings,8/29/2023,Planetary,Clean,"2, 3, 5","Neo-DreamPop, Neo-Shoegaze","Winter, Tanukichan, Hatchie, SASAMI",★★★★,12/15
digital,,Strawberry Runners,Strawberry Runners,Duper Moon,8/29/2023,Tiger Bomb,Clean,,"Indie Pop, Singer-Songwriter, Bedroom","Indigo de Souza, Charlotte Cornfield, Lizzy McAlpine, Alaska Reid",★★★★★,12/15
digital,,Telemarket,Ad Nauseam,Cloud Recordings / Science Project,8/29/2023,Tiger Bomb,4,"2, 6, 9, 11","Rock, Experimental Rock","No Age, Being Dead, Purling Hiss, Strange Ranger",★★★★★,12/15
digital,,Buck Meek,Haunted Mountain,4AD,9/12/2023,Beggars,Clean,"1,  2","Singer-Songwriter, Indie Folk, Americana, Alt-Country","Big Thief, Adrianne Lenker, Lomelda, Twain, Christian Lee Hutson, Hayley Heynderickx, Hand Habits",★★★★,12/15
digital,,Big Bliss,Vital Return,Good Eye,9/12/2023,Terrorbird,Clean,"1, 2, 3, 4",art rock,"nterpol, THUS LOVE, Foyer Red, Deeper",★★★★,12/15
digital, ,A. Savage,Elvis in the Army [Single],Rough Trade,9/12/2023,Beggars,TBD,Single,"Indie Rock, Post Punk","Parquet Courts, BRONCHO",★★★★,12/15
digital,,Anjimile,ANIMAL [Single],4AD,9/12/2023,Beggars,TBD,SIngle,"Indie-Folk, Indie Rock","NNAMDÏ, Left at London",★★★,12/15
digital,,bby,hotline [Single],Self Released,9/12/2023,The Orchard,TBD (9),Single,"Alternative, Indie, Rock, ","BETWEEN FRIENDS, Max Fry",★★★★★,12/15
digital,,Hot Freaks,Hot Freaks Forever,Diamond City,9/12/2023,The Syndicate,Clean,"2, 6, 4, 1","indie Pop, Pop Rock","Strange Magic, Market Square Recordings, Junk Drawer, Shadowplay",★★★,12/15
digital,,Jorja Smith,GO GO GO [single],FAMM,9/12/2023,The Orchard,clean,single,"RnB, Pop-Rock","H.E.R, Sabrina Claudio, Snoh Aalegra, Kehlani",★★★★,12/15
digital,,Lifeguard,In The City [Single],Matador ,9/12/2023,Beggars,TBD,SIngle,"Punk, Alt-Punk, Noise, Indie, DIY","Horsegirl, Water From Your Eyes, Iceage, Stuck, Friko",★★★★,12/15
digital,,Liza Anne,Shania Twain Is Making Me Cry [Single],AntiFragile,9/12/2023,Pirate!,Clean,Single,"Indie Rock, Singer-Songwriter, Indie Pop","St. Vincent, Margaret Glaspy, MUNA, Miya Folick, HAIM, Caroline Rose, Tegan and Sara, The Regrettes",★★★★,12/15
digital,,Mapache,Swinging Stars,Innovative Leisure,9/12/2023,Shine On,Clean,"12, 6, 3, 9, 10","Indie, Folk, Acoustic","Sam Blasucci, Kevin Morby, Kurt Vile, Blake Mills, Drugdealer, Mild High Club,  Allah-Las, Beachwood Sparks, Father John Misty",★★★★,12/15
digital,,Mount Worcester,Mount Worcester,Trash Casual/Soul Step,9/12/2023,Pirate!,TBD,"1, 2, 3, 7","R&B, Soul, Brass, Cinematic, Funk","Hugh Masekela, Fela Kuti, Antibalas, Ikebe Shakedow, El Michels Affair, Sure Fire Soul Ensemble, Menahan Street Band",★★★★,12/15
digital,,Mustard Plug,Where Did All My Friends Go?,Bad Time,9/12/2023,Pirate!,TBD,"3, 4, 1, 2","ska, punk, 3rd wave ska","The Planet Smashers, Big D & The Kids Table, Less Than Jake, Mad Caddies, The Slackers",★★★★,12/15
digital,,NORMY,What the Fuck Planet Are These Guys From [EP],Smartpunk,9/12/2023,Pirate!,"1, 2, 5","4, 1, 2","Punk, Melodic Hardcore, Pop Punk, Skate Punk","Blink-182, Heart Attack Man, New Found Glory, NOFX, Motion City Soundtrack, State Champs",★★★★,12/15
digital,,Odd Army,"Chrysalis, Become!",Self Released,9/12/2023,Shine On,Clean,"3, 4, 9","Rock, Stoner Rock, Indie-Rock","Soundgarden, King Gizzard..., Foo Fighters, Foals, Taking Meds, Muse, Led Zeppelin, The Wans, QOTSA, The Black Keys & July Talk,",★★★★,12/15
digital,,Sparklehorse,Bird Machine,Anti-,9/12/2023,Pirate!,6,"1, 3, 9, 10, 12","Indie Rock, Indie Pop, Slacker Rock, Indietronica, Slowcore, Alt","Grandaddy, Built To Spill, The Flaming Lips, Yo La Tengo, Eels",★★★★,12/15
digital,,"Hails, The",What's Your Motive,ONErpm,9/12/2023,Pirate!,TBD,"3, 4, 8, 2, 1","Indie Pop, Pop Rock","Early Eyes, Vacation Manor, COIN, The Drums, HUNNY, Portugal The Man, Wallows",★★★,12/15
digital,,"Rural Alberta Advantage, The",Conductors [Single],Saddle Creek/Paper Bag,9/12/2023,Pirate!,Clean,Single,"Indie Rock, indie Pop, Americana, indie Folk","Fleet Foxes, Wolf Parade, The National, Said The Whale, The Shins, Broken Social Scene",★★★★,12/15
digital,,Ratboys,The Window,TopShelf,9/12/2023,Terrorbird,"3*. 7*, 11*","2, 3, 4, 6","indie rock, indie pop, pop rock","Illuminati Hotties, Charly Bliss, LVL UP, Plumtree",★★★★★,12/15
digital,X (PHL),blue smiley,ok + retrun + fishhh + happyyy,Topshelf,10/17/2023,Pirate,TBD,,"rock, fuzz, garage, sapppop, shoegaze","My Bloody Valentine, Grouper, TAGABOW, Cocteau Twins, Tony Molina, and You'll Never Get To Heaven",★★★★★,12/17
digital,,Chris LaRocca,i cried my eyes out,Red Bull/Wonderchild,10/17/2023,Pirate,Clean Versions Available,"3, 4, 13, 9, 8, 2","r&b, soul, indie pop","Genesis Owusu, Steve Lacy, James Blake, Omar Apollo, Dominic Fike",★★★★,12/17
digital,,Dream Nails,Doom Loop,Marshall,10/17/2023,Pirate,6 (edits available),"9, 1, 4, 8, 2","punk, postpunk, feminist","he Linda Lindas, Petrol Girls, Dream Wife, Amyl and The Sniffers, Be Your Own Pet, Big Joanie",★★★,12/17
digital,,M(h)aol,Asking For It [Single],Merge,10/17/2023,Pirate,,single,"punk, postpunk, feminist","Petrol Girls, English Teacher, Wet Leg, Sprints, Billy Nomates, Mannequin Pussy, Priests",★★★★,12/17
digital,,Princess Goes,Come Of Age,SO In De Goot,10/17/2023,Pirate,,"2, 3, 4, 5, 6","Electronic, Experimental, Rock, Dance","The National, Destroyer, Man On Man, TV On The Radio",★★★★,12/17
digital,,"Maravines, The",Live and Acoustic From The Forest Of Chaos,Mint 400,10/17/2023,Pirate,,"1, 2, 5","Folk Rock, Acoustic, Singer-Song writer","Rogue Wave, Nada Surf, Colour Revolt, Low",★★★★★,12/17
digital,,Husbands,Cuatro,Thirty Tigers,10/17/2023,The Syndicate,Clean,"4, 2, 1, 5, 8","Indie, indie Rock, Bandroom pop, Lofi","Beachy Head, DEHD, No Vacation, Living Hour",★★★,12/17
digital,,Provoker,Demon Compass,Year0001,10/17/2023,The Syndicate,3,"2, 3, 7, 8, 10","Post Punk, New Wave, Electronic, Horror","Overmono, Tout Debord, vedawave, Scale Model",★★★★,12/17
digital,,The Drums,Jonny,Anti-,10/17/2023,,"4, 5, 8, 10, 15 (Clean of 4 available)","14, 2, 13, 1, 7, 8, 4","Indie Pop, Alternative, Indie Rock","Wild Nothing, Alvvays, DIIV, Local Natives, Real Estate",★★★,12/17
digital,,Jamila Woods,Water Made Us,Jagjagwuar,10/17/2023,Secretly,3*,"1, 2, 3, 13","alternative r&b, neo soul, art pop","solange, the internet, frank ocean, sza, kali uchis",★★★★,12/17
digital,,Mali Velasquez,I'm Green,Acrophase,10/17/2023,Terrorbird,"7*, 9*","1, 2, 7","indie rock, singer songwriter, indie folk","Squirrel Flower, Wednesday, Soccer Mommy, Sea Lemon, Girlpuppy",★★★★★,12/17
digital,,Teezo Touchdown,how do you sleep at night?,RCA,9/12/2023,The Syndicate,"2, 10","9, 4, 3, 1","Trap, Pop Rap, Southern hip Hop",,★★★★,12/22
digital,,Fiddlehead,Death Is Nothing To Us,Run for Cover,10/24/2023,Tiger Bomb,Clean,"2, 6, 11","Post-Hardcore, Emo, Alternative Rock","Have Heart, Balance and Composure, Title Fight, Basement",★★★★★,12/24
digital,,Slauson Malone 1,EXCELSIOR,Warp,10/24/2023,Co-sign,Use Clean Edits,"5, 9*, 14*","Neo-Psychedelia, Art Pop, Ambient Pop, Glitch, Hypnagogic Pop, Sound Collage, Folktronica, Psychedelic Soul, Neo-Soul, Ambient, Avant-Folk","Quelle Chris, Noname, Frank Ocean, JPEGMAFIA",★★★★★,12/24
digital,,Fake Dad,So Dramatic! [Single],Father Figure,10/24/2023,Planetary,Clean,Single,"Dream Pop, Alternative R&B","Sylvan Esso, Wild Ones, LCD Soundsystem, Rubblebucket, Santigold",★★★★★,12/24
digital,,Chuck Copenace,Creator [Single],Jayward Artist Group/The Orchard,10/24/2023,Planetary,Clean,Single,Jazz,"iskwē, Tom Wilson, Mali Obomsawin, Natural Information Society",★★★★,12/24
digital,,Marky Mauve,Early Bird Breaks the Heart [Single],Mauve Entertainment,10/24/2023,Planetary,Clean,Single,"Indie Pop, Indietronica, Electropop","Electric Guest, Wild Nothing, Ginger Root, Kid Bloom, Prince",★★★★,12/24
digital,,Diners ,Domino,Bar/None,10/24/2023,Tiger Bomb,Clean,"1, 2, 4, 5","Power Pop, Indie Surf, Twee Pop","Babe Rainbow, Remember Sports, The Apples In Stereo, TOPS, Wavves",★★★,12/24
digital,,Night Gallery,VERIFY [Single],Loose Birch,10/31/2023,N/A,Clean,Single,"Post-Punk, Shoegaze, Indie Rock","New Order, Deeper, Occult X. Joy Division",★★★★★,12/31
digital,,Seraphine Noir,"All Caps, Blue Voyage, b/w Prominence [Singles]",Hundred Days,10/31/2023,N/A,Clean,Singles,"Acid Jazz, Psychedlic Jazz, Jazz Breakcore","Berlioz, Macabre Plaza, Masayoshi Takanaka, Flying Fish",★★★★★,12/31
digital,,Sarah Kinsley,Ascension,Verve Forecast,10/31/2023,Planetary,Clean,"1, 2, 4","Indie Pop, Dream Pop, Art Pop","Jay Som, Boy Scouts, Tomemitsu, Frankie Cosmos",★★★★★,12/31
digital,,Elliott Fullam,End of Ways,Kill Rock Stars,10/31/2023,Planetary,Clean,"2, 4, 6, 10","Singer-Songwriter, Indie Folk, Slowcore","Starry Cat, Greg Mendez, Told Slant, Horse Jumper of Love, Deathcrash",★★★★,12/31
digital,,Public Memory,Elegiac Beat,Felte,10/31/2023,Tiger Bomb,Clean,"4, 7, 8","Trip Hop, Darkwave, Art Pop","Massive Attack, Portishead, SUUNS, HTRK, Burial",★★★★,12/31
digital,,Borderline,Perfect Movie Scene,August Avenue,10/31/2023,Planetary,Clean,"1, 2, 4, 7","Indie Pop, Synthpop, New Wave, Alternative Dance","Two Door Cinema Club, Phoenix, The 1975, Hippo Campus, The Killers, Air Traffic Controller",★★★,12/31
digital,,"Ephemeral, The",Your Burden Is Safe With Me,Self Released ,10/31/2023,Planetary,"1*, 6*","1*, 2, 4","Progressive Metal, Post-Hardcore, Melodic Metalcore","Escape The Fate, Slaughter To Prevail, Unearth, Deafheaven",★★★,12/31
digital,,S.A. VENTS,Script [EP],Self-Released,10/31/2023,Planetary,Use Clean Edits,"1*, 2*, 4*","Pop Rap, Trap, Electropop, East Coast Hip Hop, Contemporary R&B","Kid Cudi, Theophilus London, Playboi Carti, N.E.R.D",★★★,12/31
digital,X (PHL),Florry,The Holey Bible,Dear Life,8/8/2023,Tiger Bomb,11,"1, 2, 4, 7","Alt-Country, Country Rock, Indie Rock","Wednesday, Wild Pink, Feeble Little Horse, Friendship",★★★★,12/8