CD + digital,LOCAL,ARTIST,ALBUM,Label,ADDED,promoter,FCC Warnings,Rec. Tracks,GENRE,RIYL,Rating/predicted popularity,approx. REMOVE DATE
digital,X (PHL),Beef,Highwater [Single],Self-Released,1/9/2024,N/A,Use Clean Edit!,Single,"Hardcore, Punk, Metal","Haunt Dog, Sloptart, Valendina, Afloat, Less Art, CAPRA",★★★★,4/9
digital,,Elephant Gym,World,Topshelf,1/9/2024,Pirate!,Clean,"8, 9, 1, 2","rock, fusion, instrument, jazz rock, math rock,","American Football, toe, tricot, Chon, TTNG, Yvette Young",★★★★,2/9
digital,,Quiet Takes,Meri Said [Single],Self-Released,1/9/2024,Pirate!,Clean,Single,"alternative, alt-folk, indie, indie folk, singer-songwriter","Azure Ray, Bat For Lashes, Cat Power, Feist, Angel Olsen, Rhye",★★★,2/9
digital,,Various Artists,This is New Tone,Bad Time,1/9/2024,Pirate!,"2, 3, 4, 5, 8, 9, 10, 12, 14, 15","6, 13, 18, 19, 20","New Paltz, Ska","Catbite, JERm We Are The Union, AKAI SOLO",★★★,2/9
digital,,"Lemon Twigs, The",My Golden Years [Single],Captured Tracks,1/9/2024,Syndicate,Clean,Single,"surf rock, rock, rock n roll","Beach Boys, SAULT, Sloan, SPRINTS",★★★,2/9
digital,,Jordan Lindley,"Maybe It'll All Work Out, Pt. 1",Self-Released,1/9/2024,Syndicate,"2, 3","1, 5","Singer-Songwriter, Folk, Acoustic, Indie Folk","Mulligan's Match, Mar.Q, Nathan Irving, Black Bigfoot",★★★,2/9
digital,,Paul Spring,Always Almost Home,Self-Released,1/9/2024,Terrorbird,clean,"2, 5, 11","indie folk, chamber folk, progressive folk","Devendra Banhart, Fleet Foxes, Thom Yorke",★★★★,2/9
digital,X (PHL),Beef,Highwater [Single],Self-Released,1/9/2024,N/A,Use Clean Edit!,Single,"Hardcore, Punk, Metal","Haunt Dog, Sloptart, Valendina, Afloat, Less Art, CAPRA",★★★★,4/9
digital,,Happy Just To See You,Ways to Cope [Single],Self-Released,1/16/2024,Pirate!,Clean,single,"Alternative, Country, Emo, Indie, Indie Rock, Rock, Folk Rock","Wilco, MJ Lenderman, Pile, Pedro The Lion, Horse Jumper of Love, Ratboys",★★★★,3/16
digital,,Teens in Trouble,Playlist [Single],Asian Man,1/16/2024,Pirate!,2,single,"Alternative, Punk, Rock, Indie Rock","Tigers Jaw, Jeff Rosenstock, Beach Bunny, Louise Post, The Breeders, Liz Phair",★★★,3/16
digital,,Tetchy,All In My Head [EP],Trash Casual,1/16/2024,Pirate!,Use Clean Edits!,"1, 2, 3","DIY, Rock, Alt, Indie","Skating Polly, Pinkshift, Destroy Boys, NOBRO, THICK",★★★★,3/16
digital,,The Bug Club,Rare Birds: Hour of Song,We Are Busy Bodies,1/16/2024,Pirate!,"2, 8, 15, 46","10, 12, 17, 19, 23, 29, 36","indie Rock, Power Pop, Garage Rock, Spoken word","Kiwi Jr, Television, Disq, Built To Spill, BODEGA, The New Pornographers",★★★★★,3/16
digital,,Bill Ryder Jones,Iechy Da,Domino,1/16/2024,Syndicate,Clean,"1, 6, 3, 9","Alternative, Indie","The Smile, SAULT, Slowdive, GOOD GOOD BLOOD, Omni",★★★,3/16
digital,,Psychedelic Porn Crumpets,Fronzoli,What Reality?,1/16/2024,Co-Sign,1,"1, 2, 6","Pysch Rock, Alt-Rock, Noise, Glittery","Royal Blood, The Murlocs, Fontaines DC, King Gizzard & The Lizard Wizard, Tropical Fuck Storm",★★★★★,3/16
digital,,Mid Century Modern,Stolen Moments [EP],MADK Productions,1/16/2024,Co-Sign,Clean,"1,2","Jazz, Hip Hop, R&B","Portishead, Massive Attack, Thievery Corporation",★★★★,3/16
digital,,Ride,Peace Sign [Single],Wichita Recordings / PIAS,1/16/2024,Co-Sign,Clean,Single,"Alt-Rock, Indie Rock, Synth","Spiritualized, My Bloody Valentine, Slowdive, Stereolab, Lush",★★★★,3/16
digital,,Mindchatter,Brain Pills [Single],Foreign Family Collective,1/16/2024,Co-Sign,Clean,Single,"Dance, Electronic, House, EDM","Mild Minds, Gilligan Moss, ford., Tourist",★★★★,3/16
digital,,SPRINTS,Letter To Self,CIty Slang   ,1/16/2024,Shine On,Clean,"2, 5, 6, 8, 10","Garage-Punk, Riot Grrrl, Punk Rock","Bully, PJ Harvey, PINS, Le Tigre, TV Priest, Fontaines DC, Girl Band, Sonic Youth, Patti Smith",★★★★,3/16
digital,,Slow Hollows,Idle Hands [Single],Danger Collective,1/16/2024,Shine On,Clean,Single,"Indie Rock,  ","Conor Oberst, Alex G, Real Estate, Frankie Cosmos, The National, Day Wave, DIIV, M. Ward, Beach House, Wild Nothing, Cass McCombs, Radiohead, Jeff Buckley, Neil Young, Elliott Smith",★★★★,3/16
digital,,The Lemonheads,Seven Out [Single],Fire Records,1/16/2024,Shine On,Clean,Single,"Folk Rock, Alt-Rock, Indie Rock","Kurt Vile, GEESE, Teenage Fanclub, Viagra Boys, Nick Cave & Protomartyr",★★★★★,3/16
digital,,Hotline TNT,Cartwheel,Third Man Records,1/16/2024,Shine On,3,"1, 2, 7,12","Shoegaze, DIY Punk Rock, ","Alex G, MJ Lenderman, Pardoner, Hovvdy, Good Morning, Stove, They Are Gutting a Body of Water, Current Joys & Feeble Little Horse",★★★★,3/16
digital,,Daneshevskaya,Long Is The Tunnel [EP],Winspear,1/16/2024,Planetary,3,"1, 2, 4, 5","Chamber Pop, Indie Pop, Baroque","Indigo De Souza, Katy Kirby, Skullcrusher, Marissa Nadler, Julia Holter, Helena Deland, Black Country, New Road",★★★★★,3/16
digital,,Dirty Nice,Surrenderland,Chiverin,1/16/2024,Planetary,Clean,"1, 2, 3, 4, 5","Alt Pop, Electropop, Indie Folk, Indie Pop","Passion Pit, Djo, STRFKR, St. Lucia, MGMT, Bleachers",★★★★★,3/16
digital,,Breeze,Sour Grapes,Hand Drawn Dracula,1/16/2024,Planetary,Clean,"1, 4, 7, 9","Dream Pop, Dream Punk, Indie Rock","Happy Mondays, Gang of Four, Wire, Gorillaz, Human League, Nation Of Language, Shame, Slowthai, Fontaines D.C.",★★★★,3/16
digital,,LongRoad,Faith In Greater Things?,Self-Released,1/16/2024,Planetary,Clean,"1, 2, 3, 7, 10","Indie Rock, Slacker Rock, Power Pop","Teenage Fanclub, Guided By Voices, Jawbox, The Lemonheads, R.E.M.",★★★,3/16
digital,,Youth Lagoon,Football [Single],Fat Possum,1/16/2024,Planetary,Use Clean Edit!,Single,"Soft Rock, Indie Pop, Neo-Psychedelia, Alt-Country, Psychedelic Pop, Bedroom Pop","Arthur Russell, Kate Bush, Cate Le Bon, Perfume Genius, Elliott Smith, Scott Walker",★★★★,3/16
digital,,Mia Doi Todd,Island in the Storm [Single],Self-Released,1/16/2024,Planetary,Clean,Single,"Singer-Songwriter, Folk Pop, Contemporary Folk, Indie Folk","Kadhja Bonet, Jessica Pratt, Vashti Bunyan, Joan Baez, Grouper",★★★,3/16
digital,,HighSchool,August 19 [Single],PIAS,1/16/2024,Planetary,Clean,Single,"Post-Punk, Coldwave, Gothic Rock","bar italia, Broadcast, Provoker, Eyedress, Polvo, King Krule",★★★★★,3/16
digital,,ammar,WHAT'S BEHIND BLUE SKIES [EP],DISENGAGE,1/16/2024,Planetary,2,"3, 4","Neo-Soul, Bedroom Pop, Psychedelic Soul, Alternative R&B","Bennett Coast, Del Water Gap, Steve Lacy, Dominic Fike, Juice WRLD, Paris Texas",★★★,3/16
digital,,Vacations,No Place Like Home,Nettwerk,1/16/2024,Planetary,10,"1, 4, 5, 7, 9","Jangle Pop, Indie Rock, Indie Surf","Rolling Blackouts Coastal Fever, Inner Wave, Ducks Ltd., Surf Curse, Her's, Vundabar",★★★★★,3/16
digital,,Nailah Hunter,Lovegaze,Fat Possum,1/16/2024,Planetary,Clean,"1, 3, 6","Art Pop, New Age, Chamber Folk, Downtempo, Ambient","Ana Roxanne, Kelela, Julie Byrne, L’Rain, Moses Sumney, Kelsey Lu",★★★★,3/16
digital,,Josiah Soren,Samurai,Self-Released,1/16/2024,Glow Artists,"2*, 3*, 4*, 6*, 8*, 7*, 9*","2*, 4*, 5*, 8*","Jazz Rap, Hip Hop, Alt Jazz","Yussef Dayes, Ezra Collective, Snarky Puppy, Alfa Mist",★★★★,3/16
digital,,Hot Garbage,Precious Dream,Mothland,1/16/2024,Mothland,Clean,"1, 2, 7","Garage Rock, Art Rock, Post-Punk, Psych Rock","IDLES, Gustaf, yoo doo right, Evolfo, Coke Weed",★★★★,3/16
Vinyl,,Be Your Own Pet,Mommy,Third Man Record,1/18/2024,,,,Punk,"Lamictal, Taco Bell, Rubber",★★★★,3/18
Vinyl,,Savana Santos,cheater (single),The Valory Musiic,1/18/2024,,"1, 2",,"Alt Pop, Indie Pop, Indie Rock","Olivia Rodrigo, Sam Backoff, savs house, avenue Beat",★★★,3/18
Vinyl,,Nod,Nod,Feeding Tube / Carbon Records,1/18/2024,,,,"Alternative, Alt Rock, outsider","Main Dice, Pavlov's Puss, The Veldt",★★★★,3/18
Vinyl + Digital,,Tired Tape Machine,Thing,Feeder Records,1/18/2024,Planetary,,"1, 6","Downtempo, Electronic","The Avalanches, Four Tet, Boards of Canada, The Alchemist, Knxwledge, Farhot, Dave Okumu",★★★,3/18
Vinyl,,Prude Boys,Greatest Hits,Outer Limits Records,1/18/2024,,3,"1, 2, 9, 10","Rock, Fuzz, Garage, Lofi, pop, punk, rock, surf",,★★★,3/18
Vinyl,,The Estate Owns the Ghost Show,Build A Church With Debris,,1/18/2024,,Clean,,"Rock, Forro, Lo-fi, New Wave, Psychedelia","Burt Bacharach, Sparks, New Order, Autoamerican Blondie, Brian Eno, The Ronettes",★★★★,3/18
Vinyl + Digital,,Dust Star,Open Up That Heart,Lame-O Records,1/18/2024,Terrorbird,,"1, 5, 10","Power Pop, Indie Rock","Illuminati Hotties, Carlos Truly, Young Guv, 2nd Grade",★★★★,3/18
Vinyl,,FUTURE TERROR,Plague,Ryvvolte Records,1/18/2024,,,,"Hardcore, noise, punk, hardocre punk","Paranoid, Blood Incantation, Gulch, Cash Bride",★★★★,3/18
Vinyl + Digital,,Gilla Band,Most Normal,Rough Trade,1/18/2024,Beggars,"2, 3, 7, 8, 9, 10, 12*","12*, 1","Noise Rock, No Wave","shame, METZ, USA Nails, DITZ, Iceage",★★★★,3/18
Vinyl,,Eli Winter,Eli Winter,Three Lobed Records,1/18/2024,,,,"experimental, folk, psychedelic","Bill Nace, Ryley Walker, Yasmin Williams",★★★,3/18
Vinyl,,Star Party,Meadow Flower,Feel It Records,1/18/2024,,,,"Punk, c86, indy, noise pop, rock","Sweeping Promises, Spread Joy, Shady bud, Ruah",★★★,3/18
Vinyl + Digital,,Mild Orange,Looking For Space,Self-Released,1/18/2024,Shine On,,"2, 5, 4, 1, 3","Dream Pop, Indie Rock","Rolling Blackouts Coastal Fever, Good Morning, Palace, Current Joys, Alex G",★★★,3/18
Vinyl,,Winged Wheel,No Island,12XU,1/18/2024,,,,Rock,"Sweeping Promises, Lou Reed,m Dummy, SHADOW SHOW",★★★★,3/18
CD,,Anton Barbeau,Morgenmusik/Nachtschlager,Think Like A Key,1/18/2024,Shine On,Disc1: 10,"Disc1: 2, 1 Disc2: 11, 14","alternative, international, new wave, pop, psychedelic","Robyn Hitchcock, XTC, Julian Cope, Tame Impala, King Tuff, Of Montreal, David Bowie",★★★★,3/18
CD,,Hotline TNT,Cartwheel,Third Man Records,1/18/2024,Shine On,3,"1, 2, 7,12","Shoegaze, DIY Punk Rock, ","Alex G, MJ Lenderman, Pardoner, Hovvdy, Good Morning, Stove, They Are Gutting a Body of Water, Current Joys & Feeble Little Horse",★★★★,3/18
CD + Digital,,THALA,In Theory Depression,Fire,1/18/2024,Shine On,Clean,"1, 2, 3, 4, 5","Lofi-Indie, Indie Rock, Psych,","Beabadoobee, Slow Pulp, Alvvays, Faye Webster, Clairo, Samia, Julia Jacklin, Boygenius, Blondshell, Angel Olsen, Wednesday, & The Concretes",★★★★,3/18
CD,,Mainland Break,One Way Ticket to Midnight,,1/18/2024,,,6,"indie, rock, jangle pop","Chime School, Bob Mould, Jetstream Quivers, JW Francis",★★★,3/18
CD,,Certain Times,Desire,Double Phantom,1/18/2024,Shine On,Clean,"2, 4, 5, 3","pop, indie pop, new wave, pop, synth,","Caroline Polachek, LCD Soundsystem, Washed Out, Devo, Grace Jones, Human League",★★★,3/18
CD,,Dream Wife,Love You More,Lucky number Music,1/18/2024,Shine On,"3, 4, 6, 7","2, 10, 11, 12","pop, alterntaive, grunge, indie pop, punk, rock","Yeah Yeah Yeahs, Wet Leg, Sheer Mag, Sleater-Kinney, Le Tigre, Blondie",★★★★,3/18
CD + Digital,,Sara Tea,Songs for Discarded Souls [EP],Magic Guts Collective,1/18/2024,Tiger Bomb,,,"Experimental, ethereal, folk, haunting, neo folk, neopsychedlia","Amy Annelle, Nils Frahm, Noname, bodies of divine infinite and eternal spirit",★★★★,3/18
CD,,Valentina & Los Bindis,COGOLLOS X PELUCHES,,1/18/2024,,,,"Experimental, pop punk, punk, synthpop, lofi","1994, Club Night, Teenage oods",★★★★★,3/18
CD,,Escpae to Never (Program For Melting),Pengo,Carbon,1/18/2024,,,,"Experimental, drone, free improv, heavy rock, noise, psych","Sonic Youth, Strombii, Sunburned Hand of the Man",★★★★,3/18
CD,,Friends Below Zero,End Of Tunes,,1/18/2024,,,,"rock, alt rock, drone rock, indie rock, shoegaze","SAULT, Water Damage, Junk Drawer",★★★★,3/18
CD + Digital,,Fat Trout Trailer Park,Florida,22Twenty,1/18/2024,Shine On,,"4, 1","garaga pop, indie, post-punk, posy-whatever, psychedelic","White Hills, Hey Colossus, Twin Drugs",★★★,3/18
CD + Digital,,LA Priest,Fase Luna,Domino,1/18/2024,Terrorbird,Clean,"3, 5, 6","Alternative, Indie Rock, Pysch, Indietronica, Pop Rock","Unknown Mortal Orchestra, Winona Forever, Ginger Root",★★★★,3/18
CD + Digital,,Softee,Natural,City Slang,1/18/2024,Tiger Bomb,"7, 9*","2, 3, 5, 9","R&B, Synth-pop, Indie pop","MUNA, Hatchie, Miya Folick, Empress Of",★★★★,3/18
CD,,French 79,Teenagers,Alter K,1/18/2024,Shine On,,"2, 9, 5","Electroic, pop, dance","Daft Punk, HOME, M83, AIR, Le Couleur, Wolf Parade, Justice, Ratatat, John Hopkins, S U R V I V E",★★★★★,3/18
Vinyl,X (NJ),"Callow Gentry, The",Sackamaxon Discard,,1/18/2024,,,,"Rock, Indie, Indie, Space, Shoegaze","HOLY FAWN, Caroll, Hayes Noble, Twin Drugs, Tallies",★★★★,4/18
Vinyl,X (PHL),Golden Apples,Bananasugarfire,Lame-O Records,1/18/2024,,6,"4, 5, 8","pop, alternative, bedroom pop, indie","The Reds, Pinks, & Purples, Ratboys, Wednesday, Ryan Egan",★★★★★,4/18
Vinyl,X (PHL),Larlene,See U Soon! [EP],Abandon Everything Records,1/18/2024,,,,Garage Alternative,"Full Bush, Spetters & RA!D, Filth Is Eternal",★★★,4/18
Vinyl,X (PHL),Positronix,Bad House [EP],Abandon Everything Records,1/18/2024,,,,"Punk, Post-Punk, new wave","Sweepig Promises, MESH, Powerplant, Whisper Hiss, Kate Fagan",★★★★,4/18
Vinyl,X (PHL),Wax Jaw,Between The Teeth [EP],Abandon Everything Records,1/18/2024,,,,"Surf, New Wave, post-punk, indie rock","Ovef Ow, SAVAK, CHERUBS, Subsonic Eye",★★★★,4/18
CD,X (PHL),Graham Repulski,Zero Shred Forty,,1/18/2024,,,3,"rock, diy, art rock, experimental, folk, indie rock, lo-fi, pop, psych, twee","Trans Charger Metropolis, Ratburn, Von Hayes",★★★★,4/18
digital,,Office Dog,Spiel,New West,1/23/2024,Syndicate,Clean,"5, 3, 7, 11","Post-Punk, Noise, Post-Hardcore, Alt Rock, Indie","Hum, Failure, Pile, Squirrel Flower, Taleen Kali, Wombo, Kane Strang, Ben Woods",★★★★★,3/23
digital,,Carpool,Open Container Blues [Single],SideOne Dummy,1/23/2024,Pirate!,"1, 2",single,"punk rock, emo, alternative","Joyce Manor, PUP, Jeff Rosenstock, Sweet Pill, Prince Daddy & The Hyena",★★★,3/23
digital,,Gulfer,Too Slow [Single],Topshelf,1/23/2024,Pirate!,Clean,single,"alternative, emo, grunge, indie pop, math rock, punk","Oso Oso, Joyce Manor, Prince Daddy and the Hyena, TTNG, Maps & Atlases, Pup, Hotline TNT, Ovlov",★★★★,3/23
digital,,Sleeping Jesus,Hollywood Smile,The Garden Shed,1/23/2024,Tiger Bomb,5*,"1, 3, 5*","Americana, Alt Rock, Folk Rock, Dream Pop","The Shins, Kurt Vile, Local Natives, Wilco",★★★,3/23
digital,,Folly Group,Down There!,So Young Records/Communion,1/23/2024,Planetary,5*,"1, 2, 5*, 7","Post-Punk, Art Punk, Dance-Punk, Post-Punk Revival, Synth Punk, Math Rock","Dry Cleaning, Do Nothing, Yard Act, The Murder Capital, Shame",★★★★★,3/23
digital,,Marika Hackman,Big Sigh,Chrysalis Records,1/23/2024,Planetary,"2*, 3, 7","2*, 5, 8, 10","Singer-Songwriter, Indie Rock, Indie Folk, Chamber Pop","Fenne Lily, Samia, This Is The Kit, Julia Jacklin, Lianne La Havas, The Weather Station, LUMP",★★★★★,3/23
digital,,Orgōne,Chimera [Advanced Tracks],3 Palm Records,1/23/2024,Pavement,TBD,"1, 3, 4, 10","Afrofunk, R&B, Psychedelic Soul, Funk Rock","Khruangbin, The Budos Band, Kingsley Ibeneche, The New Mastersounds",★★★★,3/23
digital,,"Dave Harrington, Max Jaffe, Patrick Shiroishi","Speak, Moment [Advanced Tracks]",AKP Records,1/23/2024,Jukebox,Clean,"2, 3, 4","Jazz, Psychedelic, Improvised Music","Jeff Parker ETA IVtet, Ben Monder’s Amorphae, Body / Head, 75 Dollar Bill, Sonny Sharrock’s Ask The Ages, David Torn / Time Berne / Ches Smith’s Son of Goldfinger, Horse Lords, Nate Mercereau",★★★,3/23
digital,,King Dream,Glory Daze V,Dimed Records,1/23/2024,Planetary,1*,"1*, 2, 3, 4","Alt Rock, Psych Rock, Indie Rock","My Morning Jacket, The War on Drugs, Genesis, Porcupine Tree, Deer Tick, Wilco, Blake Mills",★★★★,3/23
digital,,Closure In Moscow,Soft Hell,Bird’s Robe Records,1/23/2024,Planetary,1,"2, 3, 4, 6","Alternative Rock, Progressive Rock, Funk Rock, Psychedelic Rock, Post-Hardcore","Dance Gavin Dance, Hail The Sun, Pulses., Static Dress, Pierce The Veil, Muse",★★★★,3/23
digital,,Richard E,Opening Scene,Far Out Recordings,1/23/2024,Planetary,Clean,"1, 5","Psych Rock, Art Rock, Electronic Rock","Sparks, David Bowie, Bryan Ferry, Bauhaus",★★★,3/23
digital,,Lizzie No,Halfsies,Thirty Tigers/Miss Freedomland,1/23/2024,Planetary,Clean,"2, 3, 4, 8","Americana, Indie Folk, Folk Rock","Lydia Loveless, Jess Williamson, Waxahatchee, Courtney Marie Andrews, Kathleen Edwards",★★★,3/23
digital,,潘PAN,Reborn [EP],Transgressive / [PIAS],1/23/2024,Planetary,3,"1, 2","Art Pop, Glitch Pop, Ambient Pop, Epic Collage","Grimes, Yaeji, yeule, HANA, SOPHIE, Arca",★★★★,3/23
digital,,slime ring,Explorer Series Vol. 1 [EP],Self Released,1/23/2024,Tiger Bomb,2*,"1, 2*","Experimental, Ambient, Dreampop, Indie Pop","draag me, The Garden, Palm, Gnoomes",★★★,3/23
digital,,Sunset Honor Unit,Desire Paths,Marching Banana,1/23/2024,Tiger Bomb,"7, 8","1, 2, 10","Power Pop, Indie Rock, Indie Country","Sparklehorse, The Byrds, Mo Troper, The Smashing Times",★★★,3/23
digital,X,False Tracks,Hymn For Terror,Strange Mono,1/30/2024,Pirate!,TBD,"1, 3, 4","Alternative, rock, diy, indie rock, jangle pop, new wave, post-punk, power pop, punk","Wire, The Dream Syndicate, Gang Of Four, Public Image Ltd, Osees",★★★★,3/30
digital,,Finnoguns Wake,Stay Young EP,What's Your Rapture?,1/30/2024,Syndicate,Clean,"1, 3, 2, 4","punk, britpop, punk rock","Sweeping Promises, Shogun And The Sheets, Smokescreens, Ataque",★★★★★,3/30
digital,,Cheekface,It's Sorted,Self-Released,1/30/2024,Pirate!,6,"1, 2, 4, 8, 10","alternative, indie rock, talk singing","Pavement, Jeff Rosenstock, The Front Bottoms, Slaughter Beach Dog, Lou Reed, Cake, Talking Heads",★★★★,3/30
digital,,Dream Home,Hold On so Tough,Mint 400,1/30/2024,Pirate!,TBD,"3, 2, 5, 9","rock, alt-country, indie, indie pop, shoegaze, surf","The Flaming Lips, Grandaddy, Guided By Voices",★★★★,3/30
digital,,Katy Kirby,Blue Raspberry,Anti-,1/30/2024,Pirate!,5,"4, 6, 7, 11, 3","rock, indie, post-folk","Waxahatchee, Skullcrusher, Sharon Van Etten, Lucy Dacus, Squirrel Flower, Big Thief",★★★★★,3/30
digital,,Large Brush Collection,Off Center,Companion Plant,1/30/2024,Tiger Bomb,Clean,"3, 4, 5, 10","Folk, napcore, folk rock, indie rock, bedroom pop","Florist, Mega Bog, Big Thief, Wye Oak",★★★,3/30
digital,,Future Mondays,Future Mondays,,1/30/2024,Planetary,Clean,"1, 2, 3","alternative, Rock, Synth","Yumi And The Weather, Goon, Cavern of Anti-Matter",★★★,3/30
digital,,Teenage Joans,The Rot That Grows Inside My Chest,Domestic La La,1/30/2024,Planetary,"4, 5, 3","3, 4, 12, 11","Alterntive, Punk Rock, Indie","The Beths, WAAX, Bugs, Nervous Dater, Alex Lahey",★★★★,3/30
digital,,Dermabrasion,Pain Behavior,Hand Drawn Dracula,1/30/2024,Planetary,4,"1, 2, 3, 6","death rock, goth rock, punk rock, dream pop, dream punk, post-punk, goegaze, lofi, alt","Siouxsie and the Banshees, Skeletal Family, KMFDM, Model/Actriz, Circuit des Yeux",★★★★★,3/30
digital,,zouz,zouz,Spectacles Bonzaï,1/30/2024,Planetary,Clean,"2, 3, 4, 9","rock, noise, noise rock, post-punk, francophone","FUUDGE, Corridor, Wolf Parade, Les Louanges",★★★★,3/30
digital,,Conchúr White,Swirling Violets,Bella Union/PIAS,1/30/2024,Planetary,Clean,"1, 2, 3, 4, 5","Alternative, Indie Folk, Indie Pop","Silences, Big Thief, Vashti Bunyan, Midlake, Skullcrusher, Amen Dunes",★★★★★,3/30
digital,,FUUDGE,...Qu'un cauchemard devienne si vrai [Single],,1/30/2024,Planetary,Clean,single,"alternative, rock, grunge, psychedlic","Galaxie, GANG, Pyrex",★★★★,3/30
digital,,Modern English,Not My Leader [Single],,1/30/2024,Planetary,Clean,single,"alternative, goth, new wave, post-punk","the english beat, 'til tuesday, Missing Persons, The Psychedelic Furs",★★★★,3/30
digital,,Black Honey ,Lemonade [Single],Orchard,1/30/2024,Orchard,Clean,single,"Indie Rock, ","Greta Van Fleet, The Vaccines, and Nothing But Thieves",★★★★★,3/30
digital,,Yaeji,easy breezy [Single],XL,1/30/2024,Beggars,Clean,single,"Dancefloor, Synth, ","Shygirl, CHannel Tres, SOPHIE, Yves TUmor",★★★★,3/30
digital,,Ruthven,The Window [Single],XL,1/30/2024,Beggars,Clean,single,R&B,"REINEN, A.K Pauls",★★★★,3/30
digital,,Leyla McCalla,Scaled To Survive [Single],Anti-,2/6/2024,Pirate!,Clean,Single,"Folk, Jazz, New Orleans","Amythyst Kiah, Combo Chimbita, Valerie June, Adia Victoria, Hurray For The Riff Raff, Imarhan, Moor Mother",★★★★,4/6
digital,,The Complicators,The Complicators,Pirates Press,2/6/2024,Pirate!,"2, 4, 5, 6, 8, 11, 12 - USE EDITS","3, 1, 7, 6","Punk, Street Punk","Blitz, Syndrome81, Criminal Damage, Bishops Green, Have Heart, With Honor, Final Fight",★★★★,4/6
digital,,The Smile,Wall of Eyes,XL,2/6/2024,Beggars,3,"1, 5, 7","Art rock, post rock, neo-psychedelia","Radiohead, Black country new road, yves tumor, king krule",★★★★★,4/6
digital,,The Last Dinner Party,Prelude To Ecstasy,Universal,2/6/2024,Planetary,11*,"3, 5, 8, 9, 11","Indie Rock, Glam Rock, Pop Rock, Progressive Pop, Baroque Pop","Black Country, New Road, PJ Harvey, The Big Moon, Florence + The Machine, Marika Hackman, Blondshell",★★★★★,4/6
digital,,Fake Dad,Yerba Mala,Father Figure Music,2/6/2024,Planetary,5,"1, 2, 3","Indie Pop, Indietronica, Electropop, Alt-Pop","Sylvan Esso, Wild Ones, LCD Soundsystem, Rubblebucket, Santigold",★★★★,4/6
digital,,Courting,New Last Name,Lower Third/PIAS,2/6/2024,Planetary,Clean,"1, 2, 4, 5, 7","Indie Rock, Post-Punk Revival, Indietronica, Pop Rock","Yard Act, Squid, The Lounge Society, Sports Team, Famous, Legss, Fontaines D.C., A Place To Bury Strangers",★★★★,4/6
digital,,Tapir!,"The Pilgrim, Their God and the King of My Decrepit Mountain",Heavenly/PIAS,2/6/2024,Planetary,Clean,"2, 4, 7, 8, 11","Indie Folk, Chamber Folk, Chamber Pop, Post-Rock, Folktronica","Ethan P. Flynn, Sparklehorse, Lambchop, Jeffrey Lewis, caroline",★★★★★,4/6
digital,,Talia Schlanger,Grace For The Going,Latent Recordings,2/6/2024,Planetary,Clean,"1, 2, 3","Baroque Pop, Indie Folk, Folk Pop, Singer-Songwriter","PJ Harvey, Fiona Apple, Cat Power, Tori Amos, Jeff Buckley",★★★,4/6
digital,,Crystal Canyon,Stars and Distant Light,Self-Released,2/6/2024,Planetary,Clean,"2, 4, 6","Shoegaze, Dream Pop, Indie Rock","Tankukichan, my bloody valentine, Winter, Drop Nineteens, The Jesus and Mary Chain, Lush",★★★,4/6
digital,,Softcult,Shortest Fuse [Single],Easy Life,2/6/2024,Planetary,Clean,Single,"Dream Pop, Shoegaze, Alternative Rock, Indie Rock, Grunge","DIIV, Cherry Glazerr, Bully, Slowdive, Hatchie",★★★★★,4/6
digital,,Mol Sullivan,GOOSE,Self-Released,2/6/2024,Tiger Bomb,"1*, 2, 9","1*, 3, 4, 7","Pop, Alt-Country, Chamber Pop","Aldous Harding, Helena Deland, Jess Williamson, Lucy Dacus",★★★,4/6
digital,,ISMAY,Desert Pavement,Self-Released,2/6/2024,Tiger Bomb,Clean,"2, 3, 4, 10, 11","Folk, Nufolk, Psychedelica","Plains, Bonny Light Horseman, Esther Rose, Waxahatchee, Odie Leigh",★★★,4/6
digital,,Vera Sola,Peacemaker,City Slang,2/6/2024,Tiger Bomb,5*,"1, 2, 3, 5*, 10","Americana, Singer-Songwriter, Chamber Folk, Gothic Country, Indie Folk","Laura Marling, Marika Hackman, Jessica Pratt, Indigo Sparke, Marissa Nadler, Ennio Morricone",★★★★★,4/6
digital,X (PHL),SNACKTIME,TOGETHER [SINGLE],Self-Released,2/6/2024,The Syndicate,"1, 2 - CLEAN AVAILABLE FOR 1",Single,"Alternative, Soul, Funk, 7-Piece, Brass Band","dreamcastmoe, Ella Thompson, Tommy Guerrero, Ash Walker",★★★★,6/6
digital,,BADBADNOTGOOD,Take What's Given ft. reggie [single],XL,2/13/2024,Beggars,TBD,Single,"New Jazz, Fusion Country, Funk","Kaytranada, Flying Lotus, Hiatus Kaiyote",★★★★,04/13
digital,,Brigata Vendetta,This Is How Democracy Dies,Pirate Press,2/13/2024,Pirate!,"11, 12 (Clean Edits)","3, 5, 7","Punk, Hardcore","Negative Approach, DRI, OFF!, Poison Idea, Harrington Saints, Bum City Saints",★★★★,04/13
digital,,Chelsea Wolfe,She Reaches Out To She Reaches Out,Loma Vista/Concord,2/13/2024,Pirate!,"1, 3, (Clean Edits)","3, 1, 10, 4, 8, 2","Alt Rock, Folk, Experimental, Acoustic Rock","PJ Harvey, Bat For Lashes, Garbage, Emma Ruth Rundle, Caroline Polachek, Blonde Redhead",★★★★★,04/13
digital,,Huron John,Indigo Jack & The New Wolrd Border,Always Outside/Acrophase,2/13/2024,Pirate!,TBD,"4, 6, 11, 1, 2, 9","Bedroom Pop, Alt Indie, Lofi","Glass Animals, Still Woozy, Gus Dapperton, JAWNY, Ginger Root, Joe P",★★★★,04/13
digital,,Madi Diaz,Weird Faith,Anti-,2/13/2024,Pirate!,"1, 3, 4, 5, 10 (Clean Edit)","2, 6, 8, 12, 1, 3","Alternative, Folk, Pop, Singer Songwriter","Angel Olsen, Phoebe Bridgers, Snail Mail, Half Waif, Margaret Glaspy",★★★,04/13
digital,,Pylon Reenactment Society,Magnet Factory,Strolling Bones,2/13/2024,Pirate!,6,"6, 3, 5, 2, 9","Alt Rock, Indie Rock, indie Rock, New Wave, Post Punk","The Spits, Teenage Bottlerocket, Ramones, Jay Reatard, Joyce Manor, Titus Andronicus, No Win",★★★★★,04/13
digital,,plantoid,Terrapath,Bella Union / [PIAS],2/13/2024,Planetary,Clean,"2, 3, 5, 8","Psychedelic Rock, Progressive Rock. Jazz-Rock, Progressive Rock","Frankie and the Witch Fingers, Tropical Fuck Storm, Osees, King Gizzard & The Lizard Wizard, The Mystery Lights, Wand",★★★★,04/13
digital,,Declan McKenna,What Happened To The Beach?,Tomplicated/Sony,2/13/2024,Planetary,"5*, 8*","2, 4, 5*, 7","Indie Pop, Neo-Psychedelia, Indietronica, Bedroom Pop","Sufjan Stevens, St. Vincent, Cage the Elephant, Belle and Sebastian, David Bowie",★★★★★,04/13
digital,,Gurriers,Des Goblin,Self-Released,2/13/2024,Planetary,Use Clean Edits,"1, 2, 3","Post-Punk, Noise Rock, Shoegaze","Gilla Band, SPRINTS, shame, Folly Group, Metz",★★★★★,04/13
digital,,Split System,Vol. 2,Goner Records,2/13/2024,Planetary,5,"2, 3, 4, 6, 8","Garage Punk, Punk Rock, Alternative","CIVIC, The Chats, Jay Reatard, Ty Segall, Amyl and The Sniffers",★★★★★,04/13
digital,,Ponte Pilas,From Del Boca Vista [EP],Pianola,2/13/2024,Planetary,Clean,"1, 2, 3","Indie Rock, Power Pop, Garage Rock","Geese, The Vices, Wet Leg, Courting, Yard Act",★★★,04/13
digital,,North Lakes,Black Cat Music Vol 2,Self-Released,2/13/2024,Planetary,Clean,"1, 2, 3","Alternative Rock, Indie Pop, Power Pop","Kevin Morby, Tim Heidecker, Whitmer Thomas, Kurt Vile, Daniel Romano",★★★★,04/13
CD + Digital,,Snõõper,Super Snõõper,Third Man Records,2/13/2024,Shine On,Clean,"3, 4, 5, 8, 16","Garage Punk, Egg Punk, Art Rock","Amyl & the Sniffers, Sheer Mag, The Coathangers. L.A. Witch, Bikini Kill, Surfbort, Jay Reatard, early-Yeah Yeah Yeahs",★★★★★,04/13
CD,,Mac McCaughan,The Sound of Yourself,Merge Records,2/13/2024,,TBD,"2, 5, 7, 10","Ambient, Indie-pop, Singersongwriter","Mac Krol, Portastatic, Split Single, Superchunk",★★★,04/13
CD,,Lloyd Thayer,Twenty20,Feeding Tube Records,2/13/2024,,TBD,,"Experimental, Folk, Blues","Andreya Triana, Jono McCleery, John Donne, Gunn-Truscinski Duo",★★★,04/13
CD,,"Wheel Workers, The",Harbor,Sinkhole Texas Inc.,2/13/2024,,TBD,"1, 2, 7","Alternative, Folk, Indie, Rock","Eliza Shaddad, I Was A King, Margaret Glaspy, Emma Kupa",★★★★,04/13
CD + Digital,,Frankie and the Witch Fingers,Data Doom,RAS/GREENWAY,2/13/2024,The Orchard,TBD (9),"3, 7, 9","Alt-Rock, Hard Rock, Heavy Rock","Wine Lips, Bew Your Own Pet, Osees Meatbodies",★★★★★,04/13
CD,,Osees,Intercepted Message,IN THE RED,2/13/2024,Shine On,6,"1,3,7","Alternative, Garage, Kraut Rock, Synth Punk","King Gizzard & The Wizard Lizard, Jill Lorean, Cong Josie",★★★★,04/13
CD,,Ghost Orchard,rainbow music,Winspear,2/13/2024,Terrorbird,Clean,"1,2,9","Electronic, Hyperpop, Dance","SPIRIT OF THE BEEHIVE,  Soccer Mommy, GoldFlakePaint, bulldog eyes",★★★★,04/13
CD,,Hotline TNT,Cartwheel,Third Man Records,2/13/2024,Shine On,Clean,"1,7,12","Grunge Rock, Indie Rock, Shoegaze","Alex G, Current Joys, They Are Gutting a Body of Water, Horse Jumper of Love",★★★★★,04/13
CD + Digital,,Squid,O Monolith,Warp Records,2/13/2024,Terrorbird,5*,"1, 4, 5","Alternative, Country, Kraut pop, Post Punk","black midi, Black Country, New Road, shame, Cola We",★★★★★,04/13
CD + Digital,,Alice Phoebe Lou,Shelter,Self-Released,2/13/2024,Shine On,Clean,"1, 2, 3, 4, 5","Blues, Indie Pop, Singer-Songwriter, Soft Rock, Art Pop, Sophisti-Pop","Julia Jacklin, Angel Olson, Big Thief, Arlo Parks",★★★★★,04/13
CD,,Scarcity of Tanks,Dissing the Reduction,Total Life Society,2/13/2024,,TBD,,"art rock, noise rock, experimental rock, indie rock","John Fahey, Sonic Youth",★★★,04/13
CD,,Eartheater,Powders,Chemical X,2/13/2024,Terrorbird,8*,"3,4,7","experimental electronic, industrial folk, alternative","Arca, Sega Bodega, Smerz, Yves Turner We Love",★★★★,04/13
CD,,Mallbangs,Checking For Daggers,Self-Released,2/13/2024,,TBD,"2, 5, 6","Alt, electronic, indie pop, experiemental","Street Rat, Buke and Gase, Social Union",★★★★,04/13
CD,,Daisy Lace,For April. (Summer Demos),Daisy Spins,2/13/2024,Rob Scales,3,"2, 3","Alternative, Noise, DIY, noise pop","Melisa, Bambara, Taleen Kali",★★★,04/13
CD,,Sightless Pit,Lockstep Bloodwar,Thrill Jockey Records,2/13/2024,,"2, 3, 7",1,"Industrial, experimental, hip hop, dub","Lingua Ignota, Chat Pile, Trans Upper Egypt",★★★,04/13
CD,,Buck Gooter,Ghost Brain,Self-Released,2/13/2024,,TBD,"1, 2, 3","Industrial, Noise Rock, Noise","Ships In The Night, A Place to Bury Strangers, Terry turtle",★★★,04/13
CD + Digital,,bdrmm,I Don't Know,Rock Action Records,2/13/2024,Shine On,Clean,"2, 3, 7","Alternative, Dreampop, indie rock","Slowdive, Mogwai, The Smile",★★★★,04/13
CD,,Couvo,The Drinks are Always Free in Purgatory,Self-Released,2/13/2024,Shine On,"2, 3, 7, 9","4, 8","Alternative, Americana, singer-songwriter","Nick Lowe, denitia, Adam Torres",★★★,04/13
CD,,Julia Julia,Derealization,Suicide Squeeze Records,2/13/2024,Terrorbird,Clean,"4, 6, 7","Alternative, acoustic rock, dreampop, ","Angel Olsen, Jessica Pratt, Marissa Naddler",★★★★,04/13
CD,,Couch Prints,Waterfall,Self-Released,2/13/2024,Terrorbird,Clean,"1, 2, 3, 4","Dream Pop, Shoegaze, Indie Pop","Men I Trust, Magdalena Bay, Caroline Loveglow",★★★★★,04/13
CD,,Woods,Perennial,Woodsist Records,2/13/2024,Shine On,10,"2, 3, 4, 6, 7, 9","experimental, folk rock, psychedelic, ","Yo La Tengo, Kurt Vile, Big Thief",★★★★,04/13
CD,,Pink Sky,Disenchantment,Self-released,2/13/2024,Shine On,Clean,"2, 3, 8,10","Electronic, experimental rock, indie electronica","Weyes Blood, Jan the Man, M83, Water From Your Eyes",★★★,04/13
CD,,Kitba,Kitba,Ruination Record Company,2/13/2024,,TBD,"1, 2, 5","Folk, chamber pop, harp","Scree, Marissa Nadler, Kelly Lee Owens",★★★★,04/13
CD,,GUM,Saturnia,Spinning Top Records,2/13/2024,Shine On,,"1, 4, 6","Psychedelic rock, alternative","King Gizzard & The Wizard Lizard, Tame Impala, Ty Segall",★★★★,04/13
CD,,Dizzy,Dizzy,Royal Mountain Records,2/13/2024,,6,"2, 3, 7, 9, 11","pop, alternative pop, indie","boygenius, Phoebe Bridgers, Japanese House",★★★★,04/13
CD,,MD Mcnally,Crimes,Self-released,2/13/2024,Shine On,Clean,"1,2,3","Acoustic, Americana, rock, alt-country","Band of Horses, MJ Lenderman, Silver Synthetic, Wilco",★★★,04/13
Vinyl,X,Omit,In Sec,Siltbreeze Records,2/13/2024,N/A,TBD,,"Ambient, noise, industrial","Emily Robb, Ill Considered, Ratigan Era",★★★★,06/13
Cassette,X,Human Adult Band,Waxy Gibby,Motor Unit Records,2/13/2024,N/A,TBD,"2, 4","Cranial, No Wave, Noise","Thiago Nassif, White Suns, Pagan Athletes",★★★,06/13
CD,X,Seth Witcher,I Hate Love Songs [Single],Self-released,2/13/2024,N/A,TBD,,"pop-punk, alternative","Enare, MoonEyez",★★★,06/13
CD,X(PHL),Richard 'Jah' Ace,Songs From In Her Shoes,World Beat,2/13/2024,N/A,,,Reggae,"Deerhoof, Nirvana, The Andrews Sisters, Caetano Veloso, Black Moth Super Rainbow, The Kinks, El Guincho, 100 Gecs, Noam Chomsky",★★★,06/13
digital,,DIIV,Brown Paper Bag [Single],Fantasy/Concord,02/20/2024,Pirate!,clean,single,"indie, alt, bedroom pop, post-rock, shoegaze","Slowdive, My Bloody Valentine, Wild Nothing, Ride, The Smashing Pumpkins, Deafheaven",★★★★,04/20
digital,,FRIKO,"Where we've been, Where we go from here",ATO,02/20/2024,Pirate!,clean,"8, 2, 3, 5, 1","Alt, Rock, Art Rock, Power Pop","Car Seat Headrest, Horsegirl, Conor Oberst, Dehd, Deerhunter, White Reaper",★★★★,04/20
digital,,Grandaddy,Blu Wav,Dangerbird,02/20/2024,Pirate!,clean,"3, 7, 8, 5, 2","Alternative, indie rock, live, Piano","Sparklehorse, Eels, Band of Horses, Built To Spill, Fleet Foxes, Midlake",★★★,04/20
digital,,late night drive home,i'll remember for you the same feeling you gave me as i slept,Epitaph,02/20/2024,Pirate!,clean,"1, 2, 3","Slacker Rock, Post-Punk Revival, Indie Rock, Alternative","he Strokes, HUNNY, Yot Club, Vacations, The Happy Fits, Cafune",★★★,04/20
digital,,Laura Jane Grace,Hole In My Head,Polyvinyl,02/20/2024,Pirate!,"2, 3, 6, 7, 9 (Clean Edits)","1, 4, clean edits","punk, folk, slaker","Against Me!, The Mountain Goats, PJ Harvey, Lydia Loveless, Bully, Julien Baker",★★★,04/20
digital,,Mk.gee,Two Star & The Dream Police,R&R Digital,02/20/2024,Orienteer,Clean,"2, 3, 7","Alternative R&B, Hypnagogic Pop, Neo-Psychedelia, Sophisti-Pop, Bedroom Pop, Indietronica, Indie Pop","Hether, Dijon, Choker, Billy Lemos",★★★★★,04/20
digital,,Lime Garden,One More Thing,So Young Records,02/20/2024,Planetary,3,"1, 2, 4, 6","Post-Punk Revival, Indie Rock, Indie Pop, Dance-Punk","Billy Nomates, Pip Blom, Sorry, Yeah Yeah Yeahs, Automatic",★★★★,04/20
digital,,FUUDGE,qu'un cauchemard devienne si vrai,Folivora Records,02/20/2024,Planetary,Clean,"2, 3, 4, 6, 7, 11","Art Rock, Alternative Rock, Psychedelic Rock, Grunge","Wand, Ty Segall, Temples, King Gizzard & The Lizard Wizard, Melody's Echo Chamber",★★★★,04/20
digital,,FEAR THE DEAN,My Life's Amazing,Self-Released ,02/20/2024,Planetary,"1, 5, 6, 7","2, 3, 4, 8","Punk, Punk Pop, Punk Rock","snow ellet, Death From Above 1979, Wavvves, Turnstile, The Hives",★★★,04/20
digital,,Levitation Room,Strange Weather,ONErpm,02/20/2024,Tiger Bomb,Clean,"1, 2, 3, 5, 9","Neo-Psychedelia, Psychedelic Rock, Psychedelic Pop, Psychedelic Pop","Inner Wave, King Gizzard and the Lizard Wizard, Holy Wave",★★★★★,04/20
digital,,Teethe,Teethe,Winspear,02/20/2024,Tiger Bomb,"4, 9","1, 2, 5, 7`","Slowcore, Slacker Rock, Dream Pop","Duster, a.l. west, Bedhead, Knifeplay, waveform*, bedlocked",★★★★,04/20
digital,,Glitterer,Rationale,Anti-,02/26/2024,Pirate!,Clean,"2, 3, 9","Punk, Indie Rock, Noise Pop, Slacker Rock","Title Fight, Basement, Angel Du$t, Car Seat Headrest, Wavves, Militarie Gun",★★★,04/26
digital,,Happy Just To See You,Ways to Cope,Self-Released,02/26/2024,Pirate!,"2, 5","3, 4, 6, 9","alternative, Country, Emo, Indie Rock","Wilco, MJ Lenderman, Pile, Pedro The Lion, Horse Jumper of Love, Ratboys",★★★★,04/26
digital,,Hot Water Music,Menace b/w Burn Forever [Single],Equal Vision,02/26/2024,Pirate!,TBD,Single,"Punk Rock, Post-Hardcore, Emocore, Alternative Rock","Menzingers, Alkaline Trio, Off With Their Heads, Face To Face, The Bouncing Souls, The Lawrence Arms, Dillinger Four",★★★,04/26
digital,,M.U.T.T.,Dirty Deeds [EP],Quiet Panic,02/26/2024,Pirate!,1,"2, 4, 5","Punk, riot grrrl, grunge, ost-punk, avante-garde","Culture Abuse, Turnstile, Militarie Gun, The Garden, Pkew Pkew Pkew, Metz",★★★★★,04/26
digital,,Remo Drive,Mercy,Epitaph,02/26/2024,Pirate!,"2, 8",1,"Alternative, Emo, Indie, Post-Hardcore, Punk","laughter Beach Dog, Laura Jane Grace, Foxing, The Rare Occasions, The Front Bottoms, Pinegrove, Ducks Ltd.",★★★★,04/26
digital,,Saya Gray,AA BOUQUET FOR YOUR 180 FACE [SINGLE],Dirty Hit,02/26/2024,Pirate!,TBD,single,"Hyperpop, Experimental, Alternative, Indie, R&B","Grace Ives, Nilufer Yanya, Snoh Aalegra, Alice Glass, Fever Ray, 100 gecs",★★★★,04/26
digital,,The Voidz,All The Same [Single],ONErpm,02/26/2024,Pirate!,Clean,single,"Alternative, Indie, Indie pop","The Strokes, MGMT, Black Lips, Tame Impala, Melody's Echo Chamber, Albert Hammond Jr",★★★,04/26
digital,,Caroline Polachek,"Desire, I Want To Turn Into You: Everasking Edition",Perpetual Novice,02/26/2024,The Orchard,Clean,"13, 14, 15, 17","art pop, alt pop, electronic","FKA Twigs, Kelela, Björk, Weyes Blood, Quadeca",★★★★★,04/26
digital,,Elephant Stone,Back Into The Dream,Elephants on Parade,02/26/2024,Planetary,Clean,"1, 2, 4, 8, 10","Neo-Psychedelia, Psychedelic Pop, Psychedelic Rock, Indie Pop, Indie Rock, Alternative Rock","The Black Angels, Pond, Temples, Tame Impala, White Fence, GUM, Levitation Room, The Warlocks",★★★,04/26
digital,,"Terrys, The",Skate Pop,Self-Released,02/26/2024,Planetary,"2*, 3, 9","2, 4, 5, 10, 13","Indie Rock, Power Pop, Alternative Rock, Surf Rock","Hockey Dad, Surf Trash, Teenage Dads, Death by Denim, Dune Rats",★★★,04/26
digital,,GusGus,New Arrivals,Oroom ehf,02/26/2024,Planetary,Clean,"2, 5, 6","Tech House, Trip Hop, Electro, Synthpop, House, Deep House","Hercules & Love Affair, Röyksopp, Moderat, Trentemøller, Underworld",★★★★,04/26
CD,,Gen and the Degenerates,Anti-Fun Propaganda,Marshall Amplification,2/29/2024,Shine On,4,"1, 7, 8 ,9",Alternative/Indie,"SPRINTS, Amyl & The Sniffers, Snail Mail, English Teachers",★★★★,4/2024
CD,,Myra Keyes,Flower in the Brick,Self-Released,2/29/2024,Shine On,Clean,"4, 1, 2",Alternative,"Lucy Dacus, Bully, Soccer Mommy, Julia Jacklin, Blondshell, THALA, Samia and Weyes Blood.",★★★,4/29
CD ,,Real Estate,Daniel,Domino,2/29/2024,N/A,N/A,,Indie pop,"Wild Nothing, Deerhunter, Ducktails,Foxygen, Surfer Blood",,4/29
CD ,,David Nance,David Nance & Mowed Sound,Third Man Records,2/29/2024,Shine On,Clean,"1, 4, 7","Country Rock, Blues","Stand of Oaks, Deer Tick, Wilco, MJ Lenderman, Bonny Doon",★★★★,4/29
CD,,Mary Timony,Untame The Tiger,Merge Records,2/29/2024,Terrorbird,Clean,"3, 2, 6, 1, 8","singer-songwriter, indie rock","PJ Harvey, Liz Phair, Juliana Hatfield, Patti Smith",★★★,4/29
CD,,Lila Blue,Sweet Pea,Self-Released,2/29/2024,N/A,,,"acoustic rock, alt folk, indie folk, indie pop, singer-songwriter","NOGA, The Cabo Project, The Kilbanes, AJ Baldwin",★★★,4/29
CD,,Johnny Society,Johnny Society Sings Cheap Trick,Old Soul,2/29/2024,Shine On,5,"2, 7, 8, 11","hard rock, power pop","Jack White, Lemon Twigs, Oasis, The Mommyheads, Club Kuru, Music Band",★★★,4/29
digital,,BIG SPECIAL,Trees [Single],SO Recordings,03/05/2024,Pirate!,Clean,Single,"Alternative, Electro, Punk, Spoken Word","Sleaford Mods, Yard Act, SPRINTS, Fat Dog, Baxter Dury, Fontaines DC",★★★,05/05
digital,,Low Hum,Only If You Say So [Single],Last Gange,03/05/2024,Pirate!,Clean,single,"Alternative, Electronics, Indie Rock, psychedelic","ame Impala, Foreign Air, Unknown Mortal Orchestra, Portugal The Man, Day Wave, Sir Sly",★★★,05/05
digital,,Mini Trees,Burn Out [EP],Run For Cover,03/05/2024,Pirate!,"1, 3, 5",Clean,"Alternative, Bedroom Pop, Indie Pop","The Japanese House, MUNA, Clairo, Sea Lemon, Claud, Yumi Zouma, boygenius",★★★★,05/05
digital,,Roe Kapara,Glorius Day [Single],Epitaph,03/05/2024,Pirate!,Clean,Single,"Indie, Rock, Singer-Songwriter","FIDLAR, Weezer, Surf Curse, Sun Room, Rare Americans, almost monday",★★★★,05/05
digital,,Tish Melton,When We're Older,Self-Released,03/05/2024,The Syndicate,Clean,"1, 5, 3","Indie, Rock, Singer-Songwriter","Brandi Carlile, Indigo Girls, Brandy Clark, Secret Sisters",★★★,05/05
digital,,MGMT,Loss of Life,Mom+Pop,03/05/2024,Grand Stand,7,"2, 5, 6","Neo-Psychedelia, Progressive Pop, Indie Rock, Psychedelic Pop, Psychedelic Folk, Dream Pop","The Smile, Empire of the Sun, Vampire Weekend, Arcade Fire",★★★★★,05/05
digital,,Tinlicker,Cold Enough For Snow,PIAS Electronique,03/05/2024,Planetary,Clean,"1, 3, 5, 11","Progressive House, Melodic House, Chillwave","LP Giobbi, Kaskade, Teen Daze, CRi, Editors, Circa Waves",★★★,05/05
digital,,José Lobo,In All Good Hope,Paper Bag,03/05/2024,Planetary,Clean,"2, 3, 4, 6, 10","Folk, Bossa Nova, Singer-Songwriter","Devendra Banhart, Y La Bamba, Benazir, Yonlu",★★★★,05/05
digital,,Shaina Hayes,Kindergarten Heart,Bonsound,03/05/2024,Planetary,Clean,"1, 2, 5, 8","Singer-Songwriter, Indie Folk, Alt-Country","Helena Deland, Daneshevskaya, Frankie Cosmos, Adrianne Lenker, Haley Heynderickx, Leith Ross",★★★★,05/05
digital,,molto morbidi,String Cheese Theory,No Salad Records,03/05/2024,Tiger Bomb,5,"2, 4, 6","Pop, Art Pop, Electronica","Broadcast, Laurie Anderson, Cassandra Jenkins, Nabihah Iqbal, Molly Nilsson",★★★,05/05
digital + CD,X,Mannequin Pussy,I Got Heaven,Epitaph,03/05/2024,Pirate!,"1, 2, 6 [Clean Edits]","3, 4, 5, Clean Edits","Punk, Rock, Noise Rock, Shitpunk","Cherry Glazerr, Bully, Momma, Slothrust, Softcult, Pom Pom Squad, Yeah Yeah Yeahs",★★★★★,07/05
digital,"X (PHL, DXL)",Laur,Out Of Luck Out Of Time [Single],Self-Released,03/05/2024,Chosen Condition,Clean ,Single,"Indie Rock, Punk, Shoegaze","Rome Hero Foxes, the Smiths, and Sticky Fingers,",★★★★,07/05
digital,"X (PHL, DXL)",Laur,Wishful Thinking [Single],Self-Released,03/05/2024,Chosen Condition,Clean ,Single,"Indie Rock, Punk, Shoegaze","Rome Hero Foxes, the Smiths, and Sticky Fingers,",★★★★,07/05
digital,"X (PHL, DXL)",Laur,Wrapped Around Your Finger [Single],Self-Released,03/05/2024,Chosen Condition,Clean ,Single,"Indie Rock, Punk, Shoegaze","Rome Hero Foxes, the Smiths, and Sticky Fingers,",★★★★,07/05
digital,"X (PHL, DXL)",Ziggy & Ray,Summer [Single],Self Released,03/05/2024,N/A,Clean,Single,"Indie Pop, Singer-Songwriter","Rigby Picnic, The Regrettes, Linda Smith",★★★★,07/05
digital,,BABEBEE,NEXT2U [Single],Epitaph,03/12/2024,Pirate!,Clean,single,"alternative, dream pop, hyperpop","Sobs, Chloe Moriondo, Beabadoobee, Alvvays, PinkPantheress, The Beths",★★★★★,05/12
digital,,Been Stellar,Passing Judgement [Single],Dirty Hit,03/12/2024,Pirate!,Clean,single,"post-punk, garage rock, indie rock","Fontaines DC, Friko, Horsegirl, Disq, Ultra Q, Geese, Cloud Nothings",★★★★,05/12
digital,,Bleachers,Bleachers,Dirty Hit,03/12/2024,Pirate!,"2*, 3*, 5*, 9*, 10","2*, 3*, 4, 5*, 6, 9*, 11","rock, alternative, indie rock","Grouplove, Matt and Kim, Andrew McMahon in the Wilderness, fun.",★★★,05/12
digital,,Bristler,Cascades At Play,Mint 400,03/12/2024,Pirate!,clean,"2, 4, 6","rock, alternative, indie rock","A Great Big Pile of Leaves, El Ten Eleven, Minus The Bear, Death Cab For Cutie",★★★★,05/12
digital,,Psymon Spine,Head Body Connector,Northern Spy,03/12/2024,Pirate!,5,"clean edits, 2, 3, 6, 1","electronic, experimental, pop","Tame Impala, Post Animal, MGMT, King Gizzard & The Lizard Wizard, Babe Rainbow, Metric, Omni",★★★★★,05/12
digital,,Poppy Harlo,Rabbit Hole [Single],Rat Beach,03/12/2024,The Syndicate,Clean,single,"Garage Rock, Grunge, Alt Metal","Smashing Punmpkins, Nirvana, Alice in Chains",★★★,05/12
digital,,Yard Act,Where's My Utopia?,Republic,03/12/2024,Planetary,"1, 2*, 3*, 6*, 10*","2, 5, 7","Dance-Punk, Art Punk, Alternative Dance, Post-Punk Revival, Mutant Disco","Fontaines D.C., Fat White Family, Courting, Working Men's Club",★★★★★,05/12
digital,,Colouring,"Love To You, Mate",Bella Union/PIAS,03/12/2024,Planetary,7,"1, 3, 4, 10","Indie Pop, Indietronica, Alt-Pop, Ambient Pop, Synthpop","The Japanese House, Puma Blue, Anna of the North, Rostam, Sufjan Stevens, Ben Howard",★★★★,05/12
digital,,Modern English,1 2 3 4,Mesh & Lace,03/12/2024,Planetary,Clean,"1, 2, 3, 6","Post-Punk, New Wave, Pop Rock, Gothic Rock, Alternative Rock, Jangle Pop","The Psychedelic Furs, Joy Division, New Order, The Fixx, The Cure",★★★,05/12
digital,,The Silver Lines,Transatlantic Pulp,Ravo Records,03/12/2024,Planetary,1,"2, 3, 5","Garage Punk, Pop Punk, Alternative Rock","The Dirty Nil, White Reaper, The Hives, The Moss, Peach Pit",★★★★,05/12
digital,,Revival Season,Golden Age of Self Snitching,Heavenly/PIAS,03/12/2024,Planetary,"Dirty (Clean edits available for #9, 11)","9*, 11*","Southern Hip Hop, Boom Bap, Afro punk","The Roots, Action Bronson, Czarface, J Dilla, EL-P, Aesop Rock, Mos Def, Logic, Freddie Gibbs",★★★★★,05/12
digital,,KillerStar,KillerStar,Self Released,03/12/2024,Planetary,Clean,"1, 3, 8","Alternative Rock, Art Rock, British Rock","David Bowie, Manic Street Preachers, T. Rex, Roxy Music, Iggy Pop",★★★,05/12
digital,,Whispering Sons,The Great Calm,PIAS,03/12/2024,Planetary,Clean,"2, 3, 5, 7","Gothic Rock, Post-Punk, Darkwave, Post-Punk Revival, Art Punk","Drab Majesty, Joy Division, Protomartyr, Preoccupations, Editors, Echo & The Bunnymen, Bauhaus",★★★★,05/12
digital,x (NJ),Latewaves,Latewaves,Open Your Ears,03/12/2024,Pirate!,"8, 9, 10","2, 6, 4, clean edits","Punk, Indie Rock, Alt Rock","he Menzingers, Joyce Manor, The Gaslight Anthem, Spanish Love Songs, The Wonder Years",★★★,07/12
digital,x (PHL),Eric Slick,Anxious to Please [Single],Slick/Thrity Tigers,03/12/2024,Pirate!,Edit,single,"pop, avant-pop","Dr. Dog, Islands, Man Man, Yeasayer, Of Montreal, Grandaddy",★★★★,07/12
digital,x (PHL),Moor Mother,The Great Bailout,Anti-,03/12/2024,Pirate!,,"2, 3, 7, 1","experiemental, afrofuturism, free jazz, avant-garde","Pink Siifu, Kae Tempest, clipping., Shabazz Palaces, Alfa Mist, Robert Glasper",★★★★★,07/12
digital,,Jakobs Castle,Supervillian [Single],Epitaph,03/19/2024,Pirate!,"3, 6",single,"electropop, ska-punk, alt rock","Sublime, iDKHOW, Hippo Campus, 311, Young The Giant, Goth Babe",★★★,05/19
digital,,Kiss Bang,Horrors Of Your Hometown [EP],Bay Street,03/19/2024,The Syndicate,"1, 3 (Clean Edits Avialable)","1, 3, 4","Synth Pop, Indie Pop, Singersongwriter","Max Mercier, Kaya Stewart, The Lemon Twigs, Stars",★★★,05/19
digital,x (PHL),Sweet Pill,Starchild [EP],Hopeless,03/19/2024,Pirate!,TBD,"1, 2, 4","Alternative, Emo, Pop Punk","Pool Kids, Tigers Jaw, Oso Oso, Into It. Over It., Paramore, Home Is Where",★★★,07/19
digital,,Ethan Larsh,Into Thine Kingdom of Heaven,Self Released,03/26/2024,Planetary,"1*, 10*","1*, 3, 5, 8, 10*, 13","Folk, Garage Rock, Power Pop","MJ Lenderman, Willi Carlisle, New Pornographers, Destroyer, Ben Folds, Jeff Rosenstock, Car Seat Headrest, They Might Be Giants",★★★,05/26
digital,,Mildlife,Chorus,Heavenly / [PIAS],03/26/2024,Planetary,Clean,"2, 4, 7","Jazz-Funk, Space Disco, Neo-Psychedelia, Space Age Pop","Babe Rainbow, Tame Impala, Unknown Mortal Orchestra, Sugar Candy Mountain, Moses Gun Collective, Swim Mountain, Dungen",★★★★★,05/26
digital,,Abby Sage,The Rot,Nettwerk,03/26/2024,Planetary,Clean,"1, 5, 6, 7","Indie Pop, Alt-Pop, Art Pop, Bedroom Pop","Hana Vu, Madeline Kenney, MUNYA, Lala Lala",★★★★★,05/26
digital,,San Cisco,Under The Light,Nettwerk,03/26/2024,Planetary,"1*, 4","1*, 2, 3, 5, 6, 8","Indie Pop, Soft Rock, Jangle Pop","Tennis, Vampire Weekend, Mr Twin Sister, TOPS, Portugal. The Man, Twin Peaks, Allah-Las, New Pornographers",★★★,05/26
digital,,Erica Dawn Lyle & Vice Cooler,Land Trust: Benefit for NEFOC,Get Better,03/26/2024,Terrorbird,"3*, 12","2, 3, 4","riot grrrl, punk, industrial","Bikini Kill, The Linda Lindas, Kim Gordon, The Raincoats",★★★★★,05/26
digital,,Oh Bummer!,To Be A Part of the World [EP],If This Then,03/26/2024,Planetary,"1*, 2*, 5*, 6*","1, 3, 6","Alt-Pop, Pop Rock, Indie Pop ","Still Woozy, half-alive, BoyWithUke, WHY?",★★★,05/26
digital,,Birdsnake,Birdsnake Begins,Noisehive,03/26/2024,Planetary,Clean,"1, 5, 6","Electronic, Downtempo, Instrumental","CFCF, Oneohtrix Point Never, U-Roy, Quelle Chris Beat Tapes, Massive Attack, The Pathologic OST",★★★,05/26
digital,,Clay and Friends,STUNT [EP],ADJ S.E.N.C.,03/26/2024,Planetary,8,"1, 4, 5","Funk, R&B, Alt-pop","Spacey Jane, Royel Otis, JAWNY, Peach Pit",★★★★,05/26
digital,,According To The Sound,Pitch,Losen Records,03/26/2024,Planetary,Clean,"1, 2, 3, 6, 12","Jazz Fusion, Instrumental, Cool Jazz","Kamasi Washington, Miles Davis, Thelonious Monk, Dizzy Gillespie",★★★★★,05/26
digital,,Grizzly Feeder,The Universe at Play,Meridian Entertainment,03/26/2024,Planetary,"1, 6","2, 3, 4","Darkwave, Post-Metal, Alternative Rock","Chelsea Wolfe, King Woman, Cult of Luna, Spiritbox, Deftones",★★★★,05/26
digital,,O.,Green Shirt [Single],Speedy Wunderground/PIAS,03/26/2024,Planetary,Clean,Single,"Art Punk, Nu Jazz, Jazz-Rock","Sons of Kemet, The Comet Is Coming, Wu-Lu, black midi",★★★★★,05/26
digital,,Armand Hammer,Doves [Single],Fat Possum,03/26/2024,Planetary,Clean,Single,"Experimental, Ambient, Experimental Hip Hop, Noise, Sound Collage","billy woods, E L U C I D, El-P, JPEGMAFIA, Earl Sweatshirt, Open Mike Eagle, Pink Siifu",★★★★★,05/26
digital,,Halo Maud,Celebrate,Heavenly / [PIAS],03/26/2024,Planetary,Clean,"1, 2, 3, 6","Psychedelic Pop, French Pop, Neo-Psychedelia","Deerhoof, Melody's Echo Chamber, La Femme, L'Impératrice, Stereolab, Anemone, Moodoïd, Air, Sun's Signature",★★★★★,05/26
digital,,Kingfisher,"Grip Your Fist, I'm Heaven Bound",Breakfast All Day Records,03/26/2024,Planetary,5,"2, 3, 6, 10","Chamber Pop, Art Rock, Post-Rock, Indie Folk, Art Pop, Chamber Folk","Bon Iver, Black Country, New Road, Daughter, The National, Michigander",★★★★★,05/26
digital,,Crumbsnatchers,PETWAY,Like You Mean It Records,03/26/2024,Tiger Bomb,8,"1, 2, 4, 6, 11","Grunge, Indie Rock, Jangle Pop","Rolling Blackouts Coastal Fever, Ducks Ltd., Royel Otis",★★★★,05/26
digital,,Tomato Flower,No,Ramp Local,03/26/2024,Tiger Bomb,Clean,"1, 2, 7, 9","Indie Rock, Math Pop, Math Rock","Stereolab, Crumb, Broadcast, Pylon, This Heat, Deerhunter",★★★★★,05/26
digital,,Powerwasher,Everyone Laughs,Strange View Records,03/26/2024,Tiger Bomb,"2, 9","3, 4, 5","Math Rock, Post-Punk, Post-Hardcore","Omni, Stuck, Modern Color, Deeper",★★★★★,05/26
digital,,Haleluya Hailu,"eternally, yours.",604 Records,03/26/2024,Planetary,1,"2, 4, 6","Bedroom Pop, Alt-Pop, Indie Pop, Contemporary R&B","Clairo, Paramore, girl in red, Diet Cig, Beach Bunny, Cavetown",★★★★,05/26
digital,,Johnny Manchild and The Poor Bastards,Rapture Waltz,Self Released,03/26/2024,Planetary,"7, 9","1, 2, 3, 4","Alternative Rock, Emo, Jazz-Rock, Piano Rock","Spoon, Kaiser Chiefs, Wolf Parade, Arctic Monkeys, Broken Bells",★★★,05/26
digital,,Julia Holter,Something in the Room She Moves,Domino,03/26/2024,Tiger Bomb,Clean,"1, 3, 6, 8 (TIme Edits Available)","Art Pop, Chamber Jazz, Post-Minimalism, Ambient, Ambient Pop, Experimental","Julie Byrne, Jenny Hval, Cate le Bon, Laurel Halo, Weyes Blood, Julianna Barwick",★★★★★,05/26
digital,,"Jesus and Mary Chain, The",Glasgow Eyes,Fuzz Club,03/26/2024,Tiger Bomb,"1, 4*, 9*, 11","4*, 5, 7, 9*","Noise Pop, Post-Punk, Power Pop","The Velvet Underground, Spacemen 3, Sonic Youth, My Bloody Valentine",★★★,05/26
digital,x (NJ),Joe P,Shadow in the Sun [Single],Atlantic Records,03/26/2024,N/A,Clean,Single,"Indie Rock, Pop Rock, Singer-Songwriter","Deal Casino, The Beths, Briston Maroney, flipturn",★★★★★,07/26
digital,,gglum,The Garden Dream,Secretly Canadian,04/02/2024,Secretly/Tiger Bomb,"1, 2*","2*, 7, 8","indie pop, slacker rock, garage rock","Boyish, girlhouse, Eaves Wilder",★★★★,06/02
digital,,LABRYS,10:10,Self-Released,04/02/2024,The Syndicate,Clean,"1, 3, 10","Alternative, Garage, Indie, Psychedelic","Wet Leg, Horsegirl, Miynt, Alvvays",★★★★,06/02
digital,,BIZZY,When It Ends [Single],Big Loud Rock,04/02/2024,The Syndicate,Clean,Single,"Alt-Pop, Singer Songwriter, ","The Backseat Lovers, Sabrina Carpenter, Chappell Roan",★★★,06/02
digital,,Bendigo Fletcher,Two Things at Once,Elektra,04/02/2024,Pirate!,Clean,"2, 1, 6, 10, 5","Folk, Indie Rock, Americana","Band of Horses, Grouplove, Fleet Foxes, Delta Spirit, The Shins, Dr. Dog, Friko",★★★★,06/02
digital,,DeVotchKa,How It Ends - Re-Mastered,Cicero,04/02/2024,Pirate!,Edits,"1, 4, 8, 5","Indie Folk, Dark Cabaret, Champer Pop, Jangle","Beirut, Calexico, Andrew Bird, Gogol Bordelo, Man Man",★★★★★,06/02
digital,,Joywave,Scared [Single],Hollywood,04/02/2024,Pirate!,Clean,Single,"Indie Rock, Indietronica, Alt Dance","Grouplove, iDKHOW, Glass Animals, Foreign Air, Bad Suns, Cold War Kids, Silversun Pickups",★★★★,06/02
digital,,NØ MAN,Glitter and Spit,Iodine,04/02/2024,Pirate!,"3, 9","2, 6, 8","Punk, Hardcore","Gel, Tragedy, Gouge Away, Nausea, Scowl",★★★★★,06/02
digital,,Teens In Trouble,What's Mine,Asian Man,04/02/2024,Pirate!,"3, 5","7, 8, 1, 9, 2","Alternative, Punk, Indie Rock","Tigers Jaw, Jeff Rosenstock, Beach Bunny, Gladie, Louise Post, The Breeders",★★★★,06/02
digital,,Wes Parker,Annie Moore [Adv Tracks],Self-Released,04/02/2024,Pirate!,Clean,"2, 1","Acoustic, Fingerstyle, indie folk","Portugal The Man, The Moss, Briston Maroney, Hippo Campus, Del Water Gap, Bay Ledges",★★★★,06/02
digital,,Crumb,AMAMA [Single],Self-Released,04/02/2024,Tiger Bomb,Clean,Single,"Neo-Psychedelia, Indie Pop, Dream Pop","Homeshake, Broadcast, Inner Wave, Men I Trust, Melody's Echo Chamber. Unknown Mortal Orchestra, Jay Som, Barrie",★★★★★,06/02
digital,,Gamblers,Pulverizer,Too Much / Symphonic,04/02/2024,Tiger Bomb,"5, 6","1, 2, 3, 4, 7","Electronic, Indie Pop, Indie Rock","Portugal. The Man, Bleachers, MGMT, Little Dragon, Djo, Wallows",★★★,06/02
digital,,Reyna Tropical,Malegría,Psychic Hotline,04/02/2024,Tiger Bomb,Clean,"3, 5, 7, 18","Latin Alternative, Indie Pop, Neo-Psychedelia, Alternative R&B, Tropicália","Santigold, Y La Bamba, Helado Negro, L'Rain, Remi Wolf, Toro Y Moi",★★★★,06/02
digital,,Julien Chang,Home For The Moment [EP],Transgressive/PIAS,04/02/2024,Planetary,Clean,"1, 2","Neo-Psychedelia, Dream Pop, Psychedelic Pop, Sophisti-Pop, Jazz Pop","DIIV, Beach Fossils, Alvvays, TOPS, Unknown Mortal Orchestra",★★★★,06/02
digital,,Club Angel,Soundbwoy's Destiny,Astral People / [PIAS],04/02/2024,Planetary,Clean,"1, 2, 3","Electronic, House, UK Garage, Euro House, Jungle, Speed Garage, 2-Step","Bored Lord, Yves Tumor, Nia Archives, The Prodigy",★★★★★,06/02
digital,,Touching,I Can Be Two People At Once,Head in the Sand,04/02/2024,Planetary,"3, 9","1, 2, 6, 8","Indie Rock, Experimental Jazz, Noise Jazz, Avant-Garde","Drab Majesty, Future Islands, The Bravery, LCD Soundsystem, Bloc Party, OK Go, Interpol",★★★,06/02
digital,,Turan Yon,Awards & Accolades,Bar 100 Records,04/02/2024,Planetary,Clean,"2, 3, 4, 8","Alt Rock, Grunge, Pop Rock","Foo Fighters, Box Car Racer, Smashing Pumpkins, Harvey Danger",★★★,06/02
digital,,Devon Thompson,Skin [EP],Self Released,04/02/2024,Planetary,Clean,"2, 3, 4","Indie Rock, Singer-Songwriter","Momma, PJ Harvey, Fiona Apple, Lana Del Rey, The Raveonettes",★★★,06/02
digital,,Non La,Like Before,Mint Records,04/02/2024,Planetary,Clean,"4, 5, 8, 11","Punk, Queer Rock, Indie Rock","Car Seat Headrest, Weezer, Japanese Breakfast, Perfume Genius, Rilo Kiley",★★★★★,06/02
digital,,Hinds,Coffee [Single],Lucky Number,04/02/2024,Shine On,Use Clean Edit,Single,"Slacker Rock, Indie Rock, Indie Pop, Garage Rock, Garage Rock Revival, Twee Pop","Wet Leg, Blondshell, beabadoobee, Snail Mail, Soccer Mommy, Mac DeMarco, Sunflower Bean, Girl In Red, Momma, Alvvays, Slow Pulp, Frankie Cosmos",★★★★★,06/02
digital,,Gustaf,"Package, Pt. 2",Royal Mountain,04/09/2024,The Syndicate,Clean,"2, 4, 5, 9","Art Punk, Post-Punk, Indie Rock","Sweeping Promises, Dry Cleaning, Horsegirl",★★★★,06/09
digital,,BABEBEE ,whatislove2u? [EP],Epitaph,04/09/2024,Pirate!,Clean,"3, 2, 5","Alternative, Dream Pop, Hyperpop","PinkPantheress, Purity Ring, Chloe Moriondo, Alice Glass, Sobs, Beabadoobee",★★★★,06/09
digital,,BIG SPECIAL,BLACKDOG / WHITE HORSE [Single],SO,04/09/2024,Pirate!,Clean,Single,"Alternative, Punk, Spoken Word, Poetry","Sleaford Mods, Yard Act, SPRINTS, Fat Dog, Baxter Dury, Fontaines DC",★★★,06/09
digital,,Death Lens,Disturb The Peace [Single],Epitaph,04/09/2024,Pirate!,Clean,Single,"Punk, Rock, Garage, Pop","FIDLAR, Plague Vendor, Metz, Desaparecidos",★★★,06/09
digital,,Harpers,What Do We Do Now?,Self-Released,04/09/2024,Pirate!,9,"8, 5, 3, 2","Folk Rock, Soft Psych, Cosmic Americana","Andy Shauf, Whitney, Sam Blasucci, Father John Misty, Fleet Foxes, Fruit Bats",★★★★★,06/09
digital,,MILLY,Drip From the Fountain [Single],Dangerbird,04/09/2024,Pirate!,Clean,Single,"Shoegaze, Grungegaze, Dream, Slow","DIIV, Alex G, Swervedriver, Narrow Head, Hum, Gleemer, Nothing, Cloakroom",★★★★,06/09
digital,,Saya Gray,QWERTY II [EP],Dirty Hit,04/09/2024,Pirate!,"1*, 5*, 7*","3, 2, 7","Experimental Pop, Folk, Jazz, R&B, Alternative","Grace Ives, Nilufer Yanya, Snoh Aalegra, Alice Glass, Fever Ray, 100 gecs, underscores",★★★★,06/09
digital,,Strung Out,Dead Rebellion,Fat Wreck Chords,04/09/2024,Pirate!,"2*, 6*, 11, 12","6, 3, 4","Skate Punk, Melodic Hardcore, Pop Punk","Bad Religion, Propagandhi, Pennywise, Good Riddance",★★★,06/09
digital,,The Black Keys,Ohio Players,Nonesuch/Warner,04/09/2024,Pirate!,"6, 10","3, 4, 11, 1, 2, 14","Alternative, Blues Rock, Garage Indie","Spoon, Arctic Monkeys, Gary Clark Jr, Jack White, Beck, The Arcs, Queens of the Stone Age",★★★,06/09
digital,,Two-Man Giant Squid,I was a DJ in 2015 [Single],Mint 400,04/09/2024,Pirate!,Single,Clean,"Punk, Indie Sleaze, Psychedelic Pop","Fontaines DC, Gustaf, Pile, Parquet Courts, Wavves",★★★★★,06/09
digital,,Wisp,Pandora [EP],Music Soup / Interscope,04/09/2024,Strange Loop,Clean,"1, 2","Shoegaze, Grungegaze, Alternative","Slowdive, Parranoul, Whirr, Nothing",★★★★★,06/09
CD,,Tirzah,trip9love...???,Domino Recording,04/11/2024,,,,"Alternative R&B, Trap, Art Pop, Witch House, Hypnagogic Pop, Wave","Smerz, Babyfather, Klein",★★★★,6/11
CD,,Mannequin Pussy,I Got Heaven,Epitaph,04/11/2024,Pirate!,"1, 2, 6 [Clean Edits]","3, 4, 5, Clean Edits","Punk, Rock, Noise Rock, Shitpunk","Cherry Glazerr, Bully, Momma, Slothrust, Softcult, Pom Pom Squad, Yeah Yeah Yeahs",★★★★★,6/11
Vinyl,,Cherry Glazerr,I Don't Want You Anymore,Secretly Canadian,04/11/2024,Terrorbird/Secretly,clean,"3, 4, 5, 6","indie rock, indie pop, noise pop, pop rock","Chastity Belt, Palehound, Tacocat, IAN SWEET",★★★★★,6/11
Cassette,,Invalid Sisters,self-titled (part 1 of 2),Youuoy Records,04/11/2024,,,,"Experimental, Ambient, Atmospheric, lo-fi, soundscape","Mephisto Walz, The Feelies, Valentina & los Bindis",★★★,6/11
Vinyl,,Brute Spring,Turquoise Window,Self-Released,04/11/2024,,,,"Electronic, Punk, Dance, No Wave","Science Man, Sweeping Promises, SPECIAL INTEREST",★★★★,6/11
Vinyl,,Filax Staël,Traces,Aagoo,04/11/2024,,,,"David Lynch, Electronic, Expirmental","Audioscope, HEXA, Mildred Maude",★★★★,6/11
Vinyl,,番⻑ TASTE,I dipped my comb in shochu and ran it through the hair of the night,Carbon Records,04/11/2024,,,,"Experimental, Drone, Heavy Rock, Noise","Sonic Youth, Tangled Thoughts of Leaving, Water Damage",★★★,6/11
CD,,Yosh and Yimmy,Three Rivers,BMI,04/11/2024,,,,"Folk, Acoustic, Americana","Trae Sheehan, The Faux Paws, Kevin Farge",★★★,6/11
CD + Digital,,Negativland,"Speech Free: Recorded Music For Film, Radio, Internet and Television",Seeland Media,04/11/2024,The Band Mom,Clean,"Disc 1: 1,3,6,9/Disc 2:8,11,13","Electronic, Experimental, Sound collage,","P.SUS, MONO KIOSKO, Meant., Cluster, Matmos, Faust, Swingle Sisters, Happy the Man, Esquivel",★★★★,6/11
digital,,Hazel English,Jesse feat. Day Wave [Single],Self Released,04/16/2024,N/A,Clean,Single,"Indie Pop, Dream Pop, Indie Rock, Twee Pop","Fazerdaze, Jay Som, Barrie, Hatchie, Alvvays",★★★★★,06/16
digital,,villagerrr,Tear Your Heart Out,Darling Records,04/16/2024,N/A,Clean,"1, 2, 6","Alt-Country, Folk Rock, Indie Rock, Slacker Rock","Wednesday, Merce Lemon, Whitney, Greg Mendez, Cantuckee",★★★★,06/16
digital,,Einstürzende Neubauten,Rampen: apm,Potomak,04/16/2024,Pirate!,TBD,"2, 3, 6","Experimental, Avant Garde, Industrial","Nick Cave & The Bad Seeds, Nine Inch Nails, The Birthday Party, Cabaret Voltaire, Xiu Xiu, Liars",★★★★,06/16
digital,,How to Dress Well,Crypt Sustain b/w nothingprayer [Single],Sargent House,04/16/2024,Pirate!,1*,single,"Electronic, Experimental, Ambient, Noise","Flume, Active Child, Hudson Mohawke, Caribou, James Blake, Baths",★★★★★,06/16
digital,,Leyla McCalla,Sun Without the Heat,Anti-,04/16/2024,Pirate!,Clean,Single,"Folk, Jazz, New Orleans","Amythyst Kiah, Combo Chimbita, Valerie June, Adia Victoria, Hurray For The Riff Raff, Imarhan, Moor Mother",★★★★,06/16
digital,,Maggie Rogers,Dont Forget Me,Capitol,04/16/2024,The Syndicate,Clean,"8, 10, 7, 3, 1","Americana, Folk, indie, Songwriter","Pheobe Bridgers, Julian Baker, Sharon Van Etten, AURORA",★★★★,06/16
digital,,BODEGA,Our Brand Could Be Yr Life,Chrysalis,04/16/2024,The Syndicate,Clean,"6, 15, 4, 7","Post-Punk, indie Rock, Alt-Rock","Wet Leg, Dry Cleaning, neutrals, Geo",★★★,06/16
digital,,Erick The Architect,I've Never Been Here Before,IDOL,04/16/2024,Co-Sign,Clean*,"3, 6, 8, 9","Hip-Hop, Alt Hip Hop, ","Flatbush Zombies, Saba, Denzel Curry, Freddie Gibbs, Danny Brown",★★★★,06/16
digital,,June McDoom,With Strings [EP],Self Released,04/16/2024,"A Man, A Plan, A Canal",Clean,"1, 4","Singer-Songwriter, Art Pop, Chamber Folk, Baroque Pop","Weyes Blood, Lomelda, Barrie, Beach House, Winter, Warpaint, Judee Sill, Nina Simone",★★★★★,06/16
digital,,voyeur,Ugly [EP],Self Released,04/16/2024,N/A,Clean,"2, 3, 4","Indie Rock, Punk, Grunge","Chanel Beads, ladylike, Sonic Youth, Melody English",★★★★,06/16
digital,,Jane Penny ,Surfacing [EP],Luminelle,04/16/2024,Planetary,Clean,"2, 3, 6","Synthpop, Sophisti-Pop, Soft Rock, Dream Pop","TOPS, Tennis, Mr Twin Sister, Yumi Zouma, Melody’s Echo Chamber",★★★★,06/16
digital,,Harmless,Springs Eternal,Nettwerk,04/16/2024,Planetary,Clean,"2, 3, 6, 8, 10","Bedroom Pop, Indie Surf, Twee Pop, Jangle Pop, Dream Pop, Slacker Rock","Dayglow, Vacations, Magdalena Bay, Blue Hawaii, A Beacon School, boy pablo, Passion pit",★★★★★,06/16
digital,,Annie-Claude Deschênes,LES MANIÈRES DE TABLE,Bonsound/Italians Do It Better,04/16/2024,Planetary,Clean,"2, 3, 4, 7","Synthpop, Italo-Disco, Darkwave, Coldwave, Minimal Wave, Minimal Synth","Chromatics, Zola Jesus, Lisa LeBlanc, Duchess Says, PyPy, Black Marble",★★★★,06/16
digital,,Omni,Souvenir,Sub Pop,04/23/2024,Shine On,Clean,"1, 2, 4, 5, 11","Post-Punk, Art Punk, Indie Rock, Math Rock","Deeper, Ty Segall, Preoccupations, Hotline TNT, Protomartyr, REM, Ought, Shame, Priests, Iceage, DRINKS, Nap Eyes, The Cure, Sneaks, early Devo, Uranium Club",★★★★★,06/23
digital,,Kasha Lee,I Want To [EP],Self-Released,04/23/2024,Planetary,Clean,"1, 2, 3","Dream Pop, Lofi, Bedroom Rock, Shoegaze","Soccer Mommy, Wednesday, The Swirlies, Cryogeyser, that dog., Tanukichan, Pia Fraus",★★★★★,06/23
digital,,Laura Brino,Cactus Moon,Self-Released,04/23/2024,Planetary,Clean,"1, 8, 9, 12","Folk, Folk Pop, Singer-Songwriter","Jenny Lewis, Taylor Swift, Aoife O'Donovan",★★★,06/23
digital,,Louis Culture,I Can't Wait To See U Again,Different/PIAS,04/23/2024,Planetary,"3, 4*, 5*, 6*","1, 2, 6*","Pop Rap, Alternative R&B, Hip Hop","Dominic Fike, Kevin Abstract, John Glacier, brakence, Mk.gee",★★★★,06/23
digital,,Aaron Lee Tasjan,Stellar Evolution,Blue Elan Records,04/23/2024,Planetary,4*,"2, 3, 4*","Power Pop, Americana, Pop Rock","Yeasayer, TV On The Radio, The Voidz, Provoker, Yumi Zouma, Twin Shadow",★★★,06/23
digital,,Famous Friend,Tanlines [EP],Self-Released,04/23/2024,Planetary,Clean,"1, 2, 3","Surf Rock, Jangle Pop, Dream Pop","The Drums, Wallows, Choir Boy, Beach Fossils, Day Wave, Vacations",★★★★★,06/23
digital,,Dehd,"""Alien"" [Single]",Fat Possum,04/23/2024,Planetary,Clean,Single,"Indie Pop, Psychedelic Pop, Twee Pop, Folk Pop","Chastity Belt, Omni, Mannequin Pussy, Deeper, Flasher",★★★,06/23
digital,,GUMBO,Stir The Pot,A Tiny Universe,04/23/2024,Planetary,Use Clean Edits,"2,3, 5, 10, 12","Hip Hop, Rap, East Coast Rap","Public Enemy, Pusha T, Wiki, A$AP Rocky, early Kendrick, Injury Reserve",★★★★,06/23
digital,,Minor Moon,The Light Up Waltz,Ruination Record Co.,04/23/2024,Tiger Bomb,Clean,"3, 4, 5, 7","Alt-Country, Americana, Alternative Folk","Hiss Golden Messenger, Phosphorescent, Sam Evian, The Fruit Bats, Strand of Oaks",★★★,06/23
digital,,Adrianne Lenker,Bright Future,4AD,04/23/2024,Beggars,Clean,"2, 3, 5, 12","Singer-Songwriter, Contemporary Folk, Americana, Indie Folk","Big Thief, Phoebe Bridgers, Julia Jacklin, Waxahatchee",★★★★★,06/23
digital,x (PHL),Hour,Ease the Work,Dear Life,04/23/2024,Tiger Bomb,Clean,"1, 2, 8, 11","Post-Rock, Chamber Music, Instrumental","Tortoise, Rachel's, Balmorhea, Do Make Say Think, Saxon Shore",★★★★,08/23
digital,,Crumb,AMAMA [Single],Crumb Records,04/30/2024,Pirate!,Clean,Single,"Alt Rock, Jazz Rock, Indie Pop, Experimental","Homeshake, Men I Trust, Melody's Echo Chamber, Unknown Mortal Orchestra, Jay Som, Barrie",★★★★,06/30
digital,,GEL,Mirage [Single},Blue Grape,04/30/2024,Pirate!,TBD,Single,"Punk, Hardcore","Turnstile, Militarie Gun, Zulu, Drain, Soul Glo",★★★,06/30
digital,,Hovvdy,Hovvdy,Arts & Crafts,04/30/2024,Pirate!,TBD,"18, 2, 3, 7, 10, 12, 16","Alternative, Folk Rock, Slowcore, Alt-Country","Slow Pulp, Real Estate, MJ Lenderman, Whitney, Alex G, Field Medic, Day Wave",★★★,06/30
digital,,Pamphlets,Take Your Place,Self-Released,04/30/2024,The Syndicate,Clean,"7, 3, 2, 8","Post-Punk, Indie Rock, Punk","Pardoner, Youth Sector, Axis: Sova, SAVAK",★★★★,06/30
digital,,Hana Vu,Romanticism,Ghostly International,05/07/2024,Secretly/Tiger Bomb,11,"2, 4, 5","indie pop, indie rock, noise pop, dream pop","SASAMI, Jay Som, Tanukichan, IAN SWEET, Madeline Kenney",★★★★,07/07
digital,,Death Lens,Cold World,Epitaph,05/07/2024,Pirate!,"1, 3, 6, 9","2, 4, 5, 10, 6","punk, rock, garage, pop","FIDLAR, Plague Vendor, Metz, Desaparecidos, Turnstile",★★★★,07/07
digital,,Greg Chako,Standard Roots,Mint 400/Raining,05/07/2024,Pirate!,"1, 3, 5, 9",Clean,"jazz, hardbop, latin jazz, guitar","Dave Stryker, Peter Bernstein, Wes Montgomery, Horace Silver, Mason Daugherty",★★★,07/07
digital,,Rachel Chinouriri,What A Devastating Turn Of Events,Parlophone/Elektra,05/07/2024,Pirate!,"6, 9","10, 3, 8, 2, 5, 12","Pop rock, post-britpop, post-punk revival, indie rock","Arlo Parks, hemlocke springs, Chappell Roan, Maggie Rogers, MICHELLE, Orion Sun, RAYE",★★★★★,07/07
digital,,Rose Hotel,Fruit Tree [Single],Strolling Bones,05/07/2024,Pirate!,Clean,Single,"Bedroom Pop, Dreampop, Indie Rock","Tennis, Fleetwood Mac, Esther Rose, Julia Jacklin, Weyes Blood, Sharon Van Etten",★★★★,07/07
digital,,Dexter and the Moonrocks,Dexter and the Moonrocks [EP],Severance Records,05/07/2024,The Syndicate,Clean,"1, 3, 6","Western Space Grunge, Twee, Pop Rock","Sawyer Hill, Eternal Sunshine, Ole 60",★★★★,07/07
digital,,Kim Gordon,The Collective,Matador,05/07/2024,Beggars,"3, 4, 6, 7, 8","1, 2, 5","Industrial Hip Hop, Experimental Rock, Noise Rock, Trap, Industrial Rock, Power Noise, Electro-Industrial, No Wave","Playboi Carti, JPEGMAFIA, Death Grips, SOPHIE",★★★★★,07/07
digital,,Good Grief,Been Here Before,Self Released,05/07/2024,Planetary,"2, 4","1, 5","Indie Pop, Sophisti-Pop, Contemporary R&B, Hip Hop, Bedroom Pop, Neo-Soul","Louis Cole, Benny Sings, J Dilla, BadBadNotGood",★★★★,07/07
digital,,Population II,Serpent Échelle [EP],Bonsound,05/07/2024,Planetary,Clean,"1, 2, 4","Psychedelic Rock, Krautrock, Progressive Rock","Osees, Ty Segall, Unknown Mortal Orchestra, Kikagaku Moyo, Yoo Doo Right",★★★,07/07
digital,,Force Model,Found Camera,Bug Body Records,05/07/2024,Planetary,2,"1, 3, 5, 9","Post-Hardcore, Noise Rock, Post Punk, Psychedelic Rock","Black Midi, Drive Like Jehu, Unwound, Guerrilla Toss, DIIV",★★★★★,07/07
digital,,Laura Carbone,The Cycle,Cosmic Dreaming,05/07/2024,Planetary,Clean,"1, 6, 9, 11","Singer-Songwriter, Indie Rock, Gothic Rock","Mazzy Star, The Cranberries, Mojave 3, Valley Queen",★★★★,07/07
digital,,LUCI,They Say They Love You,Don't Sleep/PIAS,05/07/2024,Planetary,"1*, 3, 4, 5*, 6, 7*, 8","1*, 2, 5*, 7*","Electropop, Indietronica, Experimental Hip Hop","Santigold, M.I.A., Tierra Whack, Rico Nasty",★★★,07/07
digital,,Alma Jette,I Found A Reason,Melted Records,05/07/2024,Tiger Bomb,Clean,"2, 3, 4, 5","Folk, Indie Folk, Indie Pop, Singer-songwriter","Weyes Blood, Bedouine, Julie Byrne, Joni Mitchell",★★★★★,07/07
digital,,Bodies Of Water,The Journey Is Our Home,Thousand Tongues,05/07/2024,Tiger Bomb,Clean,"1, 2, 3, 5, 7","Gospel, Indie Rock, Indie Folk","ABBA, Music Go Music, Shearwater, Widowspeak, Wye Oak, The National",★★★★,07/07
digital,,Infinite River,Tabula Rasa,Birdman,05/07/2024,Tiger Bomb,Clean,"1, 4, 6, 7","Ambient Americana, Psychedelic Rock, Drone","Kikagaku Moyo, Garcia Peoples, Earthless, His Name Is Alive",★★★★,07/07
digital,,RiTchie,Triple Digits [112],AWAL,05/07/2024,Co-Sign,Use Clean Edits! ,"2*, 3*, 7*, 10*","Experimental Hip Hop, Abstract Hip Hop, Cloud Rap, Neo-Soul, Jazz Rap, Glitch Hop, Trap","Injury Reserve, Bruiser Wolf, Armand Hammer, Mick Jenkins",★★★★★,07/07
digital,,Vegyn,The Road To Hell Is Paved With Good Intentions,PLZ Make It Ruins,05/07/2024,Co-Sign,Clean,"1, 2, 3, 4, 6, 7","Neo-Psychedelia, Downtempo, Trip Hop, Breakbeat, Chillwave","ames Blake, Slauson Malone 1, Underworld, Nabihah Iqbal, Teebs",★★★★★,07/07
digital,,Micah Dailey-White,Temptation b/w Paranoid [Singles],Self Released,05/07/2024,N/A,Clean,Singles,"Synthpop, Contemporary R&B, Chillwave, Hypnagogic Pop, Coldwave, Funk","Headband Henny, Mickey Doo, Riovaz, Marigold, jev.",★★★★,07/07
digital,,Malcolm Todd,Sweet Boy,Columbia Records,05/07/2024,N/A,"4, 7, 11","2, 6, 9, 14, 16","Alternative R&B, Neo-Soul, Bedroom Pop, Psychedelic Soul","Steve Lacey, Dominic Fike, Still Woozy, Hotel Ugly",★★★★★,07/07
digital,,Porter Robinson,Cheerleader [Single],Sample Sized,05/07/2024,N/A,Clean,Single,"Indietronica, Electropop, New Rave, Bitpop, Post-Punk Revival, Power Pop","underscores, Madeon, George Clanton, Sweet Trip",★★★★★,07/07
digital,,Omar Apollo,Spite [Single],Self Released,05/07/2024,N/A,Clean,Single,"Alternative R&B, Alt-Pop, Pop Soul, Garage Rock, Bedroom Pop","Genesis Owusu, Steve Lacy, James Blake, Dominic Fike",★★★★★,07/07
digital,,IDLES,TANGK,Partisan Records,05/07/2024,Co-Sign,Use Clean Edits! ,"2*, 6*, 7","Art Rock, Post-Punk, Art Punk, Dance-Punk","Shame, Protomartyr, Ought, Fontaines D.C., Pixies, Nick Cave & The Bad Seeds",★★★★★,07/07
digital,,HighSchool,Accelerator,[PIAS] Australia,05/07/2024,Planetary,Clean,"1, 2, 3","Indie Rock, Post-Punk, Coldwave, Indie Pop, Gothic Rock, New Wave","bar italia, Broadcast, Provoker, Eyedress, Polvo, King Krule",★★★★★,07/07
digital,,Bad River,Modern Laundry,Self Released,05/07/2024,Planetary,4*,"2, 4, 5, 6","Garage Rock, Indie Rock, Punk","Nirvana, Show Me The Body, OFF!, Mudhoney, Weed, Mclusky, Pissed Jeans",★★★★,07/07
digital,,Specific Coast,TRYING MY BEST,Cactus Coast Records,05/07/2024,Planetary,1*,"1*, 2","Lo-fi, Indie Folk, Indie Pop","Bon Iver, Hovvdy, MJ Lenderman, Greg Freeman, Buck Meek",★★★★,07/07
digital,,Joyer,Night Songs,Hit The North,05/07/2024,Planetary,Clean,"2, 3, 5, 7, 8","Slowcore, Shoegaze, Slacker Rock","Hotline TNT, A Country Western, Drop Nineteens, Hooky, Peel Dream Magazine",★★★★★,07/07
digital,,Porij,Teething,Play It Again Sam,05/07/2024,Planetary,1*,"2, 5, 6, 10","Indietronica, Alt-Pop, Synthpop, Alternative Dance, Liquid Drum and Bass","Ela Minus, Jessy Lanza, Hatchie, Justice, Blue Hawaii, Caroline Polachek",★★★★,07/07
digital,,Iris Blue,"Over Promise, Almost Deliver",Self Released,05/07/2024,Tiger Bomb,Clean,"1, 2, 3, 6","Indie Rock, Emo-Pop, Power Pop","Citizen, Remo Drive, Royel Otis, Sorority Noise, Joyce Manor, Oso Oso",★★★,07/07
digital,,"Lostines, The",Meet The Lostines,Gar Hole Records,05/07/2024,Tiger Bomb,Clean,"2, 3, 4, 1","Alt-Country, Doo-Wop, Americana","The Secret Sisters, Esther Rose, Shannon & The Clams, The Deslondes",★★★★,07/07
digital,,Greg Saunier,"We Sang, Therefore We Were",Joyful Noise Recordings,05/07/2024,Tiger Bomb,Clean,"3, 5, 6, 7","Math Pop, Noise Pop, Experimental Rock","Deerhoof, Nirvana, The Andrews Sisters, Caetano Veloso, Black Moth Super Rainbow, The Kinks, El Guincho, 100 Gecs, Noam Chomsky",★★★,07/07
digital,,Zoya Zafar,Some Songs,Self Released,05/07/2024,Tiger Bomb,Clean,"3, 4, 5","Indie Folk, Bedroom Folk, Singer-Songwriter","Gia Margaret, Helena Deland, Mazzy Star, Mia Joy, Lomelda",★★★★,07/07
digital,x (PHL),Various Artists,No Genocide: A Benefit for Mutual Aid in Gaza,Self Released,05/07/2024,N/A,13,"10, 14","Sceamo, Punk, Hardcore","The Dove, Toxic Rites, Rat Cage, The Dissidents",★★★★,09/07
Vinyl,,Gerycz Powers Rolin,Activator,12XU,05/14/2024,N/A,,"1, 2","Ambient Americana, Folk, ","Black Country, New Road ish",★★★★,07/14
CD,,Explosions in the Sky,End,Temporary Residence Ltd,05/14/2024,Shine On,Clean,"1, 2, 3","Post-Rock, Film Score, Film Soundtrack, Ambient","Mogwai, Godspeed You! Black Emperor, Slowdive, MONO",★★★,07/14
CD,,Purest Feeling,Little Rider,Self Released,05/14/2024,N/A,N/a,1,"Punk, New Wave, Post-Punk, Synth","Jay & Yuta, Lathe of Heaven, Shop Talk",★★★★,07/14
Vinyl ,,Lupo Citta ,Self Titled ,12XU,05/14/2024,N/A,Clean ,,"Rock, Shoegaze, Post-Rock","Babe Report, Chris Brokaw, Sweeping Promises, The Hissyfits ",★★★★,07/14
Vinyl ,,Gerycz/Powers/Rolin,Activator,12XU,05/14/2024,N/A,Clean ,"2,3,5","Experimental Rock, Noise, Ambient, ","Chanel Beads, Yayoba, Louis Carnell, Powers / Rolin Due ",★★★,07/14
CD,,"Umbrellas, The",Fairweather Friend,Slumberland Records,05/14/2024,Little Red Radio,Clean,"1,2,5","Jangle Pop, Twee Pop, Indie Pop","Chime School, Kid Trails, SOAR, Alexei Shishkin",★★★★,07/14
Vinyl ,,Sen Morimoto,Diagnosis,Sooper Records ,05/14/2024,N/A,Clean,"4, 5, 10","Alternative Hip Hop, Art Pop, Art Rock, Indie Pop","Mitski, The Parlor, R.J.F, Kara Jackson",★★★★★,07/14
Vinyl ,,Dreckig,Digital Exposure ,Broken Clover Records,05/14/2024,N/A,Clean,,"Electronic, German Club, Cumbia, Dreamcore, Electropop","Lithics, Sweeping Promises, Rose City Band, Jaiiju ",★★★★,07/14
CD,,Acid Wave,heart2heart,Hogar Records,05/14/2024,N/A,Clean,"7, 6, 2","Dream Pop, Bedroom Pop","Soccer Mommy, Alvvays, Crumb",★★★★,07/14
CD,,Soft Punch,Above Water,Bad Friends Records,05/14/2024,N/A,Clean,"2, 3, 5, 8","Folk, Ambient Pop, Indie Pop","Perfume Genius, Sparklehorse, Elliot Smith, Jukebox the Ghost",★★★★,07/14
CD,,molto morbidi,String Cheese Theory,No Salad Records,05/14/2024,N/A,,"4, 2, 6","Art Pop, Avant-Pop, Synthpop, Electronica, Experimental","mitamu, Homebody, Caliza, Sunglaciers, Irene Wilde",★★★★,07/14
CD,,Waxahatche,Tigers Blood,Anti-,05/14/2024,Pirate!,,"4, 1, 2, 6, 10","Alt-Country, Singer-songwriter, Americana, Country Rock","Pheobe Bridgers, Big Theif, Boygenius, Jens Kuross",★★★★★,07/14
CD,,"Lemon Twigs, The",A Dream Is All We Know,Captured Tracks,05/14/2024,The Syndicate,Clean,"1, 2, 4, 8","Rock & Roll, Sunshine Pop, jangle Pop","The Beach Boys, Ariel Pink, Ty Segall, Alvvays",★★★★★,07/14
CD,,"Planes, The",Dark Matter Recycling Co,Totally Real Records,05/14/2024,N/A,"1, 3","2, 4, 8","90s rock, alternative, indie rock, jangle rock, lo-fi","Built to Spill, Pavement, Dinosuar Jr, Slothrust, Nirvana, Smahsing Pumpkins, Screaming Females",★★★,07/14
CD,,Terry Klein,Leave the Lights On,Self Released,05/14/2024,N/A,,"4, 3, 1","Americana, country, OFlk, Alt-country,","Jackson Harden, Watchhouse (Mandolin Orange), Dawn Landes, Lou Turner",★★★,07/14
CD,,Savana Santos,1,The Valory Music Co.,05/14/2024,Shine On,"1, 2, 3, 4, 7, 8, 9, 10, 11, 12, 14, 15","5, 6, 13","Alternative, Indie Rock, Indie Pop","MUNA, Olivia Rodrigo, Lana Del Rey, Samia, Claud, boygenius",★★★,07/14
CD,,Mighty Tortuga,The Plague Inside Your Head,Heading East,05/14/2024,Shine On,Clean,"3, 4","Rock, Emo, Indie Pop, Pop Punk, Pop Rock","Death Cab for Cutie, Pinegrove, Bombay Bicycle Club, joyce Manor, The Hotelier, Foxing, Oso Oso",★★★★,07/14
CD,,Water From Your Eyes,True Life [Single],Matador Records,05/14/2024,N/A,,Single,"Alternative, Art Rock, Experimental Pop","This is Lorelei, thanks for coming, Dry Cleaning, Sun Kin, Low",★★★★★,07/14
CD,,Steve Bates,All The Things That Happen,Constellation,05/14/2024,N/A,,"2, 3, 4, 5","Drone, Ambient, Experiemental Rock, Post-rock","Esmerine, Jessica Moss, Black Ox Orkestar, bleak",★★★,07/14
CD,,Wednesday Knudsen,Soft Focus: Volumes One and Two,,05/14/2024,N/A,Clean,3,"Environmental Music, Expiremental, instrumental, Ambient","Jeff Parker ETA IVtet, Nathan Salsburg, Michael Abbey, MIZU",★★★,07/14
digital,,Arcadia Grey,Casually Crashing,Smartpunk,05/14/2024,Pirate!,"1, 2, 3, 4, 5, 6, 7 (Clean Edits 2, 4)","2, 4, 8, 9, 10","Alternative, Bummer Punk, Emo, Midwest, Shinepunk, Sparklepunk","Home Is Where, Joyce Manor, Jeff Rosenstock, PUP, Prince Daddy & The Hyena, AJJ",★★★★★,07/14
digital,,Beabadoobee,Take A Bite [Single],Dirty Hit,05/14/2024,Pirate!,Clean,Single,"Indie, Acoustic, Alternative","Soccer Mommy, Phoebe Bridgers, Samia, girl in red, mxmtoon",★★★★,07/14
digital,,BIG SPECIAL,POSTINDUSTRIAL HOMETOWN BLUES,SO,05/14/2024,Pirate!,"2, 3, 4, 6, 9, 12, 15","5, 7, 11, 13 (Clean Edits 3, 4, 12)","Alternative, Electro, Punk, Spoken Word, Poest-Punk","Sleaford Mods, Yard Act, SPRINTS, Fat Dog, Baxter Dury, Fontaines DC",★★★★,07/14
digital,,How To Dress Well,I Am Toward You,Sargent House,05/14/2024,Pirate!,3,"1, 2, 4, 5 (Clean Edits 3)","Electronic, Experimental, Ambient, Noise, Pop","Flume, Active Child, Hudson Mohawke, Caribou, James Blake, Baths",★★★★,07/14
digital,,MRCY,VOLUME 1,Secretly,05/14/2024,The Syndicate,Clean,"4, 7, 2","R&B/Soul, Alternative","SAULT, Ezra Collective, Rececca Vasmant",★★★★,07/14
digital,,Mind's Eye,Long Nights and Wasted Affairs,Self-Released,05/14/2024,The Syndicate,"1, 5, 6, 10","5, 7, 4, 12, 2","Indie Rock, indie Pop, Dream Pop","60 juno, zzzahara, Mexican Slum Rats, .com",★★★,07/14
digital,,Sly5thAve,Liberation,Tru Thoughts,05/14/2024,Co-Sign,7*,"6, 10, 11","Jazz-Funk, Soul, Nu Jazz","Robert Glasper, Kamasi Washington, Alfa Mist",★★★★,07/14
digital,,Seafood Sam,Standing on Giant Shoulders,drink sum wtr,05/14/2024,Co-Sign,Use Clean Edits!,"1, 2, 7, 10","West Coast Hip Hop, Abstract Hip Hop, Hip Hop Soul","Pink Siifu, Zelooperz, Larry June, Chuck Strangers, Warren G, Nate Dogg, Jay Worthy",★★★★★,07/14
digital,,Local Natives,But I'll Wait For You,Loma Vista,05/14/2024,Co-Sign,Clean,"1, 7, 8","Indie Pop, Alt-Pop, Pop Soul, Soft Rock, Chamber Pop","Fleet Foxes, Sylvan Esso, Wye Oak, Westerman, The Shins, Dr. Dog, Beach Fossils",★★★★,07/14
digital,,Lip Critic,In The Wawa (Convinced I Am God) [Single],Partisan Records,05/14/2024,Co-Sign,Clean,Single,"Digital Hardcore, Industrial Hip Hop, Breakcore, Glitch, Experimental Hip Hop","The Garden, Death Grips, IDLES, Psychedelic Porn Crumpets, bar italia, Model/Actriz, MS PAINT, Talking Heads, 100 Gecs",★★★★★,07/14
digital,,Nilüfer Yanya,Like I Say (I runaway) [Single],Ninja Tune,05/14/2024,Co-Sign,Use Clean Edit,Single,"Indie Rock, Noise Pop, Shoegaze, Slacker Rock, Neo-Psychedelia","Mitski, Perfume Genius, Vagabon, Helado Negro, Okay Kaya, Biig Piig, Lava La Rue",★★★★,07/14
digital,,Devarrow,A Long & Distant Wave,Paper Bag,05/14/2024,Planetary,Clean,"1, 6, 7","Indie Folk, Indie Pop, Singer-Songwriter","Yoke Lore, Shakey Graves, Dr. Dog, Deer Tick, Mt. Joy, Oberhofer, Blitzen Trapper",★★★★,07/14
digital,,Mary Middlefield,Poetry (for the scorned and lonely),Self-Released,05/14/2024,Planetary,1*,"1*, 2, 4, 6","Alternative Folk, Indie Folk, Indie Pop, Singer-Songwriter","Weyes Blood, Angel Olsen, Wye Oak, Fenne Lily, Lydia Ainsworth, Helena Deland",★★★★,07/14
digital,,Raul Midón,Lost & Found,Rekondite Rekords,05/14/2024,Planetary,Clean,"1, 4, 7, 9","Soul, Contemporary R&B, Pop-Jazz","Steely Dan, Charles Bradley, Leon Bridges, Al Green, Beverly Glenn-Copeland, Herbie Hancock",★★★,07/14
digital,,Dehd,Poetry,Fat Possum,05/14/2024,Planetary,"1*, 9","1*, 3, 5, 6","Indie Rock, Indie Pop, Indie Surf, Post-Punk Revival, Dream Pop, Jangle Pop, Slacker Rock","Chastity Belt, Omni, Mannequin Pussy, Deeper, Flasher",★★★★★,07/14
digital,,Hippo Campus,Everything At Once [Single],Psychic Hotline,05/14/2024,Planetary,Clean,Single,"Pop Rock, Indie Pop, Alt-Country, Indie Rock","Vampire Weekend, Vacation Manor, COIN, JR JR, Sure Sure",★★★★,07/14
digital,,Unwed Sailor,Underwater Over There,Current Taste,05/14/2024,Tiger Bomb,Clean,"1, 2, 3, 6","Post-Rock, Dream Pop, Math Rock","Explosions in the Sky, DIIV, Mogwai, American Football, Sigur Ros, Tortoise, The Cure, bdrmm, Black Marble",★★★★,07/14
digital,,Whitworth,Earth To Dreamer,Self-Released,05/14/2024,Tiger Bomb,11,"2, 4, 7, 9, 10","Indie Pop, Bedroom Pop, Alternative R&B, Indietronica, Hypnagogic Pop","TOLEDO, Sports, Mk.gee, Ritt Momney, Hippo Campus, Wild Nothing",★★★★★,07/14
digital,,Kamasi Washington,Fearless Movement,Young,05/14/2024,Beggars,2,"2, 5, 6, 8, 11","Spiritual Jazz, Jazz Fusion, Soul Jazz, Jazz-Funk, Jazz Rap","Thundercat, Terrance Martin, John Coltrane, Robert Glasper",★★★★★,07/14
digital,,English Teacher,This Could Be Texas,Island,05/14/2024,Shine On,Clean,"8, 9, 13","Psychedelia, Art Punk, Math Rock","Sprints, Dry Cleaning, Prima Queen, Pip Bloom, Snooper, Sorry, Porridge Radio, Bodega, Cola, Dehd & bar italia",★★★★,07/14
digital,,RYUSENKEI,Super Generation [Single],Alfa Music,05/14/2024,N/A,Clean,Single,"Sophisti-Pop, City Pop, Boogie","HITOMITOI, Hiyajo Atsuko, Natsu Summer, Blu-Swing",★★★★,07/14
digital,,Justice,Hyperdrama,Ed Banger Records/Because Music,05/14/2024,Co-Sign,Clean,"1, 2, 4","French Electro, Synthwave, Nu-Disco, Synth Funk, Electro-Disco, Progressive Electronic","Daft Punk, Phoenix, Tame Impala, Jungle, SebastiAn, Braxe & Falcon",★★★★★,07/14
CD,x,A Country Western,Life on the Farm,Crafted Sounds,05/14/2024,N/A,,"1, 3, 5, 6","Slacker Rock, Alternative, Indie Rock, Power Pop","TAGABOW, Gaadge, Wednesday, Grocer",★★★★,09/14
Vinyl,x,John Train,Cowboy Dreams,Chapter 7 ,05/14/2024,N/A,,2,"Country-Folk, Americana",,★★★★,09/14
Vinyl,x,Lupo Citta,Lupo Citta,12XU,05/14/2024,N/A,,"2, ","Punk-Western, Indie Rock",,★★★★,09/14
Vinyl ,x (PHL),Mechanical Canine,Walls Covered in Mildew,Fire Hazard Records,05/14/2024,N/A,"2, 3, 7, 8",,"Alternative, Punk, Emo","Weatherday, Constant Headache, Crooks & Nannies",★★★★★,09/14
CD,x,Michael Cormier-O'Leary,Anything Can Be Left Behind,Dear Life Records,05/14/2024,N/A,,8,"Folk, Experimental, Improvisation, Smallrooms","MJ Lenderman, Fust, Adeline Hotel, Avi C. Engel",★★★,09/14
CD,x,Tom Heyman,24th Street Blues,Bohemian Neglect Recording Works,05/14/2024,N/A,"5,10","1,4,6","Americana, Folk, Singer-songwriter ","Chris Cacavas, Dan Stuart, Green on Red, Zachary Cale",★★★,09/14
CD,x (PHL),Tom Heyman,24th Street Blues,Bohemian Neglect Recording Works,05/14/2024,N/A,,"1, 4, 6","Americana, Folk-Country, Folk-Blues, ",Go To Blazers (80s 90s philly band),★★★★,09/14
CD,x,Sheer Mag,Playing Favorites,Third Man Records,05/14/2024,Shine On,2,"1, 3, 4, 6","Power Pop, Hard Rock, Glam Rock, Garage Punk, Funk Rock","Waxahatchee, Alvvays, Big Thief",★★★★,09/14
digital,,Alex Henry Foster,Kimiyo,Hopeful Tragedy,05/22/2024,Planetary,Clean,"2, 4, 7, 9","Post-Rock, Ethereal Rock, Neo-Classical, Psychedelic Rock","...And You Will Know Us by the Trail of Dead, Cursive, Nine Inch Nails, Your Favorite Enemies, The World Is A Beautiful Place And I Am No Longer Afraid To Die",★★★,07/22
digital,,Ibibio Sound Machine,Pull The Rope,Merge,05/22/2024,Co-Sign,Clean,"1, 2, 3, 6, 7, 9","Afro-Funk, Synth Funk, Electro, Highlife, Synthpop, Mutant Disco, Dance-Punk, Electro-Disco","Ibeyi, Charlotte Adigéry, KOKOKO!, Hot Chip, Sinkane, Bomba Estéreo",★★★★★,07/22
digital,,Yaya Bey,Ten Fold,Big Dada,05/22/2024,Co-Sign,Use Clean Edits!,"1, 2, 4, 6, 11","Neo-Soul, Contemporary R&B, Alternative R&B, Trip Hop","Jamila Woods, Madison McFerrin, Sudan Archives, Keiyaa, Liv.e",★★★★★,07/22
digital,,EMEL,MRA,Little Human,05/22/2024,Co-Sign,Clean,"1, 2, 3, 5","Electronica, Electropop, Art Pop, Alternative R&B, Trip Hop","Noga Erez, Ibeyi, Bjork, FKA Twigs, Ÿuma, Souad Massi, Sevdaliza, Aurora, Arooj Aftab",★★★★,07/22
digital,,Cadence Weapon,ROLLERCOASTER,MNRK,05/22/2024,Co-Sign,"8*, 9*, 10*, 11*","2, 3, 4, 10*","Experimental Hip Hop, Conscious Hip Hop, Trap [EDM], Deconstructed Club, Future Garage","Injury Reserve, JPEGMAFIA, Denzel Curry, Dorian Electra, Rico Nasty, clipping., Quelle Chris, Death Grips, Noname",★★★,07/22
digital,,Audrey Powne,From The Fire,BBE Music,05/22/2024,Co-Sign,Clean,"2, 3, 5, 8, 9","Singer-Songwriter, R&B, Soul, Jazz","Hiatus Kaiyote, Little Dragon, Moonchild, Madison McFerrin",★★★★★,07/22
digital,,Cor.Ece & Bad Colours,Been Here Before,Bastard Jazz,05/22/2024,Co-Sign,"3*, 4*, 9*","1, 2, 5, 6, 7","Electronic, Dance, Alternative R&B, Deep House, Pop Rap","Kaytranada, Anderson Paak, Chaos in the CBD, Kerri Chandler, Larry Heard",★★★,07/22
digital,,Maria Chiara Argirò,Closer,Innovative Leisure,05/22/2024,Co-Sign,Clean,"1, 2, 5, 10","Ambient Pop, Chillwave, Downtempo, Future Garage, Glitch Pop","Leland Whitty, LNDFK, Teebs, Peel, Kaitlyn Aurelia Smith, Duval Timothy",★★★★★,07/22
digital,,Cakes Da Killa,Black Sheep,Young Art Records,05/22/2024,Co-Sign,"1*, 2*, 6*, 8*, 9*, 10*, 11*","1, 2, 3, 5, 8","Hip House, East Coast Hip Hop, Ballroom, Deep House, Jazz Rap","Mykki Blanco, LSDXOXO, Princess Nokia, Zebrakatz, Tkay Maidza, Keys N Krates",★★★★,07/22
digital,,Crumb,AMAMA,Crumb Records,05/22/2024,Pirate! + Tiger Bomb,Clean,"2, 4, 3, 6, 9, 10","Neo-Psychedelia, Indie Pop, Dream Pop, Bedroom Pop, Indie Rock","Homeshake, Men I Trust, Melody's Echo Chamber, Unknown Mortal Orchestra, Jay Som, Barrie",★★★★,07/22
digital,,MILLY,Your Own Becoming [Single],Dangerbird,05/22/2024,Pirate!,Clean,Single,"90s Alt-Rock, Shoegaze, Fuzz, Grunge ","DIIV, Alex G, Swervedriver, Narrow Head, Hum, Gleemer, Nothing, Cloakroom",★★★★,07/22
digital,,Field Guide,Rootin' For Ya,Birthday Cake,05/22/2024,Tiger Bomb,Clean,"2, 3, 5, 8","Folk Rock, Indie Rock, Singer-Songwriter","Hovvdy, Sam Evian, Cass McCombs, Andy Shauf",★★★★★,07/22
digital,,Blitzen Trapper,100's of 1000's Millions of Billions,Yep Roc,05/22/2024,Planetary,12,"3, 5, 8, 9, 11","Alt-Country, Folk Rock, Indie Rock, Americana, Country Rock, Psychedelic Pop","Fruit Bats, Wilco, Deer Tick, Dr. Dog, M. Ward",★★★,07/22
digital,,Lightning Bug,No Paradise,Self Released,05/22/2024,Planetary,Clean,"2, 5, 6, 8","Dream Pop, Alt-Country, Indie Rock, Neo-Psychedelia","Feist, Frankie Rose, Cat Power, Jessica Pratt, Boy Scouts, French for Rabbits",★★★★★,07/22
digital,,Los Campesinos!,A Psychic Wound b/w Feast Of Tongues [Single],Heart Swells,05/22/2024,Pirate!,TBD,Single,"Alternative, Emo, Indie Pop, Indie Rock","Cloud Nothings, Japandroids, The Front Bottoms, Modern Baseball, Titus Andronicus, Me Rex",★★★,07/22
digital,,Savoir Adore,Better For You [Single],This Fiction,05/22/2024,Pirate!,Clean,Single,"Adventure Wave, Alt, Experimental, Indie Rock, Dream Pop","Broods, St. Lucia, The Japanese House, Bleachers, Phantogram, Smallpools",★★★★,07/22
digital,,Laraw,Quarter Life Crisis,Bravo Musique,05/22/2024,Planetary,"1, 8*, 9","2, 7, 8*, 10","Indie Pop Rock, Indie Pop, Singer-Songwriter","beabadoobee, Jay Som, Abby Sage, Soccer Mommy, Slow Pulp",★★★★,07/22
digital,,néomí ,somebody's daughter,[PIAS] Holland,05/22/2024,Planetary,"2, 9","1, 3, 4, 8","Folk Pop, Singer-Songwriter, Dream Pop","girl in red, Lizzy McAlpine, Phoebe Bridgers, Searows, The Japanese House",★★★★,07/22
digital,,No Windows,Point Nemo [EP],Fat Possum,05/22/2024,Planetary,"1*, 2*, 3*, 4*","1*, 3*, 5","Indie Rock, Indie Folk, Slacker Rock, Alt-Country","Sorry, Soccer Mommy, Wolf Alice, Big Thief, Adrianne Lenker, Porridge Radio, The Orielles",★★★★,07/22
digital,,Personal Trainer,Intangible the Remix [EP],Bella Union,05/22/2024,Planetary,Clean,"1, 2, 5","Indie Rock, Pop Rock, Power Pop","Pip Blom, The Bug Club, Lime Garden, Sports Team, Beck",★★★,07/22
digital,,Kacy Hill,BUG,Nettwerk,05/22/2024,Planetary,Clean,"1, 2, 3, 5, 6","Bedroom Pop, Singer-Songwriter, Dream Pop, Indie Folk, Soft Rock, Alt-Pop","Chappell Roan, MUNA, Nourished By Time, Chanel Beads, Jim-E Stack, Empress Of",★★★★,07/22
digital,,Brennan Wedl,Scorpio [EP],Kill Rock Stars,05/22/2024,Planetary,Clean,"1, 2, 4","Singer-Songwriter, Indie Rock, Alt-Country, Slacker Rock","Waxahatchee, Soccer Mommy, Liz Phair, Davey & the Scouts",★★★★,07/22
digital,,Flamango Bay,Mascara [EP],Moshi Moshi,05/22/2024,Co-Sign,5,"1, 2, 3","Indie Rock, Slacker Rock, Twee Pop","The Strokes, Daphne, Girl Ray, Sunflower Bean, Beach Bunny, Marci",★★★★★,07/22
digital,,Jordan Rakei,The Loop,Verve Forecast,05/22/2024,Co-Sign,5,"2, 3, 6, 9","Neo-Soul, Alternative R&B, Art Pop, Chamber Pop","Bonobo, Nick Hakim, Charlotte Day Wilson, Moonchild, Hiatus Kaiyote",★★★★,07/22
digital,,Potatohead People,Eat Your Heart Out,Bastard Jazz,05/22/2024,Co-Sign,"3*, 5*","2, 3*, 4, 7, 8","Alternative R&B, Jazz-Funk, Nu Jazz, Neo-Soul, Instrumental Hip Hop, Synth Funk","J Dilla, Butcher Brown, Dabeull, Robert Glasper, MNDSGN, Kiefer",★★★★,07/22
digital,,Lip Critic,Hex Dealer,Partisan,05/22/2024,Co-Sign,"1*, 4*, 6*","1*, 3, 6*, 7, 11","Synth Punk, Digital Hardcore, Post-Industrial, Hardcore Breaks, Industrial Hip Hop, Electro-Industrial, Dance-Punk, New Rave, Experimental Hip Hop","Death Grips, IDLES, Psychedelic Porn Crumpets, bar italia, Model/Actriz, MS PAINT, Talking Heads, 100 Gecs",★★★★★,07/22
digital,x,Julia Pratt,Family Feud [EP],RECORDS,05/22/2024,Pirate!,TBD,"4, 2, 1","Alternative, Acoustic Indie, Folk Pop","Lizzy McAlpine, boygenius, Suki Waterhouse, Clairo, quinnie",★★★,09/22
digital,,Softcult,Heaven [EP],Easy Life,05/29/2024,Planetary,clean,"2, 4, 5","shoegaze, alt rock, indie rock","DIIV, Cherry Glazerr, Bully, Slowdive, Hatchie",★★★★★,07/29
digital,,Tei Shi,Valerie,self released,05/29/2024,Planetary,"9, 13","1, 2, 5, 11","alt pop, alt r&b, electropop, synthpop","Caroline Polachek, Jessie Ware, Robyn, Shura, U.S. Girls, Cecile Believe",★★★★,07/29
digital,,Alex Banin,Since Winona [EP],self released,05/29/2024,Planetary,clean,"1, 2, 3, 6","alt r&b, indie pop","Mk.gee, Astrid Sonne, King Krule, Jim Legxacy, Cleo Sol, Frank Ocean",★★★,07/29
digital,,Bluhm,Evil Heart [Single],self released,05/29/2024,Pirate!,Clean,single,"Alternative, Dream Pop, Indie Pop","Beach House, Bat For Lashes, Jane Penny, The xx, Chelsea Wolfe",★★★★,07/29
digital,,DIIV,Frog in Boiling Water,Fantasy/Concord,05/29/2024,Pirate!,Clean,"3, 2, 4, 6, 7","Post-Rock, shoegaze, Alternative","Slowdive, My Bloody Valentine, Wild Nothing, Ride, The Smashing Pumpkins, Deafheaven",★★★★★,07/29
digital,,Lava La Rue,LOVEBITES [Single],Dirty Hit,05/29/2024,Pirate!,Edits,single,"R&B, Alternative, Psychedelic Hip-Hop","Arlo Parks, Sudan Archives, Blood Orange, Jamila Woods, Noname",★★★★★,07/29
digital,,Low Hum,Terra Icognita,Last Gang,05/29/2024,Pirate!,,"6, 2, 3, 1, 8","Electronic, Indie Psychedelic Rock, Alternative","Tame Impala, Foreign Air, Unknown Mortal Orchestra, Portugal The Man, Day Wave, Sir Sly",★★★,07/29
digital,,"Hard Maybes, The ","Thank You, I Think?",Telegraph Hill/Mint 400,05/29/2024,Pirate!,Clean,"4, 2, 1","Pop Rock, Neo-60s, Indie Alternative","Lake Street Dive, Hayley Williams, Fake Pockets, Grace Potter",★★★,07/29
digital,,Nada Surf,In Front of Me Now [Single],Moon Mirror,05/29/2024,The Syndicate,Clean,Single,"Alternative, Indie Rock, 90s","Ben Folds, Tape Deck Mountain, The Lassie Foundation",★★★,07/29
digital,,Aluminum,Fully Beat,Felte.,05/29/2024,Tiger Bomb,Clean,"3, 6, 7, 8","Post-Punk, Shoegaze, Dream Pop, Alternative Rock","My Bloody Valentine, Bowery Electric, Ride, Black Tambourine, Mission of Burma, Blushing",★★★★★,07/29
digital,,Finom,Not God,Joyful Noise,05/29/2024,Tiger Bomb,Clean,"1, 4, 7, 9","Art Rock, Experimental, Alternative Pop","Broadcast, Lala Lala, St Vincent, The Roches, Dehd",★★★★★,07/29
digital,,Improvement Movement,Slump,Public Access Group,05/29/2024,Tiger Bomb,"3, 7, 8","2, 4, 5","Psychedleic, Folk, Acoustic, Alternative","Sam Evian, Drugdealer, Katie Von Schleicher, Harry Nilsson",★★★★★,07/29
digital,,Kaya Hoax,Baby Gear,s/r,05/29/2024,Tiger Bomb,"2, 3, 5, 6, Edits","1, 5, 2, 3","Electronic, Hip-Hop, Drum and Bass","Charli XCX, FKA Twigs, A.G. Cook, 100 gecs",★★★★,07/29
digital,,Nathaniel Russell,Songs Of,Psychic Hotline,05/29/2024,Tiger Bomb,Clean,"1, 2, 4, 5","Indie Folk, Acoustic, Lo-Fi","Daniel Johnston, Vic Chesnutt, Mount Eerie, Bonnie “Prince” Billy, Simon Joyner",★★★★★,07/29
digital,,Fashion Club,Rotten Mind [Single] (feat. Julie Byrne),Felte.,05/29/2024,Tiger Bomb,Clean,Single,"Alternative, Electronic, Art-Rock","Boy Harder, MOANING, We Are the City",★★★★,07/29
digital,,Horse Jumper of Love,Wink [Single],Run For Cover,05/29/2024,Tiger Bomb,Clean,Single,"Slow, Rock, Dream Rock","Teethe, Waveform*, Eiafuawn, helvetia",★★★★,07/29
digital,,WINKS,Finally Awake,Self-Released,06/04/2024,Planetary,"4*, 10","2, 4*, 5, 8","Punk Rock, Grunge, Indie Rock, Pop Rock","Colleen Green, Laura Stevenson and the Cans, King Woman, Potty Mouth, Rilo Kiley",★★★★,08/04
digital,,Milan Ring,Mangos,Astral People/PIAS,06/04/2024,Planetary,Clean,"1, 3, 5, 7, 8","Contemporary R&B, Neo-Soul, Alternative R&B, Film Soundtrack, Trap Soul","HER, Hiatus Kaiyote, Erykah Badu, Noname, Jill Scott, Angie Stone, Jorja Smith, Raveena",★★★★★,08/04
digital,,Alex Pipes,Square One,BigPop,06/04/2024,Planetary,Clean,"3, 6","Jazz, Funk, Jazz Fusion, Jazz House, Modern Jazz","Thundercat, Kamasi Washington, BadBadNotGood, Hiatus Kaiyote",★★★★,08/04
digital,,rEDOLENT,dinny greet,Post Electric,06/04/2024,Planetary,"1*, 2*, 5*, 6*","1*, 2*, 3, 6*, 7","Dream Pop, Indietronica, Art Pop, Indie Rock","PENDANT, Young Fathers, Mount Kimbie, Porij, Mk.gee",★★★★,08/04
digital,,Sid Simons,Beneath The Brightest Smiles,Jullian Records,06/04/2024,Planetary,Clean,"1, 2, 4, 5","Singer-Songwriter, Indie Folk, Indie Pop, Indie Rock","Elliott Smith, Oasis, The Kooks, The Lemon Twigs, Angel Olsen, Big Thief, The Replacements, David Bowie",★★★★,08/04
digital,,Ginger Root,No Problems [Single],Ghostly International,06/04/2024,Tiger Bomb,Clean,Single,"City Pop, Hypnagogic Pop, Bedroom Pop","Men I Trust, Rosehip Teahouse, Flowers, re:ruby, KIRINJI",★★★★★,08/04
digital,,Arooj Aftab,Night Reign,Verve Records,06/04/2024,Tiger Bomb,Clean,"1, 7, 8","Chamber Folk, Chamber Jazz, Ghazal, Qawwali, ECM Style Jazz","Cassandra Jenkins, Vijay Ayer, Shahzad Ismaily, Nala Sinephro, L'Rain, Rachika Nayer",★★★★,08/04
digital,,Habibi,Dreamachine,Kill Rock Stars,06/04/2024,Tiger Bomb,Clean,"1, 2, 4, 6","La Luz, Chastity Belt, Beach House, Automatic, Bleached","Garage Rock, Indie Surf, Indie Pop, Pop Rock, Psychedelic Pop",★★★★,08/04
digital,,King Hannah,Big Swimmer,City Slang,06/04/2024,Tiger Bomb,Clean,"1, 2, 8","Indie Rock, Alternative Rock, Slowcore, Slacker Rock, Post-Rock","PJ Harvey, Laura Marling, Sharon Van Etten, Kevin Morby, Cat Power, Chelsea Wolfe, Hope Sandoval, Lana Del Rey",★★★★★,08/04
digital,,Nightshifts,Nightshifts [EP],Birthday Cake Records,06/04/2024,Tiger Bomb,3*,"1, 2, 3*","Indie Pop Rock, Bedroom Pop, Indie Electronic","Hovvdy, Trace Mountains, Toledo, Field Medic",★★★★★,08/04
digital,,musclecars,Sugar Honey Iced Tea!,BBE Music,06/04/2024,Co-Sign,"3*, 4*","3, 5, 6, 8, ","Dance Jazz, Electronic, Deep House, Soul","Conclave, Ron Trent, Brijean, Moodymann, Yussef Dayes",★★★★★,08/04
digital,,Bryony Jarman-Pinto,Below Dawn,Tru Thoughts,06/04/2024,Co-Sign,10*,"3, 4, 6, 7, 10*","Neo-Soul, Contemporary Jazz, Folk","Lianne La Havas, Nai Palm, Jamila Woods, Kadhja Bonet, Charlotte Day Wilson, Amber Mark, Cleo Soul, Jordan Rakei, Lady Wray",★★★★,08/04
digital,,Moderna,The Future Is Among Us,Brand New Rave,06/04/2024,Co-Sign,5,"1, 2, 3, 7","Dark Disco, Electronic, Techno","Eartheater, PVA, Pixel Grip, Mandy Indiana, HIDE, Special Interest, WINGTIPS",★★★,08/04
digital,,Your Old Droog,Mercury Thermometers [Single],Rem-U-Lak Records,06/04/2024,Co-Sign,Use Clean Edit!,Single,"East Coast Hip Hop, Hardcore Hip Hop, Boom Bap, Drumless, Jazz Rap","Chuck Strangers, Method Man, Denzel Curry, MIKE, Madlib, Danger Mouse",★★★★★,08/04
digital,,Your Old Droog,"DBZ Feat. Denzel Curry, Method Man, and Madlib [Single]",Rem-U-Lak Records,06/04/2024,Co-Sign,Use Clean Edit!,Single,"East Coast Hip Hop, Hardcore Hip Hop, Boom Bap, Drumless, Jazz Rap","Chuck Strangers, Method Man, Denzel Curry, MIKE, Madlib, Danger Mouse",★★★★★,08/04
digital,,Wiseboy Jeremy,635 [EP],Self-Released,06/04/2024,Co-Sign,Use Clean Edits!,"2*, 3*","Hip-Hop/Rap, Soul, Ambient, Jazz","Joey Bada$$, Pink Siifu, Earl Sweatshirt, Fly Anakin, A Tribe Called Quest, Yasiin Bey",★★★★★,08/04
digital,,Axolotes Mexicanos,4ever,Elefant Records,06/04/2024,N/A,6,"2, 3, 9","Twee Pop, Power Pop, Tontipop, Shibuya-kei, Bitpop","AIKO EL GRUPO, CHAVALES, LISASINSON, Wisteria",★★★★,08/04
digital,,Cashier,Maybe I Was Wrong [Single],Good Luck Have Fun Records,06/04/2024,N/A,Clean,Single,"Shoegaze, Grunge, Slacker Rock, Post-Grunge, Noise Rock","maintainer., velora, Bleach Lab, Pencey Sloe, Bleach Lab",★★★★★,08/04
digital,,Iron & Wine,Light Verse,Sub Pop Records,06/04/2024,Shine On,"3*, 4*, 8","1, 2, 3*, 7","Chamber Folk, Singer-Songwriter, Indie Folk","Andrew Bird, Conor Oberst, Bright Eyes, Big Thief, Calexico, M. Ward, Jesca Hoop, Band Of Horses, Ben Bridwell, Modest Mouse, Sufjan Stevens, Fleet Foxes, Father John Misty, Sea Wolf, Jose Gonzalez, Fiona Apple",★★★★★,08/04
digital,,Mdou Moctar,Funeral for Justice,Matador Records,06/04/2024,Beggars,Clean,"1, 2, 3, 8","Tishoumaren, Psychedelic Rock, Blues Rock, Heavy Psych","Kikagaku Moyo, King Gizzard, Allah-Las, Bombino, Tinariwen",★★★★★,08/04
digital,,J. Bernardt,Contigo,Play It Again Sam,06/19/2024,Planetary,"2*, 7","2*, 4, 6, 9","Alternative R&B, Downtempo, Art Pop, Sophisti-Pop","Balthazar, Arctic Monkeys, Father John Misty, Nick Hakim, Foxygen",★★★★,08/19
digital,,Comprador,Please Stay Off the Statue,Self-Released,06/19/2024,Planetary,Clean,"2, 3, 9","Singer-Songwriter, Acoustic Rock, Indie Folk, Midwest Emo","Owen, new Glass Beach, The Appleseed Cast, Hotline TNT, Sunny Day Real Estate, Teenage Fanclub",★★★★,08/19
digital,,Mia Day,"Hellier, Forever",Self-Released,06/19/2024,Planetary,"6, 7","2, 3, 8","Indie Folk, Singer-Songwriter, Indie Rock","Wednesday, Ada Lee, Tomberlin, Waxahatchee, Slow Pulp",★★★★,08/19
digital,,Aquaserge,La fin de l‘économie,Crammed Discs / [PIAS],06/19/2024,Planetary,Clean,"1, 3, 5, 12","Experimental Rock, Avant-Prog, Progressive Rock, Jazz-Rock","Stereolab, Melody's Echo Chamber, Tame Impala, Acid Mothers Temple, La Femme, Halo Maud",★★★,08/19
digital,,Last Dinosaurs,KYORYU,Nettwerk,06/19/2024,Planetary,3,"1, 4, 10, 11","Indie Pop, Indie Rock, Indie Surf, Synthpop, Alt-Pop, Slacker Rock","Hippo Campus, OK Go, JAWNY, Wallows, HUNNY",★★★★,08/19
digital,,Bloomsday,Heart of the Artichoke,Bayonet Records,06/19/2024,Tiger Bomb,"3*, 9","1, 2, 3*, 4, 5","Indie Folk, Indie Rock, Singer-Songwriter, Bedroom Pop, Slacker Rock","Florist, Babehoven, Rosie Tucker, Why Bonnie, Katy Kirby, Tomberlin, Lomelda, h. pruz",★★★★★,08/19
digital,,Mr Sam and The People People,Again! Again!,Tape Dad,06/19/2024,Tiger Bomb,Clean,"1, 3, 7, 8","Folk Americana, Indie Folk, Indie Twang, Singer-Songwriter","Jake Xerxes Fussell, Blaze Foley, Florry, Twain, The Lostines, Esther Rose, Sam Doores, The Deslondes",★★★★,08/19
digital,,Keli Holiday,JESTERMAN [EP],Self-Released,06/19/2024,Co-Sign,4*,"1, 2, 5","Alternative Rock, Funk Rock, Punk Pop, Pop Rock","Cake, Beck, Future Islands, Royel Otis, Wet Leg, Sycco",★★★★★,08/19
digital,,Halima,EXU [EP],drink sum wtr,06/19/2024,Co-Sign,Clean,"1, 2, 3","Indietronica, Alternative R&B, UK Garage, Trip Hop, Breakbeat, Alté","Sudan Archives, Jamila Woods, Orion Sun, Raveena",★★★★,08/19
digital,,Machinedrum,3FOR82,Ninja Tune,06/19/2024,Co-Sign,Use Clean Edits,"3*, 6, 7, 9, 10*, 11","Electronic Dance Music, Liquid Drum and Bass, Alternative R&B, Wonky, Pop Rap, Abstract Hip Hop, UK Garage","Actress, Hudson Mohawke, Jimmy Edgar, Ross from Friends, Joy Orbison, Overmono, Chrome Sparks",★★★★★,08/19
digital,,KÁRYYN,Calm KAOSS! [EP],Mute Records,06/19/2024,Co-Sign,Clean,"1, 2, 3","Art Pop, Indietronica, Glitch Pop, Ambient Pop, Alt-Pop, IDM","Lyra Pramuk, Glasser, Kaitlyn Aurelia Smith, Zola Jesus, Grimes, Austra, FKA Twigs",★★★,08/19
digital,,"Marias, The",Submarine,Atlantic Records,06/19/2024,The Syndicate,Clean,"4, 6, 7, 8, 11","Bedroom Pop, Alt-Pop, Indie Pop, Sophisti-Pop, Dream Pop, Trip Hop, Alternative R&B","Men I Trust, No Vacation, Jakob, Her's, Faye Webster",★★★★★,08/19
digital,,Bored At Grandma’s House,Show & Tell,Clue Records,06/19/2024,Glow Artists,"2*, 3*, 7*, 8*, 10*, 11*","2, 6, 7","Bedroom Pop, Dream Pop, Indie Pop, Indie Rock, Shoegaze","English Teacher, Snail Mail, Big Thief, Alvvays",★★★★,08/19
digital,,Delicate Steve,I'll Be There [SINGLE],Anti-,06/19/2024,Pirate!,Clean,Single,"Indie Rock, Indie Pop, Alt Country","Khruangbin, William Tyler, Tame Impala, Dr. Dog, Daniel Bachman",★★★,08/19
digital,,Fax Gang and Parannoul,Scattersun,Topshelf,06/19/2024,Pirate!,Clean,"5, 2, 4, 8","Drum & Bass, Breakcore, Shoegaze, Cloud Rap, Electornic, Two-Step","Porter Robinson, Anamanaguchi, Weatherday, Kero Kero Bonito, 100 gecs",★★★★★,08/19
digital,,Islands,What Occurs,ELF,06/19/2024,Pirate!,Clean,"2, 3, 6, 11, 13","Alternative, folk Rock, Indie Rock, Power Pop","The Unicorns, Of Montreal, Man Man, Wolf Parade, Destroyer, Dr. Dog",★★★★,08/19
digital,,Nat Harvie,New Virginity,Boiled,06/19/2024,Pirate!,"2, 6","1, 7, 4, 3","Alt Pop, Alt Rock, Glam Rock, Electro Pop","Low, Youth Lagoon, Cate Le Bon, The Antlers, Whitney",★★★,08/19
digital,,REZN,Burden,Sargent House,06/19/2024,Pirate!,Clean,"1, 5, 7","Rock, Doom, Metal, Prog Rock, Psychedelic Rock","Russian Circles, Pallbearer, High On Fire, Sleep, Cave In",★★★★,08/19
digital,,Savoir Adore,Savoir Adore,This Fiction,06/19/2024,Pirate!,Clean,"2, 4, 3, 6, 7","Adventure Wave, Indie Rock, Dream Pop, Alternative","Broods, St. Lucia, The Japanese House, Bleachers, Phantogram, Smallpools",★★★★,08/19
digital,,John Cale,How We See The Light [Single],Domino,06/19/2024,The Syndicate,Clean,Single,"Alternative, Experimental, Electronic, Art pop","Perfume Genius, Slauson Malone 1, Animal Collective, of Montreal, Broadcast, Everything Everything",★★★★,08/19
digital,,"Decemberists, The","As It Ever Was, So It Will Be Again",Thirty Tigers,06/19/2024,The Syndicate,Clean,"1, 2, 8, 4","Alternative Folk, Folk Rock, americana, Dark Cabaret","Big Thief, The Mountain Goats, Lizzy McAlpine, Alex G",★★★★,08/19
digital,,Wallows,Model,Atlantic Records,06/19/2024,The Syndicate,Clean,"1, 3, 4, 5, 7","indie Pop, Post-Punk Revival, Bedroom Pop, Alternative","The 1975, Japanese Breakfast, Jean Dawson, Girl In Red",★★★★,08/19
digital,,Cola,The Gloss,Fire Talk,06/19/2024,terrorbird,2,"3, 4, 10","post punk, art rock","Deeper, Ought, Dry Cleaning",★★★★,08/19
digital,,Salvia Palth,last chance to see me,Danger Collective,06/19/2024,terrorbird,"1, 10, 11","3, 5, 6","dream pop, noise pop, drone","Take Care, dandelion hands, Starry Cat, Current Joys",★★★★★,08/19
digital,,Kronos Quartet,Outer Spaceways Incorporated,Red Hot,06/19/2024,terrorbird,Clean,"1, 3, 4","modern classical, chamber music","Budos Band, Meredith Monk, Philip Glass Ensemble",★★★,08/19
digital,,Acoqui,Drive by Dream,Gradual Ego,06/19/2024,terrorbird,clean,"2, 4, 7","indie rock, psych rock","Here We Go Magic, Grizzly Bear, Foxygen",★★★,08/19
digital,x,Dr. Dog,Love Struck feat. M. Ward [Single],We Buy Gold,06/19/2024,Pirate!,Clean,Single,"Indie Folk, Psychedelic Pop, Indie Pop","Deer Tick, Wilco, The Nude Party, Delta Spirit, Father John Misty, The Shins",★★★★,10/19
digital,,Been Stellar,"Scream from New York, NY",Dirty Hit,06/25/2024,Pirate!,Clean,"4, 5, 2, 3, 7","Indie Rock, Post-Punk Revival, Garage Rock","Fontaines DC, Friko, Horsegirl, Geese, Cloud Nothings, Wunderhorse, Shame, DIIV, English Teacher",★★★★★,08/25
digital,,BLUHM,Under The Glow of Your Moon [SINGLE],Self-Released,06/25/2024,Pirate!,Clean,Single,"Dream Pop, Synthwave, Indie Pop, Alternative, ","Beach House, Bat For Lashes, Jane Penny, The xx, Chelsea Wolfe",★★★★,08/25
digital,,Hayes Noble,"As It Was, As We Were",2-2-1 Press,06/25/2024,Pirate!,Clean,"7, 6, 10, 1, 4","Post hardocre, Emo, 90's Alt Rock, Shoegaze","Dinosaur Jr., Built to Spill, The Lemonheads, Hum, Jawbreaker, Fiddlehead, Cloud Nothings",★★★★★,08/25
digital,,Mavis Staples,Worthy [Single],Anti-,06/25/2024,Pirate!,Clean,Single,"R&B, Soul, Funk","The Staple Singers, Sharon Jones, Bettye LaVette, Prince",★★★,08/25
digital,,Sunday Morning,Forget Me Nots [EP],Open Your Ears,06/25/2024,Pirate!,4,"2, 1, 3","Alternative Rock, Post-Hardcore, Pop-Punk","Basement, Citizen, The Story So Far, Microwave, Rarity",★★★★,08/25
digital,,talker,I'm Telling You The Truth,Self-Released,06/25/2024,Pirate!,Clean,"8, 2, 4, 5, 9","Alt Pop, Indie Pop, Pop Rock, LA Pop","Charly Bliss, Beabadoobee, illuminati hotties, Alex Lahey, Sydney Sprague, Faye Webster",★★★,08/25
digital,,"Japanese House, The",:) [Single],Dirty Hit,06/25/2024,Pirate!,Clean,Single,"Alternative, Indie, Pop","Boy Genius, Pheobe Bridgers, Alvvays, Japanese Breakfast",★★★,08/25
digital,,Model Child,Get There!,PopCan,06/25/2024,The Syndicate,Clean,"3, 5, 8","Indie Rock, Electropop, Hyperpop, Pop","Becky Waytoomuch, Hannah Diamond, GAUCI, Sunglaciers",★★★,08/25
digital,,Johnny Burgos,All I Ever Wonder,LRK,06/25/2024,The Syndicate,"4, 6, 9 (Edit 4)",,"Neo-Soul, R&B, Funk","Bobby Harden & The Soulful Saints, Pale Jay, Hannah Williams",★★★,08/25
digital,,DEAD STAR TALK,Solid State Chemicals,Massive 92,06/25/2024,Planetary,6,"1, 2, 3, 4","Britpop, Indie Rock, Punk Rock","The Smashing Pumpkins, High Vis, Oasis, Pastel, The Charlatans",★★★,08/25
digital,,Winifred,Carpet Of Flowers [EP],MNRK,06/25/2024,Planetary,Clean,"2, 3, 4","Alternative R&B, Electronic, Ambient Pop, Electronic Dance Music","Erika de Casier, Kelela, PinkPantheress, Sam Gellaitry, Caroline Polachek",★★★,08/25
digital,,Flavia Coelho,Ginga,Le Label/PIAS,06/25/2024,Planetary,Clean,"1, 3, 10","Samba-reggae, Latin Alternative, Tropicália","Gaël Faye, Reyna Tropical, Pachyman, Sofia Kourtesis, La Yegros, Zoufris Maracas",★★★,08/25
digital,,Ethan Beck & The Charlie Browns,Duck Hollow,Douglas Street Records,06/25/2024,Planetary,"7, 10","2, 3, 8, 11","Indie Rock, Power Pop, Indie Pop","Hurry, Young Guv, Sugar, Big Star, Lemonheads",★★★,08/25
digital,,Ginger Root,Better Than Monday [Single],Ghostly International,06/25/2024,Tiger Bomb,Clean,Single,"Hypnagogic Pop, Bedroom Pop, Neo-Psychedelia, Jazz Fusion, Synth Funk","Unknown Mortal Orchestra, boy pablo, Toro Y Moi, BOYO",★★★★,08/25
digital,,Horse Jumper of Love,Snow Angel [Single],Run For Cover Records,06/25/2024,Tiger Bomb,Dirty,Single,"Slowcore, Slacker Rock, Indie Rock, Indie Folk, Singer-Songwriter, Avant-Folk","Wednesday, Helvetia, Duster, SPIRIT OF THE BEEHIVE",★★★★★,08/25
digital,,Cassandra Jenkins,Delphinium Blue [Single],Dead Oceans,06/25/2024,Tiger Bomb,Clean,Single,"Art Pop, Downtempo, Ambient Pop, Sophisti-Pop","Adrienne Lenker, David Berman, Gia Margaret, Destroyer",★★★★★,08/25
digital,,Big Bill,Strawberry Seed,Spaceflight Records,06/25/2024,Tiger Bomb,12,"1 2, 5, 9","Art Rock, Egg Punk, Indie Rock, Post-Punk","Yard Act, Being Dead, Rolling Blackouts Coastal Fever, Prettiest Eyes, The Chameleons, Parquet Courts",★★★★,08/25
digital,,"Dead Tongues, The",Body of Light,Psychic Hotline,06/25/2024,Tiger Bomb,2*,"1, 2, 5","Americana, Stomp and Holler, Singer-Songwriter, Alt-Country","Bill Callahan, Adrianne Lenker, Damien Jurado, Tre Burt, Bonnie Light Horseman, Kevin Morby",★★★★,08/25
digital,,Priori,This but More,NAFF,07/02/2024,Co-sign,Clean,"3, 4, 6, 9","Ambient Techno, Ambient, Dub Techno, Atmospheric Drum and Bass","The xx, Oneohtrix Point Never, Aphex Twin, Boards of Canada, Kelly Lee Owens, Carmen Villain, Kaitlyn Aurelia Smith",★★★★,09/02
digital,,Crystal Murray,Sad Lovers and Giants,Because Music,07/02/2024,Co-sign,Use Clean Edits,"2, 3, 5, 9, 10","Alternative R&B, Alt-Pop, Art Pop, Neo-Soul","Cakes Da Killa, Sudan Archives, Tierra Whack, Zebra Katz, Princess Nokia, Kilo Kish, LeiKeli47, Kelis, Jamila Woods",★★★★,09/02
digital,,長谷川白紙 Hakushi Hasegawa,Gone (feat. KID FRESINO) [Single],Brainfeeder,07/02/2024,Co-sign,Clean,Single,"Experimental Hip Hop, Experimental Rock, Japanese Hip Hop, Glitch Pop, Industrial Hip Hop, Brutal Prog, Abstract Hip Hop, Avant-Garde Jazz, Flashcore","Yaeji, Jessy Lanza, Park Hye Jin, Sen Morimoto, Nourished By Time, Lip Critic",★★★★,09/02
digital,,L'Impératrice,Pulsar,Microqlima,07/02/2024,Co-sign,Clean,"3, 4, 5, 6","Nu-Disco, French Pop, Sophisti-Pop, French House, Synth Funk, Italo-Disco","Parcels, Polo & Pan, Neil Frances, Poolside",★★★★,09/02
digital,,NxWorries,Why Lawd?,Stones Throw,07/02/2024,Co-sign,Use Clean Edits,"2, 4, 7, 9","Neo-Soul, Contemporary R&B, Smooth Soul, West Coast Hip Hop, Psychedelic Soul","Saba, Mndsgn, Thundercat, Free Nationals, Sir, Smino",★★★★★,09/02
digital,,bob junior,friends vol. 1,777 Music,07/02/2024,N/A,"2, 7, 10","3, 6, 11","Indie Pop, Alternative, Dream Pop","Fur, Arlo Parks, Okey Dokey, Angie McMahon, ORISUN",★★★★,09/02
digital,,BADBADNOTGOOD,Mid Spiral: Growth,XL Recordings/Innovative Leisure,07/02/2024,Beggars,Clean,"1, 3","Jazz Fusion, Jazz-Funk, Soul Jazz","Kamasi Washington, Terrance Martin, Flying Lotus, Hiatus Kaiyote",★★★★,09/02
digital,,bar italia,The Tw*ts [EP],Matador Records,07/02/2024,Beggars,Clean,"1, 4","Slacker Rock, Post-Punk, Noise Pop, Neo-Psychedelia","NINA, Hype Wiliams, Double Virgo, Wednesday, Dry Cleaning",★★★★,09/02
digital,,Goat Girl,Below The Waste,Rough Trade Records,07/02/2024,Beggars,9*,"2, 3, 9","Indie Rock, Art Rock, Neo-Psychedelia, Indie Pop","Wet Leg, Horsegirl, Julie Christmas, Why Bonnie, Velocity Girl",★★★★,09/02
digital,,King Krule,SHHHHHHH! [EP],Matador Records,07/02/2024,Beggars,Clean,"2, 3","Art Rock, Neo-Psychedelia, Post-Punk, Singer-Songwriter, Indie Rock, Slowcore","Puma Blue, HOMESHAKE, Blood Orange, Cosmo Pyke, Toro y Moi",★★★★★,09/02
digital,,Eels,EELS TIME!,E Works/PIAS,07/02/2024,Planetary,"5, 8","1, 3, 4, 6","Indie Pop, Singer-Songwriter, Alternative Rock, Indie Rock, Chamber Pop, Folk Pop","The Dandy Warhols, Gomez, Sparklehorse, The Flaming Lips, Supergrass",★★★★,09/02
digital,,KNEECAP,Fine Art,Heavenly/PIAS,07/02/2024,Planetary,"Clean edits available for 2, 4, 8, 9, 10","2, 8, 9, 10","Political Hip Hop, Hardcore Hip Hop, Grime","Kojaque, The Mary Wallopers, Versatile, Gaptoof",★★★★,09/02
digital,,Soccer Mommy,Lost [Single],Loma Vista/Concord,07/02/2024,Planetary,Clean,Single,"Singer-Songwriter, Indie Folk, Bedroom Pop, Chamber Pop","Snail Mail, Tomberlin, Mitski, Jay Som, Phoebe Bridgers, Black Belt Eagle Scout",★★★★★,09/02
digital,,Tim Atlas,Enchanté,Nettwerk,07/02/2024,Planetary,"2, 9","3, 7, 8, 10","Indie Pop, Bedroom Pop, Alternative R&B","Day Wave, NEIL FRANCES, LEISURE, Mild High Club, Homeshake",★★★★,09/02
digital,,O.,WeirdOs,Speedy Wunderground/PIAS,07/02/2024,Planetary,Clean,"2, 4, 5, 7","Art Punk, Nu Jazz, Heavy Psych, Jazz Fusion, Industrial, Experimental Rock","Sons of Kemet, The Comet Is Coming, Wu-Lu, black midi",★★★★★,09/02
digital,,Boulevards,Carolina Funk: Barn Burner on Tobacco Road,Normaltown Records / New West Records,07/02/2024,Tiger Bomb,Clean,"1, 6, 8, 10","Funk, Soul, Pop Soul","Durand Jones, The Black Pumas, Neal Francis, Lee Fields",★★★,09/02
digital,,Pepe Deluxé,Comix Sonix,Catskills Records Ltd.,07/02/2024,Tiger Bomb,5,"2, 3, 7, 12, 13","Neo-Psychedelia, Art Pop, Progressive Pop, Pop Soul, Progressive Breaks, Electronic, Turntablism, Psychedelic Pop","Lemon Jelly, The Avalanches, The Go! Team, Negativland",★★★,09/02
digital,,Sis,Vibhuti,Native Cat Recordings,07/02/2024,Tiger Bomb,Clean,"2, 3, 6, 7","Art Pop, Synth Pop, Experimental","Bedouine, Cassandra Jenkins, Nabihah Iqbal, Julianna Barwick",★★★,09/02
digital,,Angélica Garcia,Gemelo,Partisan Records,07/02/2024,Co-sign,Clean,"2, 3, 6, 7, 10","Latin Pop, Alt-Pop, Synthpop, Alternative R&B, Art Pop","Lido Pimienta, Reyna Tropical, Xenia Rubinos, Sudan Archives",★★★★,09/02
digital,,Your Old Droog,Movie,Rem-U-Lak Records,07/02/2024,Co-sign,All Tracks Have Clean Edits,"3, 4, 7, 15","East Coast Hip Hop, Boom Bap, Conscious Hip Hop, Drumless","Chuck Strangers, Method Man, Denzel Curry, MIKE, Madlib, Danger Mouse",★★★★★,09/02
digital,,SOPHIE,Reason Why (feat. Kim Petras & BC Kingdom) [Single],Transgressive / Future Classic,07/02/2024,Co-sign,Use Clean Edit,Single,"Dance-Pop, Electropop, Bubblegum Bass, Future House","Charli XCX, Shygirl, Arca, A.G. Cook, Doss, Octa Octa, Grimes",★★★★★,09/02
digital,,Thee Sacred Souls,Lucid Girl [Single],Daptone Records,07/02/2024,Co-sign,Clean,Single,"Soul, Smooth Soul, Psychedelic Soul","Steve Lacy, Jalen Ngonda, Leon Bridges, Durand Jones & The Indications",★★★★★,09/02
digital,,Society of The Silver Cross,Festival of Invocations,8668 Records,07/02/2024,Planetary,Clean,"1, 4, 6, 7","Gothic Rock, Ethereal Wave, Neo-Folk, Shoegaze","This Mortal Coil, Anna von Hausswolff, Circuit des Yeux, Richard Dawson, Dead Man's Bones, The Meices, Alien Crime Syndicate",★★★,09/02
digital,,Eivør,Enn,Season of Mist,07/02/2024,Planetary,Clean,"2, 3, 7","Art Pop, Faroese Folk Music, Ambient Pop","Sky Ferreira, Bat For Lashes, Imogen Heap, Kate Bush, Anna von Hausswolff, Björk",★★★,09/02
digital,,"Fall, The",Slates (Live),Popstock,07/02/2024,Planetary,"5, 6","1, 2, 4","Post-Punk, Indie Rock, Art Punk","Wire, Gang Of Four, The Birthday Party, Magazine, The Slits",★★★★,09/02
digital,,Huttch,Red Hot,Self Released,07/02/2024,Planetary,Clean,"1, 2, 3","Rock, Post-Hardcore, Grunge, Garage Rock, Garage Punk, Alternative Rock","Pissed Jeans, Mudhoney, The Dirty Nil, Hot Snakes",★★★★,09/02
digital,,Kazy Lambist,Moda,Cinq 7/Wagram Music,07/02/2024,Planetary,Clean,"1, 3, 6, 7, 12","Synthpop, Indie Pop, Sophisti-Pop","Nation of Language, Papooz, Lewis OfMan, Yaz/Yazoo, L'Impératrice",★★★★,09/02
digital,,Rui Gabriel,Compassion,Carpark,07/02/2024,Terrorbird,"3*, 7*","3, 5, 7","indie rock, slacker rock","h. pruz, Wishy, Youth Lagoon",★★★★,09/02
digital,,Jannah Camille,i tried to freeze light but only remember a girl [EP],Winspear,07/02/2024,Terrorbird,Clean,"1, 2, 5","indie pop, singer-songwriter","Indigo De Souza, Slow Pulp, Samia, Clairo",★★★★,09/02
digital,,Clairo,Nomad [Single],Virgin,07/02/2024,Terrorbird,Clean,Single,"folk pop, indie pop, soft rock","mitski, HAIM, arlo parks, rex orange county",★★★★★,09/02
digital,,Hiatus Kaiyote,Love Heart Cheat Code,Brainfeeder,07/09/2024,Co-Sign,10*,"2, 3, 5, 9","Neo-Soul, Neo-Psychedelia, Psychedelic Soul, Jazz-Funk, Alternative R&B","Nick Hakim, Jordan Rakei, Little Dragon, Thundercat, Madison McFerrin",★★★★★,09/09
digital,,Brayden Bell,Box Office Bomb [EP],Cordova Bay Records,07/09/2024,Planetary,5,"1, 2, 3","Indie Folk, Singer-Songwriter, Indie Pop","Christian Lee Hutson, Hovvdy, Better Oblivion Community Center, Shred Kelly, Lucy Rose",★★★★,09/09
digital,,Double Wish,Universe Sometimes [EP],Hit The North Records,07/09/2024,Planetary,Clean,"1, 2, 3","Sunshine Pop, Dream Pop, Indie Pop, Psych Pop, Soft Rock","DIIV, Beach Fossils, Real Estate, Surfer Blood, snow ellet",★★★★,09/09
digital,,Guided By Voices,Strut of Kings,GBV Inc.,07/09/2024,Planetary,5,"4, 7, 10","Indie Rock, Slacker Rock, Hard Rock, Power Pop","Car Seat Headrest, Ty Segall, Bob Mould, Superchunk, Sebadoh, The Who, Big Star, Wire",★★★★,09/09
digital,,LUCI,Morning Wine [Single],Don't Sleep/PIAS,07/09/2024,Planetary,Clean,Single,"Alt-Pop, Indietronica, Alternative R&B","Santigold, M.I.A., Tierra Whack, Rico Nasty",★★★★,09/09
digital,,Allegra Krieger,Never Arriving [Single],Double Double Whammy,07/09/2024,Tiger Bomb,Clean,Single,"Indie Folk, Singer-Songwriter","Big Thief, Waxahatchee, Luxury, Ratboys",★★★★,09/09
digital,,"Folk Implosion, The",Walk Thru Me,Joyful Noise Recordings,07/09/2024,Tiger Bomb,1*,"1*, 4, 9, 10","Indie Rock, Slacker Rock, Film Soundtrack, Alternative Rock, Folk Rock",,★★★,09/09
digital,,Klark Sound,What Is Music?,Public Access Group,07/09/2024,Tiger Bomb,2,"1, 5, 9, 10","Jazz-Rock, Progressive Pop, Folk","Improvement Movement, The Shins, Eric Slick, Steely Dan, Ween",★★★★,09/09
digital,,Liana Flores,Flower of the soul,Verve Records,07/09/2024,Tiger Bomb,Clean,"2, 3, 8, 10","Folk Pop, Singer-Songwriter, Bossa nova, Chamber Folk","Laufey, Faye Webster, beabadoobee, Clairo",★★★★★,09/09
digital,,Homeshake,Horsie,Warp,07/09/2024,Terrorbird,Clean,"7, 8, 11","hypnagogic pop, bedroom pop, alternative r&b","Mild High Club, Good Morning, Crumb",★★★★,09/09
digital,x (PHL),Ocean Heights,only [Single],Self Released,07/09/2024,N/A,Clean,Single,"Indie R&B, Space Disco, Pop Rock","Thundercat, Kevin Walkman, marcos g, Sylo",♡♡♡,11/09
CD,,A Certain Ratio,1982,Self Released,07/15/2024,N/A,Clean,"1, 2, 3, 7","Electronic, Funk, Jazz Fusion, World Dance","The Smile, SAULT, The Beginning Of The End, Floating Points",★★★★★,09/16
Vinyl,,Babehoven,Water's Here In You,Double Double Whammy,07/15/2024,N/A,Clean,"1, 2, 6, 8, 12","Indie Folk, Dream Pop, Slowcore, Bedroom Pop","Allegra Krieger, PACKS, Mia Joy, Wednesday",★★★★★,09/16
CD,,Beth Gibbons,Lives Outgrown,Domino,07/15/2024,N/A,Clean,"1, 2, 4, 6","Chamber Folk, Singer-Songwriter, Psychedelic Folk, Progressive Folk, Art Rock, Post-Roc","Portishead, Martina Topley-Bird, Tindersticks, Lamb",★★★★★,09/16
Vinyl,,Carlton Melton,Microwavelengths,Broken Clover Records,07/15/2024,N/A,Clean,"1, 2, 4","Experimental, Fuzz, Psychedelic Rock, Space Rock","Hills, ACID ROOSTER, Psych Lovers, Twin Drugs",★★★,09/16
Vinyl,x (PHL),Cartoon,Nyuck Nyuck Boing!,Self Released,07/15/2024,N/A,TBD,"1, 4, 5","Punk, Hardcore, Kraut Rock, Psychedelic Rock","Famous Mammals, THA RETAIL SIMPS, Soul Glo, Emily Robb",★★★★,09/16
Vinyl,x (PHL),DRILL,Permanent,Self Released,07/15/2024,N/A,TBD,"3, 6, 7","Post-Punk, Synth Punk, Experimental","Sweeping Promises, Lithics, ROUGE, Church Girls",★★★★,09/16
CD,,Echo In,The People,Random Fleet,07/15/2024,N/A,Clean,"1, 4, 6","Electronic, Ambient, Experimental, Downtempo","Tycho, Four Tet, Boards of Canada, Bonobo, Caribou",★★★★,09/16
CD,,EKKSTACY,EKKSTACY,Self Released,07/15/2024,N/A,"2, 5, 10","1, 6, 8, 13","Post-Punk Revival, Indie Surf, Shoegaze, Dream Pop, Bedroom Pop","Slowdive, Max Fry, suisside, Shrimp, surrenderdorothy",★★★★,09/16
CD,,Felt Out,Until I'm Light,Fraught House,07/15/2024,N/A,TBD,"1, 2, 5","Experimental, Alt Pop, Pizza Rock","Home Baker, Adrianne Lenker, Home Baker, Eve Essex",★★★,09/16
CD,,Grandaddy,Blu Wav,Dangerbird,07/15/2024,N/A,Clean,5,"Bluegrass, New Wave, Ambient, Space Rock, Experimental","Wilco, Sparklehorse, The Flaming Lips, Band of Horses, The War on Drugs",★★★,09/16
CD,,Indiana Bradley,Pale City [EP],Self Released,07/15/2024,N/A,1,2,"Post Punk, Post Rock, Alternative","Madeline Goldstein, DREAMCAR, Ritual Veil",★★★,09/16
CD,,Jessica Moss,Galaxy Heart,Constellation,07/15/2024,N/A,Clean,"1, 2, 6","Avant-Garde, Experimental, Art Rock, Post-Classical, Drone","Colin Stetson, Godspeed You! Black Emperor, A Silver Mt. Zion, Dirty Three, Sunn O))), Tony Conrad",★★★,09/16
Vinyl,,Jorja Smith,falling or flying,FAMM,07/15/2024,N/A,"2, 10","1, 3, 5, 6","Contemporary R&B, Neo-Soul, Alternative R&B","Mahalia, Snoh Allegra, Nao, Ari Lennox",★★★★★,09/16
CD,,Julia Holter,Something In The Room She Moves,Domino,07/15/2024,N/A,Clean,"1, 3, 6, 8","Experimental Pop, Art Pop, Indie","Grouper, Julianna Barwick, Laurel Halo, Joanna Newsom, Broadcast",★★★★,09/16
CD,,Laith,Lightning,Fluff and Gravy Records,07/15/2024,N/A,2,"4, 6, 7","Country, Folk, Indie Rock, Psychedelic, Singer-Songwriter","Kassi Valazza, Skyway Man, Kevin Farge, Lou Turner",★★★,09/16
CD,,Mapache,Swinging Stars,Innovative Leisure,07/15/2024,N/A,Clean,"1, 2, 3","Folk Rock, Americana","The Milk Carton Kids, Mandolin Orange, Fleet Foxes, The Avett Brothers, Fruit Bats, Andrew Combs, Hiss Golden Messenger, Dawes",★★★★★,09/16
CD,,Marina Allen,Centrifics,Fire,07/15/2024,N/A,TBD,"3, 5","Rock, Adult Alt Pop Rock, Singer Songwriter","Joanna Newsom, Fiona Apple, Cate Le Bon, Karen Dalton, Waxahatchee",★★★★,09/16
CD,,Mediocre,To Know You're Scared [EP],Dangerbird Records,07/15/2024,N/A,1,"2, 5","Indie Pop, Alternative Rock, Garage Rock, Pop Rock, Post-Punk","Remember Sports, Weakened Friends, Lande Hekt, WISH",★★★★,09/16
CD,,Occurrence,Slow Violence,Archie & Fox Records,07/15/2024,N/A,"13, 19, 21","2, 8, 18","Electronic, Darkwave, Futurepop, Nostalgiawave, Synthpop","Polypores, SAULT, Future Floods, Soft Roit",★★★★,09/16
CD,,Pylon Reenactment Society,Magnet Factory,Strolling Bones,07/15/2024,N/A,Clean,"1, 5, 3","Alt Rock, Jangle Pop, Post Punk","Pylon, The B-52s, Gang of Four, The Feelies, Talking Heads, R.E.M",★★★,09/16
CD,,Quarters of Change,Portraits,300 Entertainment,07/15/2024,N/A,Clean,"1, 3, 5, 7, 9","Alternative Rock, Pop Rock","Gentle Organisms, Fiddlehead, Kevin Devines, Adrian Sood",★★★★,09/16
CD,,Rose Rose,Eye To Eye,Neville Street Music,07/15/2024,N/A,TBD,"1, 2, 3","Funk, Disco Pop, Electronic Pop, French Pop","Joe Lewandowski, Hollywood Burns, Tour-Maubourg",★★★★,09/16
CD,,Slow Leaves,Meantime,Birthday Cake Records,07/15/2024,N/A,Clean,"1, 4, 6","Americana, Folk Rock, Indie Folk, Singer-Songwriter","Jeremy Fisher, Big Thief, Merce Lemon, We Are Baker",★★★★,09/16
Vinyl,,Spread Joy,II,Feel It Records,07/15/2024,N/A,Clean,"2, 3, 9","Post-Punk, Art Punk, Egg Punk, Synth Punk","Sweeping Promises, Smirk, Dummy, Autobans",★★★★★,09/16
Vinyl,,torpedo,Orpheo_Nebula,Broken Clover Records,07/15/2024,N/A,Clean,"1, 2, 7","Industrial,  Noise, Post-Punk, Post-Rock, Prog, Punk","Junk Ranchers, CHERUBS, Heaters, Chocolat",★★★,09/16
CD,,Chastity Belt,LIVE LAUGH LOVE,Suicide Squeeze,07/15/2024,Shine On,TBD,"6, 1, 9, 10","Indie Rock, Garage, Alt Rock, Lo-fi, Dream Pop, Folk ","Courtney Barnett, Kurt Vile, Tacocat, Diet Cig, Jay Som, Mothers, Lala Lala, Hop Along, La Luz",★★★★,09/16
CD,,Harry Cloud,THE CYST,Kitten Robot,07/15/2024,Shine On,10,"7, 2, 5, 9","Experimental, Indie Rock, Psychedelic Rock, Doom, Stoner, Sludge","Modest Mouse, METZ, Liars, Spiritualized, Nothing, Black DIce, Lightning Blot, Animal Collective, Boredoms",★★★,09/16
CD,,Pedro The Lion,San Pedro,Polyvinyl,07/15/2024,Shine On,7,"2, 5, 9, 10","Indie Rock, Slowcore, Singer-Songwriter, Midwest Emo","David Bazan, Advance Base, Cursive, Owen, Conor Oberst/Bright Eyes",★★★★,09/16
CD,,Rikas,Goodbye Sunshine [EP],Humming,07/15/2024,Shine On,3,"1, 2, 5","Indie Pop, New Wave, Funk","Toro y Moi, Washed Out, Rolling Blackouts Coastal Fever, Lemon Twigs, Porches, Dante Elephante, of Montreal, Drugdealer",★★★★,09/16
CD,x (PHL),"Slaughter Beach, Dog","Crying, Laughing, Smiling, Waving",Lame-O Records,07/15/2024,Terrorbird,Clean,"2, 3, 4, 5","Alt-Country, Americana, Folk Rock, Indie Rock, Indie Pop, Progressive Country","Modern Baseball, Silver Jews, MJ Lenderman, Wilco, Trace Mountains",★★★★★,09/16
digital,,Cigarettes After Sex,X's,Partisan Records,07/16/2024,Co-Sign,"1, 2, 8, 11, 12","2, 6, 7","Dream Pop, Slowcore, Ambient Pop, Indie Pop","Beach House, Mazzy Star, Slowdive, Yo La Tengo, Men I Trust, Alex G, Alvvays",★★★★,09/16
digital,,Ezra Collective,God Gave Me Feet For Dancing (feat. Yazmin Lacey) [Single],Partisan Records,07/16/2024,Co-Sign,Clean,Single,"Jazz Fusion, Jazz-Funk, Afro-Jazz, Soul Jazz, Jazz","SAULT, Nubiyan Twist, Makaya McCraven, Ego Ella May, Nubya Garcia, Hiatus Kaiyote",★★★★,09/16
digital,,Girl Ultra,blush [EP],Big Dada,07/16/2024,Co-Sign,6*,"1, 2, 4, 6","Contemporary R&B, Dance-Pop, UK Garage, Electropop","The Marías, Kali Uchis, Rosalía, Shygirl, Sotomayor, Divino Niño, Sinego, Sofi Tukker",★★★★★,09/16
digital,,Hermanos Gutiérrez,Sonido Cósmico,Easy Eye Sound/Concord,07/16/2024,Co-Sign,Clean,"2, 6, 7, 8, 9","Ambient Americana, Mexican Folk Music, Spaghetti Western","Budos Band, Antibalas, Nicola Cruz, El Buho, Khruangbin",★★★,09/16
digital,,Kasbo,The Learning Of Urgency,Foreign Family Collective,07/16/2024,Co-Sign,Clean,"1, 2, 9, 10","Melodic House, Downtempo, Progressive House, Future Bass, Chillwave, Electropop","ODESZA, Lane 8, ford., Kygo, Tourist, Washed Out",★★★★,09/16
digital,,Lupe Fiasco,Samurai,1st and 15th Too / Thirty Tigers,07/16/2024,Co-Sign,Use Clean Edits,"1, 3, 5, 8","Jazz Rap, Abstract Hip Hop, Boom Bap, Conscious Hip Hop, Neo-Soul, Lo-Fi Hip Hop","Common, Talib Kweli, Mos Def, The Roots, Black Thought",★★★★★,09/16
digital,,Moby,always centered at night,Mute Records / Always Centered At Night,07/16/2024,Co-Sign,Clean,"1, 2, 3, 4, 5","Downtempo, Ambient House, Organic House, Electronic, Techno, House, Pop Rock","Chemical Brothers, Massive Attack, Portishead",★★★★,09/16
digital,,Toro y Moi,Tuesday [Single],Dead Oceans,07/16/2024,Co-Sign,Clean,Single,"Pop Rock, Indie Pop, Cloud Rap, Alt-Pop, Pop Punk, Trap","Beck, Weezer, Washed Out, 100 gecs, Free Radicals, Len",★★★★,09/16
digital,,Zsela,Big For You,Mexican Summer,07/16/2024,Co-Sign,Clean,"1, 2, 3, 4, 9","Art Pop, Neo-Soul, Singer-Songwriter, Bedroom Pop","Nilüfer Yanya, Okay Kaya, duendita, Tirzah, keiyaA, Vagabon, Christelle Bofale, Little Dragon",★★★★,09/16
digital,,Cassandra Jenkins,"My Light, My Destroyer",Dead Oceans,07/16/2024,Co-Sign/Tiger Bomb,Clean,"2, 3, 9, 12","Singer-Songwriter, Sophisti-Pop, Indie Rock, Art Pop","The Weather Station, Indigo Sparke, Cate Le Bon, Jenny Hval, Gia Margaret",★★★★★,09/16
digital,,Aladean Kheroufi,Studies In a Dying Love,We Are Busy Bodies,07/16/2024,Pirate!,"5, 8","1, 2, 4, 7","R&B, Soul, Indie","Aaron Frazer, Swamp Dogg, Thee Sacred Souls, El Michels Affair, Omar Apollo, Curtis Harding",★★★★,09/16
digital,x (PHL),Cloakz,Vacant [Single],Mint 400,07/16/2024,Pirate!,Clean,single,"Soft Indie Rock, Indie Pop, Alt Rock","Born Ruffians, porcupine, Hayes Noble, turnover, Moon Palace",★★★,09/16
digital,,"Dreaded Laramie, The",Princess Feedback,Smartpunk,07/16/2024,Pirate!,Clean,"10, 3, 2, 6, 1","Rock, Fuzz, Power-Pop, Femme Fronted","Ratboys, Frankie Cosmos, Soccer Mommy, Bully, Pinkshift, Teens in Trouble, Pom Pom Squad",★★★★,09/16
digital,,Sam Akpro,Chicago Town [Single],Anti-,07/16/2024,Pirate!,Clean,Single,"Alternative, Post-Punk, industrial, Indie Rock","Shoeb Ahmad, Tout Debord, Paragon Clause, Ritual Howls",★★★★,09/16
digital,,toe,NOW I SEE THE LIGHT,Topshelf,07/16/2024,Pirate!,Clean,"3, 10, 6, 2","Post-Rock, Math Rock, Experimental, Instrumental","Tortoise, Elephant Gym, Battles, Buke and Gase, El Ten Eleven, Kaki King",★★★★★,09/16
digital,,Turnpike Gates,Not Myself Today,Self Released,07/16/2024,Pirate!,Clean,"5, 3, 1, 4, 7","Alternative, Indie Rock","Laura Jane Grace, The Menzingers, Frank Turner, Alkaline Trio, Hot Water Music, Brian Fallon, Jason DeVore",★★★,09/16
digital,x (PHL),Webbed Wing,Vol. III,Memory,07/16/2024,Pirate!,"1, 6","10, 3, 2, Clean Edits","Alt Rock, Slacker Rock, Garage Rock","Narrow Head, Anxious, Militarie Gun, Glitterer, Fiddlehead, Teenage Wrist",★★★★,09/16
digital,,Worlds Greatest Dad,Twenty Deer [Single,SideOneDummy,07/16/2024,Pirate!,Clean,Single,"Emotive Rock, Alternative","Ratboys, Gladie, Wednesday, Hop Along, Tigers Jaw, Rosie Tucker",★★★★★,09/16
digital,,Artese N Toad,Finch A Soldier's Story,Self Released,07/16/2024,Planetary,Clean,"3, 5, 7","Progressive Rock, Pop Rock, Progressive Pop, Symphonic Prog","Procol Harum, The Moody Blues, Neil Young, The Band, Bob Dylan",★★★,09/16
digital,,BAD WITH PHONES,CRASH,Don't Sleep/PIAS,07/16/2024,Planetary,"Clean edits available for #2, 4, 7, 10","2*, 4*, 7*, 10*","Singer-Songwriter, Hypnagogic Pop, Bedroom Pop","Eyedress, John Glacier, Dean Blunt, Vegyn, Yot Club",★★★,09/16
digital,,Heaven For Real,Hell's Logo's Pink,Mint Records,07/16/2024,Planetary,Clean,"3, 4, 7, 8","Midwest Emo, Indie Rock, Slacker Rock","Pixies, Cate LeBon, Surface To Air Missive, Violent Femmes, Autolux",★★★★,09/16
digital,,Jake Xerxes Fussell,When I'm Called,Fat Possum,07/16/2024,Planetary,Clean,"3, 7, 9","Americana, American Folk Music, Contemporary Folk, Singer-Songwriter","William Tyler, Willi Carlisle, Bill Callahan, Hiss Golden Messenger, Silver Jews",★★★★,09/16
digital,,潘PAN,Pan The Pansexual,Transgressive/PIAS,07/16/2024,Planetary,"2, 7","1, 3, 4, 6","Experimental Hip Hop, Art Pop, Glitch Pop, ","Grimes, Clams Casino, Yaeji, yeule, HANA, SOPHIE, Arca",★★★★,09/16
digital,,Font,Strange Burden,Acrophase Records,07/16/2024,Tiger Bomb ,"4*, 5*, 7,","3, 3, 4*, 5*","Dance-Punk, Art Punk, Post-Punk Revival","Talking Heads, Model/Actriz, Nine Inch Nails, Yard Act",★★★★,09/16
digital,,Kaycie Satterfield,Rosie,Earth Libraries,07/16/2024,Tiger Bomb ,10,"1, 3, 6, 8, 11","Indie Folk, Indie Rock, Singer-Songwriter","Kate Bush, St. Vincent, Jay Som, Ian Sweet, Hana Vu, Paramore",★★★★,09/16
digital,,Mustafa,SNL [Single],Jagjaguwar,07/16/2024,Tiger Bomb ,Use Clean Edit,Single,"Singer-Songwriter, Neo-Soul, Contemporary Folk, Alternative R&B, Alt-Pop","Daniel Caesar, serpentwithfeet, Sampha, Dijon",★★★★,09/16
digital,,Armlock,Seashell Angel Lucky Charm,Run for Cover,07/16/2024,Terrorbird,7,"1, 2, 6","bedroom pop, slacker rock","Alex G, pinback, teethe, bedlocked",★★★,09/16
digital,,Clairo,Charm,Virgin,07/16/2024,Terrorbird,clean,"1, 2","sophisti-pop, soft rock, chamber pop","girl in red, Snail Mail, Faye Webster",★★★★★,09/16
digital,,Denzel Curry,King of the Mischievous South Vol. 2,Loma Vista Recordings/Concord,07/23/2024,Co-Sign,Use Clean Edits!,"1, 4, 5, 7, 14","Southern Hip Hop, Trap, Hardcore Hip Hop, Memphis Rap, Gangsta Rap, Memphis Rap, Cloud Rap","JPEGMAFIA, Vince Staples, Kenny Beats, EARTHGANG, Maxo Kream",★★★★★,09/23
digital,,SKILAA,Tiger in the River,Self-Released,07/23/2024,terrorbird,Use Clean Edits!,"1, 5, 6","alternative r&b, neo soul, jazz fusion","Phoebe Rings, Hiatus Kaiyote, Hans Pucket",★★★★,09/23
digital,,Jessica Boudreaux,The Faster I Run,Self-Released,07/23/2024,terrorbird,"1, 2, 5, 6, 8, 10 (no edits, censor manually)","4, 7, 9","power pop, indie rock","Dude York, Swearin, Summer Cannibals",★★★,09/23
CD,,Ollella,Back Back Back,Self-Released,07/24/2024,Band Mom,"1, 7","3, 5, 8","Indie Folk, Dance Folk, Alt-Folk","Merce Lemon, Jessica Pratt, Georgia Mooney, phoneswithchords",★★★★,09/23
CD,,Brigid Mae Power,Dream from the Deep Well,Fire Records,07/24/2024,N/A,Clean,"1, 2, 4, 5, 8","Contemporary Folk, Singer-Songwriter, Psychedelic Folk","Gorges, Lankum, SAULT, Efterklang, Samba De La Muerte",★★★★,09/23
Vinyl,X (PHL),"Dead C, The",Harsh 70's Reality,Siltbreeze Records,07/24/2024,N/A,Clean,"2, 6, 10","Noise Rock, Experimental Rock, Drone, Free Improvisation, Slacker Rock","75 Dollar Bill Little Big Band, Les Rallizes Dénudés, Bardo Pond, SHIGETO",★★★★,09/23
CD,X (PHL),Florry,The Holey Bible,Dear Life,07/24/2024,N/A,11,"1, 2, 4, 7","Alt-Country, Country Rock, Indie Rock","Wednesday, Wild Pink, Feeble Little Horse, Friendship",★★★★,09/23
CD,,Greg Hatem,Sure Circuit,20/20 Records & Tapes,07/24/2024,N/A,TBD,"1, 3, 4, 6","Electronic, Avant-Pop, Downtempo, Psych Pop","Horse Lords, Moth Broth, Crooks & Nannies, Aye Nako",★★★,09/23
CD,,Guardian Singles,Feed Me To The Doves,Trouble In Minds Records,07/24/2024,N/A,Clean ,"1, 2, 3","Indie Rock, Slacker Rock, Post-Punk","En Attendant Ana, FACS, Melenas, The Tubs",★★★★,09/23
Vinyl,"X (PHL, DXL)",Heavy Metal Chess Club,Live at Studio One [EP],Bleeding Heart Records,07/24/2024,N/A,1,"2, 4, 5","Indie Rock, Midwest Emo, Post-Rock, Power Pop","Modern Baseball, Hotel Breakfast, Summerbruise, Cheap 52",★★★★★,09/23
CD,,HED SHOPPE,HED SHOPPE,Self-Released,07/24/2024,N/A,TBD,,"Experimental, Electronic, Drone, Post-Punk","Matthew Ryals, Xiu Xiu, Matmos, Future Islands",★★★,09/23
Vinyl,X (PHL),Hot Guts / Pop. 1280,"Split 7""",Badmaster Records,07/24/2024,N/A,TBD,"1, 2","Punk, Industrial Rock, Noise Rock, Post-Punk, Synth Punk, EBM","SPEED, DOUBT, Dummy, State Faults, Autobahns",★★★★★,09/23
CD,,Kael Alden,Saturated High,Shorthand Records,07/24/2024,N/A,7,"1, 3, 5","Electronic, Neo-Soul, Electronic, Lofi, Synthwave","AURAGRAPH, Jonny Tobin, Jasper Byrne, Madeline Goldstein",★★★★,09/23
Vinyl,,Martin Frawley,The Wannabe,Trouble In Minds Records,07/24/2024,N/A,Clean,"1, 2, 4, 5","Indie Rock, Jangle Pop, Singer-Songwriter","The Tubs, En Attendant Ana, Connections, Market, House Deposit",★★★★,09/23
CD,,Max Bien Kahn,When I Cross It Off,Self-Released,07/24/2024,N/A,7,"1, 2, 3, 5","Americana, Folk Country, Indie Folk, Indie Rock, Singer-Songwriter","Esther Rose, Duff Thompson, Steph Green, Tuba Skinny",★★★★,09/23
CD,,Melati ESP,hipernatural,Carpark Records,07/24/2024,N/A,Clean,"2, 3, 6, 9","Ambient House, Broken Beat, Dreampunk, Trip Hop, Chillwave, New Age","L'Rain, Ana Roxanne, Perel, Yre Den",★★★★★,09/23
Vinyl,X (PHL),"Middle Wages, The/Los Halos",Drinking in the Driveway/Small Dogs,Self-Released,07/24/2024,N/A,Clean,"2, 3","Indie Folk, Lo-Fi, Singer-Songwriter","Benjamin Shaw, Ayka, caroline lazar, Frog, Niamh Regan",★★★★,09/23
Cassette,,Night Slaves,Accelertion Prose [EP],Swimming Faith Records,07/24/2024,N/A,TBD,"1, 3","Electronic, Punk, Darkwave, Industrial, Post-Punk, Synth Punk","Ismatic Guru, Brute Spring, Mueran Humanos, Gross Net, ADULT.",★★★,09/23
CD,,The Kings Snakes,"Live at The Old Waldorf June 5, 1981",Liberation Hall,07/24/2024,N/A,Clean,"4, 11","Rock, Rockabilly, Pop Rock","Elvis, Danzig, Bloodshot Bill, ENMY",★★★,09/23
CD,,Various Artists,Catalog Compendium Vol.6,RVNG Intl.,07/24/2024,N/A,TBD,"2, 4, 6, 11","Ambient, Progressive Electronic, New Age, Art Pop","Mark Freedman, Rachika Nayar, vhvl, Tiziano Popoli",★★★★,09/23
CD,,applied communications,applied communications has a midlife crisis [EP],Rare Noodles,07/24/2024,Shine On,Clean,"1, 2, 5","Experimental, Indie Pop, Sound Collage","Emperor X, sentridoh, XMAS, Frank Ene",★★★,09/23
CD,,Babes In Canyon,Year To Live (Deluxe Edition) [EP],Darcy Blue Records,07/24/2024,Shine On,"3, 5, 7, 9","8, 4, 1","Folk, Folk pop, Indietronica, Indie Pop","Grouplove, Georgia Mooney, Dearest, Kevin Farge",★★★★,09/23
CD,,Ballsy,Bisou [EP],Self-Released,07/24/2024,Shine On,Clean,"1, 2, 4","Dream Pop, Grunge, Indie Pop, Shoegaze","Caveboy, Tiffany Topol, NATURAL VELVET, Lake Michigan",★★★★★,09/23
CD,,Dan Rincon,Spotlight City,Castle Face,07/24/2024,Shine On,Clean,"1, 4","Electronic, Ambient, Progressive Electronic, Drone","Castle Face, OSees, Popol Vuh, Tangerine Dream, Roedelius, 8 bit video game accompaniment, Wild Thing, Apache, Conrad Schnitzler, Personal and the Pizzas",★★★★,09/23
CD,,Flamingods,Head of Promegranate,The Liquid Label,07/24/2024,Shine On,Clean,"1, 4, 5, 8","Neo-Psychedelia, Psychedelic Rock, Krautrock","Night Beats, Holy Wave, The Murlocs, Kikagaku Moyo, Tame Impala, Vanishing Twin, GOAT & Moon Duo",★★★★,09/23
CD,,Kat Duma,Real Life,DMY,07/24/2024,Shine On,Clean,Clean,"Singer-Songwriter, Ambient Pop, Psychedelic Pop","Midwife, Penelope Trappes, LEATHERS, Shady Cove",★★★★★,09/23
CD,,Kristjan Eastman,Power Man And Astro Girl,Self-Released,07/24/2024,Shine On,1,"2, 5, 6","Indie Folk, Psychedelic Folk, Indie Rock","Tame Impala, The Church, The War on Drugs, Oasis, Flaming Lips, Yo La Tengo, Built to Spill, Deerhunter, Mercury Rev & Spiritualized",★★★,09/23
CD,,"Mommyheads, The",Coney Island Kid,Self Released,07/24/2024,Shine On,"1, 5","2, 7, 8","Progressive Pop, Indie Pop, Indie Rock, Pop Rock","Cruise Elroy, Sean Rowe, Phoenix Mundy, Annique Monet",★★★,09/23
CD,,Still Corners,Dream Talk,Wrecking Light,07/24/2024,Shine On,Clean,"1, 2, 6","Dream Pop, Electronica, Ethereal Wave, Indie Pop","Beach House, Men I Trust, EMILY KARPEL, Martha Rose",★★★★,09/23
CD,,Vessel,Wrapped In Cellophane,Double Phantom,07/24/2024,Shine On,8,"2, 4, 7, 9, 12","Post-Punk, Dance-Punk, Egg Punk, Indie Rock","Omni, Deeper, Snooper, Fake Fruit, Palm, Flasher, Cola, Sweeping Promises, Dehd, & One Beat Era Sleater-Kinney",★★★★,09/23
Vinyl,,Vicious Fence,Primitives / Humanoid Front,Total Life Society,07/24/2024,Sub Pop,TBD,Singles,"Alternative Rock, Garage Rock, Indie Rock","Ramones, Guided By Voices, Jacuzzi Boys",★★★★,09/23
Vinyl,,Vicious Fence,Dropout / Same Cell Different Paint,Sub Pop,07/24/2024,Sub Pop,TBD,Singles,"Indie Rock, Punk, Garage Rock","Ramones, Guided By Voices, Jacuzzi Boys",★★★★,09/23
CD,,Animal Scream,Heartbroke Motel,American Hermitage,07/24/2024,Vitriol,Clean,"3, 6, 8","Indie Noir, Darkpop, Psychedelic-rock","Ames Harding & the Mirage, feeble little horse, Elaquent, Sapient",★★★,09/23
digital,,Apifera,Keep The Outside Open,Stones Throw,07/30/2024,Co-Sign,Clean,"1, 3, 9, 11","Nu Jazz, Jazz Fusion, Psychedelic Pop","Badbadnotgood, Tame Impala, Sufjan Stevens, Sam Gendel, John Carroll Kirby, Yussef Dayes, Kiefer, Butcher Brown, Robohands, Alabaster DePlume",★★★★★,09/30
digital,,Catpack,Catpack,Tru Thoughts,07/30/2024,Co-Sign,1*,"1, 4, 7, 9","Neo-Soul, R&B, Electronic","Moonchild, Potatohead People, Phony Ppl, Tall Black Guy",★★★★,09/30
digital,,Delilah Montagu,The Bird [EP],MNRK,07/30/2024,Co-Sign,Clean,"2, 4","Singer-Songwriter, Acoustic, Indie Pop","Clairo, Phoebe Bridgers, Gracie Abrams, Lizzie McAlpine, Maggie Rogers, Lucy Dacus",★★★★,09/30
digital,,Swim Surreal & Zero 7,In The Half Light,Make Records,07/30/2024,Co-Sign,Clean,"1, 2, 4","Downtempo, Balearic Beat, Alternative R&B, Soft Rock","Unknown Mortal Orchestra, Thundercat, Arlo Parks, Mild High Club, Whitney, Tame Impala",★★★★,09/30
digital,,Yellow House,Psalms of Yellow House,Foreign Family Collective,07/30/2024,Co-Sign,Clean,"2, 3, 6","Chillwave, Hypnagogic Pop, Dream Pop","Washed Out, SALES, Vansire, Vacationer, Crumb, Teebs",★★★★★,09/30
digital,,長谷川白紙 Hakushi Hasegawa,Mahōgakkō,Brainfeeder,07/30/2024,Co-Sign,2*,"1, 2*, 3, 10","Art Pop, Glitch Pop, Nu Jazz, Folktronica, Deconstructed Club, Neo-Psychedelia, Hardcore [EDM], Progressive Pop","yeule, Yaeji, Jessy Lanza, Park Hye Jin, Sen Morimoto, Nourished By Time, Lip Critic",★★★★★,09/30
digital,,Blvck Hippie,Basketball Camp,The Record Machine,07/30/2024,N/A,Clean,"1, 3, 4, 7, 8","Midwest Emo, Indie Surf, Post-Punk Revival","Subsonic Eye, Crooks & Nannies, Los Campesinos!, Rain Recordings",★★★★,09/30
digital,,Wine Lips,Super Mega Ultra,Stomp Records,07/30/2024,N/A,"6, 7","1, 2, 4","Garage Rock, Punk Rock, Psychedelic Punk, Garage Punk, Garage Rock Revival, Psychedelic Rock, Alternative Rock, Psychedelic Pop","Amyl and the Sniffers, OSEES, Bee Bee Sea, Slush",★★★★★,09/30
digital,,Coral Moons,summer of u,Better Company,07/30/2024,Pirate!,"2, 6","1, 3, 7 6","Indie, Indie Rock, Dream Pop","The Aces, The Beaches, Clairo, The Greeting Committee, Lucius, Maggie Rogers",★★★,09/30
digital,,Dru Cutler,Will to Mend,UnitedMasters,07/30/2024,Pirate!,Clean,"3, 5, 4, 1","Ambient Alternative, Folk, Indie Rock","Cass McCombs, M. Ward, Dr. Dog, Mac DeMarco",★★★★,09/30
digital,,Love Letter,Everyone Wants Something Beautiful,Iodine,07/30/2024,Pirate!,"3, 7, 8, 10","1, 2, 4","Emotive, Hardcore, Climatic","Defeater, Verse, Speed, GEL, Bane, Drain",★★★★,09/30
digital,,Strawberry Launch,Bad Luck [EP],Trash Casual,07/30/2024,Pirate!,4,"1, 2, 5","Pop rock, Indie Rock, Dream Pop","Beach Bunny, Pom Pom Squad, Sir Chloe, Destroy Boys",★★★,09/30
digital,,Alex Izenberg,Alex Izenberg & The Exiles,Domino,07/30/2024,Planetary,Clean,"2, 3, 4, 7","Art Pop, Soft Rock, Psychedelic Pop, Sunshine Pop, Pop Rock, Yacht Rock","Drugdealer, Cut Worms, Andy Shauf, Midnight Sister",★★★★,09/30
digital,,Lotus,How To Dream In Color,Lotus Vibes Music,07/30/2024,Planetary,Clean,"1, 2, 3, 6, 10","Livetronica, Post-Rock, Jam Band, Jazz-Rock","Disco Biscuits, Vulfpeck, Dopapod, Papadosio, Sunsquabi, Goose",★★★★,09/30
digital,,MAITA,want,Fluff & Gravy,07/30/2024,Planetary,2*,"1, 2*, 6, 8","Indie Rock, Indie Folk, Slowcore","Mitski, Lucy Dacus, Black Belt Eagle Scout, Summer Cannibals",★★★★★,09/30
digital,,Regretski ,Endless Stasis with the Tantalizing Promise of Change,Stiltfisher Records,07/30/2024,Planetary,Clean,"2, 3, 5","Sludge Metal, Punk, Doom Metal, Noise Rock","Sumac, Metz, KEN mode, Couch Slut, Pissed Jeans, Uniform, The Jesus Lizard",★★★★,09/30
digital,,Rodeo Parade,I'm Still Learning [EP],Self Released,07/30/2024,Planetary,Clean,"1, 3, 5","Folk, Alt-Country, Indie Rock","My Morning Jacket, Drugdealer, Camera Obscura, Dawes, Vampire Weekend",★★★★,09/30
digital,,Superfan,Tow Truck Jesus,Nettwerk,07/30/2024,Planetary,8,"1, 6, 7, 9","Indie Rock, Bedroom Pop, Indie Folk, Noise Pop, Slacker Rock","Worn-Tin, The Microphones, Cory Hanson, Olivia Tremor Control, Red House Painters",★★★★★,09/30
digital,,klein,marked,EQ,07/30/2024,The Syndicate,4,"1, 3, 6, ","Ambient, Grime, Experimental, Electronic, Noise","Moor Mother, Speaker Music, Elskavon",★★★,09/30
digital,,Oneida,Expensive Air,Joyful Noise Recordings,07/30/2024,Tiger Bomb,Clean,"1, 3, 5","Psychedelic Rock, Noise Rock, Garage Rock, Krautrock","The Fall, Velvet Underground, The Clean, Suicide, Can, Sonic Youth",★★★★,09/30
digital,,Shonali,One Machine at a Time,Little Lamb Recordings,07/30/2024,Tiger Bomb,6,"2, 3","Alternative Pop, Alternative Rock, Indie Pop, Indie Rock, Lo-fi","Jenny Lewis, Hurray For the Riff Raff, Margaret Glaspy",★★★★,09/30
digital,,This House is Creaking,This House is Creaking,Self Released,07/30/2024,Tiger Bomb,"5, 7","1, 3, 4","Art Pop, Electronic Rock, Shoegaze","NNAMDI, Yves Tumor, Spirit of the Beehive, Font, Water from Your Eyes",★★★★★,09/30
digital,,Crack Cloud,Red Mile,Jagjagwuar,07/30/2024,terrorbird/secretly,use edits,"2, 3, 5","art punk, post punk","Omni, Squid, Public Image Ltd, Drahla",★★★★,09/30
digital,,Empire of the Sun,Ask That God,Capitol,07/30/2024,The Syndicate,Clean,"2, 7, 8, 4","Dance Pop, Indietronica, Alternative Dance","Wallows, Ranipla, underscores, The Japanese House",★★★★,09/30
digital,x (PHL),Various Artists,No Occupation: Another Benefit for Mutual Aid in Gaza,Self Released,07/30/2024,N/A,Clean,"1, 4, 6, 8","Sceamo, Punk, Hardcore, Anarcho Punk, Egg Punk","A Culture of Killing, Alien Nosejob, Apsurd, Belgrado, Blessure, Collate, Dark Thoughts, De Rodillas, Eraser, Hooper Crescent, Interrobang‽, Miss España, Prison Affair, Soup Activists, Sweepers, Tiikeri",N/A,11/30
digital,x (PHL),Lame Gretsky,Greatest Hits [EP],Self Released,07/30/2024,N/A,Clean,"1, 2","Pop Punk, Pop Rock, Alternative Rock, Power Pop","The Beths, Hollow Suns, Swansea Sound, Eichlers",♡,11/30
digital,x (PHL),SPIRIT OF THE BEEHIVE,I'VE BEEN EVIL b/w SOMETHING'S ENDING [Single],Saddle Creek,08/06/2024,Co-Sign,Clean,Singles,"Neo-Psychedelia, Indietronica, Glitch Pop, Ambient Pop, Slacker Rock, Dream Pop, Post-Punk","Alex G, Palm, They Are Gutting a Body of Water, Oneohtrix Point Never, draag me, Candy Claws, feeble little horse, Kassie Krut",★★★★,10/06
digital,,Adrianne Lenker,Once A Bunch [Single],4AD,08/06/2024,Beggars,Clean,Single,"Country, Americana, Singer-Songwriter","Big Thief, Phoebe Bridgers, Julia Jacklin, Waxahatchee",★★★★★,10/06
digital,,Sampha,Satellite Business 2.0 (Feat. Little Simz) [Single],Young,08/06/2024,Beggars,Clean,Single,"Alternative R&B, UK Hip Hop, Neo-Soul, Art Pop, Nu Jazz","Moses Sumney, James Blake, Noname, Sampa The Great",★★★★★,10/06
digital,,Snail Mail,"Tonight, Tonight [Single]",Matador,08/06/2024,Beggars,Clean,Single,"Indie Rock, Film Soundtrack, Jangle Pop, Heartland Rock, Big Music, Chamber Pop","Japanese Breakfast, Soccer Mommy, Faye Webster, Boygenius",★★★★,10/06
digital,,Bathe,Avalon [Single],MNRK,08/06/2024,Co-Sign,Clean,Single,"Alternative R&B, Neo-Soul, Contemporary R&B, Art Pop","Frank Ocean, Miguel, Daniel Caesar, Odie, Orion Sun",★★★★,10/06
digital,,Ben Böhmer,Hiding (feat. Lykke Li) [Single],Ninja Tune,08/06/2024,Co-Sign,Clean,Single,"Downtempo, Future Garage, Melodic House, Progressive House, Deep House","Bonobo, Bicep, Lane 8, Four Tet",★★★★,10/06
digital,,Bibi Club,Feu de garde,Secret City,08/06/2024,Co-Sign,Clean,"2, 3, 4, 7","Indie Pop, Post-Punk Revival, Psychedelic Pop, Dream Pop","En Attendant Ana, Corridor, Ducks Ltd., Girl Ray",★★★★★,10/06
digital,,Body Meat,Electrische [Single],Partisan Records,08/06/2024,Co-Sign,Clean,Single,"Glitch Pop, Footwork, Alternative R&B, IDM","Yaeji, Arca, DJ Rashad, Oneohtrix Point Never, Holly Herndon, Loraine James",★★★★★,10/06
digital,,Floating Points,Key103 [Single],Ninja Tune,08/06/2024,Co-Sign,Clean,Single,"Progressive House, Tech House, Microhouse","Four Tet, Joy Orbison, Daphni, Ross from Friends, Octa Octa",★★★★,10/06
digital,,Jasper Tygner,Things To Come [EP],Technicolour,08/06/2024,Co-Sign,Clean,"1, 3","Future Garage, House, Electronica","TSHA, Elkka, George Fitzgerald, bad tuner, Amtrac, CRi",★★★★,10/06
digital,,Killer Mike,Michael & The Mighty Midnight Revival: Songs For Sinners And Saints,Loma Vista Recordings/Concord,08/06/2024,Co-Sign,Use Clean Edits,"2*, 3*, 5*, 10*","Southern Hip Hop, Conscious Hip Hop, Dirty South, Trap, Gospel, Hardcore Hip Hop, Christian Hip Hop","Run The Jewels, Young Thug, Big Boi, Big K.R.I.T.",★★★★,10/06
digital,,Laura Marling,Patterns [Single],Chrysalis / Partisan Records,08/06/2024,Co-Sign,Clean,Single,"Singer-Songwriter, Contemporary Folk, Chamber Folk, Psychedelic Folk","Aldous Harding, Feist, Julia Jacklin, Gillian Welch, Andrew Bird, tomberlin",★★★★★,10/06
digital,,Meridian Brothers,Mi Latinoamerica Sufre,Ansonia Records,08/06/2024,Co-Sign,3*,"1, 3*, 5","Tropicanibalismo, Cumbia colombiana, Champeta, Soukous, Latin Alternative","Chancha Via Circuito, Reyna Tropical, Bomba Estéreo, Anchorsong, Dos Santos, Coco Maria, Juanita Euka, Mitù",★★★★★,10/06
digital,,Metronomy,Posse EP Volume 2 [EP],Ninja Tune,08/06/2024,Co-Sign,Clean,"1, 2, 3, 4","Electropop, Pop Rap, Synth Funk","Hot Chip, Caribou, Django Django, Unkown Mortal Orchestra, Toro y Moi, Myd",★★★★★,10/06
digital,,Orquesta Akokán,Caracoles,Daptone Records,08/06/2024,Co-Sign,Clean,"1, 2, 3, 6, 10","Mambo, Latin Jazz, Rumba Cubana, Cuban Music","Cochemea, Daymé Arocena, Combo Chimbita, Dos Santos, Reyna Tropical",★★★★,10/06
digital,,Previous Industries,Service Merchandise,Merge Records,08/06/2024,Co-Sign,Use Clean Edits,"1*, 2*, 3*, 10*","Abstract Hip Hop, Experimental Hip Hop, Jazz Rap, Drumless, Boom Bap","Open Mike Eagle, Quelle Chris, Milo, Armand Hammer",★★★★★,10/06
digital,,Parannoul,Sky Hundred,Self Released,08/06/2024,N/A,Clean,"2, 5, 6","Shoegaze, Noise Pop, Emo, Indietronica, Post-Rock, Noise Rock, Dream Pop","Asian Glow, Weatherday, Xiu Xiu, Anamanaguchi, Have A Nice Life",★★★★★,10/06
digital,,Porter Robinson,SMILE! :D,Sample Sized,08/06/2024,N/A,"3, 4, 5","2, 6, 9","Indietronica, Electropop, Bitpop, Indie Rock, Pop Rock","Motion Studies, Ammonite, TURQUOISEDEATH, styrofoam",★★★★★,10/06
digital,,Bay Ledges,Setting Free [Single],Nettwerk,08/06/2024,Pirate!,Clean,Single,"indie-electro pop, Chilltronica, Lofi pop","Alt-J, Dayglow, Yoke Lore, JR JR, Glass Animals, Geographer, VHS Collection",★★★★,10/06
digital,,Box Elder,Between Endings and Beginnings [EP],Self Released,08/06/2024,Pirate!,Clean,"2, 3, 5","Indie Punk, Alternative, Indie Rock","Citizen, Balance and Composure, Tigers Jaw, Macseal, The Menzingers, Movements",★★★★,10/06
digital,,Her Head's On Fire,Strange Desires,Iodine,08/06/2024,Pirate!,Clean,"3, 1, 9, 2, 4","Post-Hardcore, Emo, Alt Rock, Punk Rock","Jawbreaker, Titus Andronicus, Hum, The Get Up Kids, Sunny Day Real Estate, Quicksand",★★★★,10/06
digital,,Mediocre,Fun Time Fix (We Go Go) [Single],Dangerbird,08/06/2024,Pirate!,Clean,Single,"Indie Rock, Lofi Shout, Alt Indie Pop","Bleached, Sleater-Kinney, Colleen Green, Gladie, Speedy Ortiz",★★★,10/06
digital,,Red Sammy,Holy Fluorescent Light,Self Released,08/06/2024,Pirate!,Clean,"1, 3, 7, 2","Alt Country, Indie Americana Folk, Singer-Songwriter","Deer Tick, Josh Ritter, Jeff Tweedy, Lucero, Phosphorescent, Bonnie Prince Billy",★★★★,10/06
digital,,Pom Pom Squad,Spinning [Single],City Slang,08/06/2024,Pirate!/Planetary,Clean,Single,"Indie Rock, Alt Rock Pop","Mannequin Pussy, Momma, Cherry Glazerr, Beach Bunny, Soccer Mommy",★★★,10/06
digital,,WHY?,The Well I Fell Into,Waterlines,08/06/2024,terrorbird,"6, 7 , 10, 14 (no edits :/)","2, 3, 4, 9","indie pop, indie rock","Foxing, Lala Lala, David Bazan",★★★★,10/06
digital,,Kowloon,No Good For You [Single],Roy Records,08/06/2024,The Syndicate,Clean,Single,"Lofi-Pop, indie Rock, Alternative","Sun Kin, The Feeling, Tig, Barrie, Tex",★★★,10/06
digital,,Foxing,Greyhound,Self Released,08/06/2024,terrorbird,Clean,single,"post rock, midwest emo, art rock","parannoul, death cab for cutie, swans, young jesus",★★★★★,10/06
digital,,Yndling,Mood Booster,Spirit Goth,08/06/2024,terrorbird,Clean,"2, 5, 7, 8","dream pop, indietronica, bedroom pop","Tanukichan, Wombo, Men I Trust, Reptaliens",★★★,10/06
digital,x (PHL),Friend,DOG EAT DOG,Born Losers Records,08/06/2024,N/A,5,"1, 2, 4, 11","Garage Punk, Skate Punk, Slacker Rock","Miynt, Frankie valet, Frog, Jackie Hayes, NATURAL VELVET",♡♡♡,12/06
digital,,Bluhm,Midnight Hill,Self Released,08/13/2024,Pirate!,Clean,"1, 2, 5, 6, 8","Dream Pop, Indie Pop, Alternative, Folk","Beach House, Bat For Lashes, Jane Penny, The xx, Chelsea Wolfe",★★★★,10/13
digital,,Cathedral Ceilings,Bill Berry [Single],Self Released,08/13/2024,Pirate!,Clean,Single,"Garage Rock, Alternative, Punk","The Lemonheads, Bob Mould, Archers of Loaf, Teenage Fanclub, Dinosaur Jr, Cheap Trick",★★★,10/13
digital,,Futurebirds,Easy Company,Dualtone,08/13/2024,Pirate!,Use Clean Edits,"3, 7, 10, 6, 8*","Country, Psychedelic, Folk Rock, Indie Rock","Wilco, Deer Tick, Mt. Joy, Delta Spirit, My Morning Jacket, Dawes, Kurt Vile",★★★★,10/13
digital,,Hembree,Better Days,ONErpm,08/13/2024,Pirate!,Use Clean Edits,"2, 8, 9, 6, 1*","Alternative Pop, indie Pop, indie Rock","Joywave, Portugal. The Man, Bear Hands, COIN, Winnetka Bowling League, Hippo Campus, Bay Ledges",★★★★,10/13
digital,,Kill Lincoln,I'm Fine (I Lied) [Single],Bad Time,08/13/2024,Pirate!,Use Clean Edits,single,"Ska Punk, DC Punk, Skate Punk, Hardcore","Less Than Jake, The Suicide Machines, Big D and the Kids Table, New Found Glory, Lifetime",★★★★,10/13
digital,,Nova Charisma,Metropolitan,Equal Vision,08/13/2024,Pirate!,9,"1, 3, 4, 5","Post-Hardcore, Emo, Alt Rock, Punk Rock","Mars Volta, Coheed and Cambria, Pierce The Veil, Sleeping With Sirens, The Used, Chiodos, LS Dunes",★★★★★,10/13
digital,,Queen Cult,Be Better [EP],Mother City Ltd,08/13/2024,Pirate!,Use Clean Edits,"4*, 2, 1, 2*, 3*","Punk, Alt Rock, Noise Rock, Garage Punk","The Mysterines, Mannequin Pussy, Black Honey, Queens of the Stone Age, Gen and The Degenerates, Dream Wife",★★★★★,10/13
digital,,Seized Up,Modify the Sacred,Pirate Press Records,08/13/2024,Pirate!,Use Clean Edits,"2, 3, 4*, 5, 6*, 7*","Punk, Hardcore","BL’AST!, Black Flag, 7 Seconds, Big Boys, Drive Like Jehu, Fu Manchu, The Bronx",★★★★,10/13
digital,,Arto Vaun,Stuck Inside A Map,Self Released,08/13/2024,Planetary,Clean,"1, 2, 3, 6","Indie Rock, Shoegaze, Folk Rock","Mishima USA, Kurt Vile, Kevin Morby, Eels, Real Estate",★★★★,10/13
digital,,Drift City,Sky Unconscious,SU Records,08/13/2024,Planetary,Clean,"1, 3, 4, 6","Alt-Country, Folk Rock, Americana","Houndmouth, Shakey Graves, Jim James, Ray LaMontagne, Dr. Dog",★★★,10/13
digital,,E L U C I D,Instant Transfer (feat. billy woods) [Single],Fat Possum,08/13/2024,Planetary,Use Clean Edit,Single,"Experimental Hip Hop, Abstract Hip Hop, Industrial Hip Hop, Cloud Rap, Sound Collage","JPEGMAFIA, billy woods, Death Grips, MIKE, Earl Sweatshirt, Alchemist, Injury Reserve, Pink Siifu, Mach-Hommy",★★★★★,10/13
digital,,Georgia Gets By,Some Kind of Angel b/w Split Lip [Single],Luminelle,08/13/2024,Planetary,Clean,Singles,"Indie Pop, Dream Pop, Bedroom Pop","BROODS, Lucy Dacus, PACKS, Hatchie, Winter, boygenius",★★★★★,10/13
digital,,Humanist,On The Edge Of A Lost And Lonely World,Bella Union,08/13/2024,Planetary,Clean,"1, 3, 6, 8","Alternative Rock, Progressive Rock, Zolo, Experimental Rock","Cardiacs, Thom Yorke, Sea Power, Ride, Keane, The Smiths",★★★,10/13
digital,,Jordana,Like A Dog [Single],Grand Jury,08/13/2024,Planetary,Clean,Single,"Indie Pop, Bedroom Pop, Indie Rock, Slacker Rock","Hana Vu, Soccer Mommy, Jay Som, Frankie Cosmos",★★★★,10/13
digital,,Kylie V.,Lucky Streak [Single],Royal Mountain Records,08/13/2024,Planetary,Use Clean Edit,Single,"Indie Rock, Singer-Songwriter, Indie Folk","Eliza McLamb, Julien Baker, Indigo De Souza, Soccer Mommy, Slow Pulp",★★★★★,10/13
digital,,Miso Extra,Slow Down [Single],Transgressive/PIAS,08/13/2024,Planetary,Clean,Single,"Hip House, Japanese Hip Hop, Shibuya-kei, UK Hip Hop","Arlo Parks, Magdalena Bay, Clairo, Sigrid, Remi Wolf",★★★★,10/13
digital,,Personal Trainer,Still Willing,Bella Union,08/13/2024,Planetary,8,"2, 3, 4, 6","Indie Rock, Post-Punk Revival, Dance-Punk","Pip Blom, The Bug Club, Lime Garden, Sports Team, Beck",★★★★,10/13
digital,,Soccer Mommy,M [Single],Loma Vista/Concord,08/13/2024,Planetary,Clean,Single,"Indie Pop, Singer-Songwriter, Dream Pop, Indie Folk","Snail Mail, Tomberlin, Mitski, Jay Som, Phoebe Bridgers, Black Belt Eagle Scout",★★★★★,10/13
digital,,X,Smoke & Fiction,Fat Possum,08/13/2024,Planetary,Clean,"1, 2, 3, 5","Punk Rock, Alternative Rock, Rock & Roll","Flesh Eaters, The Germs, Fear, OFF!",★★★,10/13
digital,,Gable Price & Friends,Jungle In The City,Capitol CMG,08/13/2024,The Syndicate,Clean,"5, 2, 3","Alternative Rock, Indie Rock","Beach Chapel, JUDAH., Laity, Mirours",★★★★,10/13
digital,,Hunter Metts,Monochrome,Position,08/13/2024,The Syndicate,Clean,"5, 2, 3","Indie Folk, Singer-Songwriter, Alt-Country, Folktronica","Cassandra Coleman, Wyatt Pike, Casey Bishop",★★★,10/13
digital,,badsoma,kicking and screaming,dead comet records,08/13/2024,Tiger Bomb,3*,"2, 3*, 4","Indie Rock, Indie Folk","Chris Cohen, Unknown Mortal Orchestra, Luke Temple, Nap Eyes",★★★★,10/13
digital,,Horse Jumper of Love,Disaster Trick,Run For Cover Records,08/13/2024,Tiger Bomb,"1, 3","2, 4, 7, 10, 11","Slacker Rock, Slowcore, Shoegaze, Post-Rock","Hotline TNT, DIIV, Teethe, Majesty Crush, Leonard Cohen, Hum, The Microphones, Duster",★★★★★,10/13
digital,,"David Lynch, Chrystabell",Cellophane Memories,sacred bones,08/13/2024,Terrorbird,Clean,"3, 5, 7","ambient pop, ethereal wave, art pop","This Mortal Coil, Jenny Hval, Julee Cruise",★★★,10/13
digital,,Fucked Up,Another Day,Get Better,08/13/2024,Terrorbird,"4, 10","2, 6, 8","post-hardcore, hardcore punk, art rock","Pissed Jeans, Cloud Nothings, Drug Church",★★★★,10/13
digital,,Jane Remover,"""Flash in the Pan"" b/w ""Dream Sequence"" [single]",DeadAir,08/13/2024,Terrorbird,1,single,"indietronica, dream pop, shoegaze","underscores, Quadeca, Quannnic, Saoirse Dream",★★★★★,10/13
digital,,Quivers,Oyster Cuts,Merge,08/13/2024,Terrorbird,8,"1, 2, 4, 6","jangle pop, dream pop","Ducks Ltd., Kiwi Jr., Wishy, Wild Pink",★★★,10/13
digital,,Half Waif,Figurine [Single],Anti-,08/13/2024,Pirate!,Clean,Single,"Indie Pop, Mood Ring Pop, Experiemental, Electronics","Caroline Polachek, Austra, Chelsea Wolfe, FKA Twigs, Mitski",★★★★★,10/13
digital,,Wishy,Triple Seven,Winspear,08/20/2024,Terrorbird,Clean,"1, 2, 5","shoegaze, indie rock, dream pop","Hotline TNT, Truth Club, Ducks Ltd.",★★★★★,10/20
digital,"X (PHL, DXL)",Hotel Breakfast,Drill [Single],Self Released,08/20/2024,N/A,4,"2, 8, 9","Emo, Punk, Midwest Emo","Heavy Metal Chess Club, State Faults, Eyecandy, Frail Body",★★★★★,10/20
digital,,that same street,mikramz [EP],Self Released,08/20/2024,N/A,Clean,"1, 2, 4","Midwest Emo, Bedroom Skramz, Vocaloid, Screamo, Japananese rock","Siren for Charlotte,  Lily Fury, OK Cool, Plain Speak",★★★★★,10/20
digital,,Beabadoobee,This is How Tomorrow Moves,Dirty Hit,08/20/2024,Pirate!,Clean,"11, 1, 8, 2, 7, 10","Pop Rock, Alternative Rock, Indie Rock, Singer Songwriter","Clairo, Soccer Mommy, Faye Webster, Laufey, Samia, girl in red, boygenius, Snail Mail",★★★★★,10/20
digital,,Caroline Kingsbury,Alabama [Single],music is fun,08/20/2024,Pirate!,Clean,single,"Queer Pop, Alt Pop, Indie Pop","Chappell Roan, MUNA, Suki Waterhouse, HAIM, Towa Bird, Miya Folick, The Aces",★★★★,10/20
digital,,Korean Boyfriend,Middle Management [Single],Flowers,08/20/2024,Pirate!,Clean,single,"Art Rock, Synth Pop, Indie Rock","King Krule, Mac DeMarco, Alex G",★★★★,10/20
digital,,"Linda Linda, The",Yo Me Estreso [Single],Epitaph,08/20/2024,Pirate!,Clean,Single,"Garage Rock, Alternative, Punk","Best Coast, Bikini Kill, The Muffs, Bleached, Tacocat, Illuminati Hotties, Pom Pom Squad",★★★★,10/20
digital,,Little Monarch,Plenty of Time,Self Released,08/20/2024,Pirate!,"6, 11","1, 2, 3, 5, 9, 10","Alt Pop, Dream Pop, Chill","The Japanese House, Florence + The Machine, Georgia Gets By, Sure Sure, SHAED, Maggie Rogers",★★★★,10/20
digital,,Urban Heat,The Tower,Artoffact,08/20/2024,Pirate!,Clean,"4, 8, 9","Dark Synth, Post-Punk, Synth Pop, New Wave","Vision Video, Liars, Drab Majesty, Boy Harsher, Oingo Boingo, New Order",★★★,10/20
digital,,Brimheim,RATKING,Tambourhinoceros,08/20/2024,Terrorbird,"2, 7, censor manually","1, 4, 8","indie rock, alt pop, singer songwriter","Madeline Kenney, TORRES, Middle Kids, eee gee",★★★,10/20
digital,,Tama Gucci,Notes To Self ,Sinderlyn,08/20/2024,Terrorbird,"5, 6, 7, 12, censor manually or avoid","3, 4, 11","Alternative R&B, art pop, edm","Sega Bodega, doss, quay dash, lsdxoxo",★★★★,10/20
digital,,FLEECE,Where's My Beach Hat / Take Off All Your Honey,Blue Heron,08/20/2024,The Syndicate,2,Single,"Alternative, Jazz, Rock, Lofi","King Gizzard, Breeze, The Squirez, Bored at My Grandmas House",★★★,10/20
digital,,Caroline Kingsbury,Take My Phone Away [Single],music is fun,08/20/2024,Pirate!,Clean,single,"Queer Pop, Alt Pop, Indie Pop","Chappell Roan, MUNA, Suki Waterhouse, HAIM, Towa Bird, Miya Folick, The Aces",♡♡♡♡,11/24
digital,x (PHL),Super Infinity,In A Dream I Lived This Before,Anxiety Blanket Records,09/03/2024,Planetary,1*,"1*, 2, 3","Folk Rock, Indie Rock, Dream Country","The Districts, Alex G, Wishy, Hovvdy, Wild Pink, Zoon, Elliott Smith",♡♡,11/03
digital,,Cathedral Ceilings,La La La...Whatever,Self Released,09/03/2024,Pirate!,Clean,Single,"Garage Rock, Alternative, Punk","The Lemonheads, Bob Mould, Archers of Loaf, Teenage Fanclub, Dinosaur Jr, Cheap Trick",♡,11/03
digital,,Flore Laurentienne,8 tableaux (Deluxe),Secret City,09/03/2024,Pirate!,Clean,4,"Ambient, Electronic, Soundscape","Julia Kent, Ed Carlsen, Ellen Reid",♡♡♡,11/03
digital,,Hovvdy,Hovvdy,Arts & Crafts,09/03/2024,Pirate!,Clean,"18, 2, 3, 10, 12, 16","Alt-country, Folk Rock, Indie Folk","Slow Pulp, Real Estate, MJ Lenderman, Whitney, Alex G, Field Medic, Day Wave",♡♡♡♡,11/03
digital,,Jana Mila,Chameleon,New West,09/03/2024,Pirate!,Clean,"2, 3, 7, 8, 6","Folk, Americana, Singer-Songwriter","Sharon Van Etten, Adrianne Lenker, Maggie Rogers, Phoebe Bridgers, Waxahatchee, Faye Webster",♡♡♡♡,11/03
digital,,Kit Major,Garbage Planet [Single],Self Released,09/03/2024,Pirate!,Use Edit,Singe,"Alt Rock, Glam Rock, Indie Punk","Joan Jett, Death Valley Girls, Garbage, Amyl and The Sniffers, Be Your Own Pet, Teens In Trouble",♡♡♡,11/03
digital,,M.A.G.S.,Creator,Smartpunk,09/03/2024,Pirate!,"1, 8, 9","7, 3, 2, 4","indie pop rock, Punk Rock, Post-Punk, Experimental","Bartees Strange, Bon Iver, James Blake, James Vincent McMorrow",♡♡♡♡,11/03
digital,,Mediocre,Litterbug! [Single],Dangerbird,09/03/2024,Pirate!,Clean,Single,"Alt Indie Pop, Garage Rock, Alt","Bleached, Sleater-Kinney, Colleen Green, Gladie, Speedy Ortiz",♡♡,11/03
digital,,Parker Woodland,There's No Such thing as Time,Flak,09/03/2024,Pirate!,Clean,"3, 1, 2, 8, 9","Punk, Alt-Country, Indie Rock","Sleater-Kinney, The Breeders, Sheer Mag, Habibi, St. Vincent, Mary Timony",♡,11/03
digital,,Various Artsist,20 Years Of Dreaming And Scheming,Red Scares Industries,09/03/2024,Pirate!,"16, 10, 4, 15, 9, 12, 13","1, 2, 3, 5, 6, 7, 11, 14, 17",Punk,"The Menzingers, Laura Jane Grace, Dead To Me, Elway",N/A,11/03
digital,,Wallice,Heaven Has To Happen b/w The Opener [Single],Dirty Hit,09/03/2024,Pirate!,Clean,Single,"Alternative, Indie, Pop","Samia, Beabadoobee, The Greeting Committee, Soccer Mommy, spill tab, Jordana",♡♡♡♡,11/03
digital,,Bay Ledges,Rivers,Nettwerk,09/03/2024,Planetary,Clean,"4, 6, 7, 10","Indie Pop, Bedroom Pop, Neo-Psychedelia","Coast Modern, Sure Sure, courtship., Jack Stauber",♡♡♡♡,11/03
digital,,Cloud Cult,Alchemy Creek,Earthology,09/03/2024,Planetary,Clean,"2, 3, 9, 11","Indie Pop, Indie Rock, Chamber Pop","The Decemberists, Arcade Fire, Okkervil River, Head and the Heart, Andrew Bird, Edward Sharpe",♡♡♡♡,11/03
digital,,dog eyes,holy friend,Grand Jury,09/03/2024,Planetary,Clean,"3, 4, 5, 6","Folk, Electronic Folk, Lo-Fi","@, Flatsound, dandelion hands, Starry Cat, Hovvdy, Elliott Smith, thanks for coming",♡♡♡,11/03
digital,,Fake A Smile,From The Rafters,B3SCI,09/03/2024,Planetary,Clean,"1, 2, 4, 6","Indie Rock, Post-Punk Revival, Indie Pop","The Strokes, Tokyo Police Club, Regrettes, Circa Waves, Surf Curse, Wallows",♡♡♡,11/03
digital,,Galactic Fuzz,And The Stars,Space Lovers Records,09/03/2024,Planetary,Clean,"1, 2, 7, 9","Alternative Rock, Indie Rock, Slacker Rock","RIYL: Dinosaur Jr., Meat Puppets, Hüsker Dü, Mudhoney, Wilco",♡♡,11/03
digital,,Ghostkeeper,Cîpayak Joy,Victory Pool,09/03/2024,Planetary,Clean,"2, 3, 7","Experimental, Avant-Garde, Folk, Pop, Psych Rock, World-Beat","Bon Iver, Sylvan Esso, Rainbow Kitten Surprise, St. Lucia, Twin Shadow",♡,11/03
digital,,Hollow Stare,Diary of a Madman,Self-Released,09/03/2024,Planetary,1*,"1*, 2","Deathcore, Metal, Djent, Progressive Metal","Periphery, Polyphia, Lorna Shore, Chelsea Grin",♡,11/03
digital,,Keep For Cheap,Big Grass,Self-Released,09/03/2024,Planetary,"1, 4, 7","5, 8, 9","Folk Rock, Midwest Rock, Indie Rock","Big Thief, Waxahatchee, Hop Along, Great Grandpa, Julie Doiron",♡♡♡,11/03
digital,,Laurie Larson,Petals From July,Self-Released,09/03/2024,Planetary,Clean,"3, 6, 7, 10","Psychedelic Pop, Garage Rock, Psychedelic Folk, Folk Rock, Baroque Pop","Love, Jefferson Airplane, Linda Ronstadt, Heart, Stevie Nicks, Strawberry Alarm Clock, The Mamas and The Papas",♡,11/03
digital,,Marlin's Dreaming,HIRL,Self-Released,09/03/2024,Planetary,Clean,"1, 2, 3, 4","Indie Rock, Neo-Psychedelia, Art Rock, Psychedelic Rock, Post-Rock, Space Rock, Shoegaze","Wand, Wilco, Songs: Ohia, White Fence",♡♡♡♡,11/03
digital,,Mars FM,Under Your Branches,Prince Terrapin,09/03/2024,Planetary,Clean,"2, 3, 6, 9","Folk Rock, Indie Pop, Psychedelic Rock","Wednesday, Ratboys, Waxahatchee, Wye Oak, The Breeders, Mazzy Star, Big Thief",♡,11/03
digital,,Miles Nautu,ALLUDE,Blak Label,09/03/2024,Planetary,Use Clean Edits,"1*, 2*, 5*","Conscious Hip Hop, Jazz-Hop, Boom Bap","Kendrick Lamar, Joey Bada$$, Saba, Common, Smino, Nujabes",♡♡♡,11/03
digital,,Our Noise,Our Noise,Epictronic/Indiestructable,09/03/2024,Planetary,Clean,"1, 2, 3, 4","Grunge, Punk Rock, Garage Punk, Alternative Rock","L7, Hole, Pixies, Quicksand, Fleshwater, Softcult, Superbloom",♡,11/03
digital,,Paris Paloma,Cacophony,Nettwerk,09/03/2024,Planetary,5*,"1, 4, 5*, 6, 8, 14","Alt Pop, Dark Folk, Indie Folk, Indie Pop, Singer-Songwriter","boygenius, The Last Dinner Party, Angel Olsen, Haley Heynderickx, Angie McMahon, Old Sea Brigade",♡♡♡♡♡,11/03
digital,,Pom Poko,Champion,Bella Union,09/03/2024,Planetary,6,"1, 2, 3, 7","Noise Pop, Indie Rock, Art Punk, Math Rock, Dance-Punk","Goat Girl, Jesca Hoop, Alvvays, Superorganism, TOPS",♡♡♡,11/03
digital,,renforshort,clean hands dirty water [EP],Nettwerk,09/03/2024,Planetary,Clean,"1, 2, 3","Indie Pop, Singer-Songwriter, Pop Rock, Alternative Rock, Alt-Pop, Contemporary Folk","Gracie Abrams, Lizzy McAlpine, Phoebe Bridgers, beabadoobee, Billie Eilish",♡♡♡♡,11/03
digital,,Rosie Lowe,"Lover, Other",Blue Flowers / [PIAS],09/03/2024,Planetary,11*,"2, 3, 7, 11*","Alternative R&B, Neo-Soul, Synth Funk, Sophisti-Pop","Charlotte Day Wilson, Jamila Woods, Raveena, Moses Sumney, Sampha",♡♡♡♡,11/03
digital,,"Secret Beach, The","We Were Born Here, What's Your Excuse?",Victory Pool Records,09/03/2024,Planetary,Clean,"3, 5, 6, 10, 15","Folk, Indie Lo-Fi, Pop Country","Foxygen, Woods, Real Estate, The Lemon Twigs, AJJ, Slaughter Beach Dog, Field Medic, The Velvet Underground",♡♡,11/03
digital,,Sex Week ,Sex Week ,Grand Jury,09/03/2024,Planetary,Clean,"3, 4, 5, 6","Alt Pop, Dark Pop, Slowcore","bar italia, Soccer Mommy, Automatic, Sorry, Dehd, Blonde Redhead",♡♡♡,11/03
digital,,"Spiritual Machines, The",Lockhearted,Wood Work Sound,09/03/2024,Planetary,Clean,"1, 2, 7, 8","Rock, Rock Opera, Post-Punk Revival, Synthpop, Alternative Rock","Editors, A Winged Victory for the Sullen, Mutemath, The Horrors, White Lies",♡♡♡,11/03
digital,,Tapir! ,Hallelujah Bruv [Single],Heavenly/PIAS,09/03/2024,Planetary,Clean,Single,"Indie Folk, Chamber Folk, Folktronica, Indie Rock","Ethan P. Flynn, Sparklehorse, Lambchop, Jeffrey Lewis, caroline",♡♡♡,11/03
digital,,waltzerr,Small Talk,Self-Released,09/03/2024,Planetary,Clean,"3, 5, 6","Pop, Indie Pop, Indie Rock, Shoegaze","Japanese Breakfast, Snail Mail, Hatchie, Nisa",♡♡,11/03
digital,,Wishy,Triple Seven,Self-Released,09/03/2024,Planetary,Clean,"1, 2, 3, 5, 8","Shoegaze, Indie Rock, Dream Pop, Noise Pop, Indie Pop, Power Pop, Baggy, Jangle Pop","Wednesday, Hotline TNT, Narrow Head, Truth Club, The Sundays, The Smashing Pumpkins",♡♡♡♡,11/03
digital,,Yannis & The Yaw & Tony Allen,Lagos Paris London,Transgressive / [PIAS],09/03/2024,Planetary,Clean,"1, 2, 4","Math Pop, Indie Rock, Afrobeat","Foals, TV on the Radio, Battles, Everything Everything, Fela Kuti, Squid",♡♡♡♡,11/03
digital,,Fake Fruit,Mucho Mistrust,Carpark,09/03/2024,Terrorbird,Use Edit,"2, 3, 6, 10","indie rock, garage rock","Parquet Courts, Sweeping Promises, Bnny",♡♡♡,11/03
digital,,GIFT,Illuminator,Captured Tracks,09/03/2024,Terrorbird,clean,"1, 2, 4, 8","indie rock, neo psychedelia, alternative dance","Wishy, Blushing, RIDE, DIIV",♡♡♡,11/03
digital,,Jon Hopkins,RITUAL,Domino,09/03/2024,Terrorbird,clean,"2, 5","ambient, progressive electronic, new age","Four Tet, Floating Points, Rival Consoles",♡♡♡♡♡,11/03
digital,,Nick Cave & The Bad Seeds,Wild God,PIAS,09/03/2024,Terrorbird/Planetary,clean,"1, 2, 3","singer songwriter, art rock, baroque pop","Leonard Cohen, Tom Waits, Iggy Pop, Lou Reed",♡♡♡♡♡,11/03
digital,,Scrunchies,Colossal,Learning Curve,09/03/2024,Terrorbird,"7*, 10*","1, 3, 4, 11","art punk, noise rock, post punk","Kitten Forever, Bruise Violet, RiGBY",♡♡,11/03
digital,,Uniform,American Standard [EP],Sacred Bones,09/03/2024,Terrorbird,"all, censor manually (sorry lol)",3,"noise rock, sludge metal, industrial metal","Portrayal of Guilt, Street Sects, Chat Pile, Godflesh",♡♡♡,11/03
digital,,Why Bonnie,Wish On The Bone,Fire Talk,09/03/2024,Terrorbird,clean,"2, 3, 4",indie rock,"Babehoven, Sun June, Ratboys",♡♡♡,11/03
digital,,Ally Evenson,One Trick Pony [Single],Assemble Sound,09/03/2024,The Syndicate,Clean,Single,"Alt Indie, Electronica,  Folk Rock","Veronica Lewis, Season Falls, Rain Recordings, Dollt Valentine",♡♡♡,11/03
digital,,Forest Claudette,& Stone Between,Warner,09/03/2024,The Syndicate,2,1,"R&B, Soul, Alternative","Yb. KANADA THE LOOP, Von Boch, Alexander Techinique",♡♡♡,11/03
digital,,"Dead Tongues, The",I Am A Cloud,Psychic Hotline,09/03/2024,Tiger Bomb,Clean,"1, 2, 5","Americana, Drone, Spoken Word, ","Kevin Morby, Cassandra Jenkins, Damien Jurado, Bonny Light Horseman",♡♡♡♡,11/03
digital,,Google Earth ,Street View,DIMPLEZ / Tiny Telephone,09/03/2024,Tiger Bomb,Clean,"2, 3, 4, 9","Glitch Pop, Electronica, Synthwave","Son Lux, Four Tet, The Books, Autechre",♡♡,11/03
digital,,illuminati hotties,POWER,Snack Shack Tracks / Hopeless Records,09/03/2024,Tiger Bomb,12,"1, 6, 7, 8","Power Pop, Indie Pop, Indie Rock, Twee Pop","Bully, boygenius, Speedy Ortiz, The Beths, Ratboys, Indigo De Souza, Pom Pom Squad",♡♡♡♡,11/03
digital,,WHY?,The Well I Fell Into,Waterlines,09/03/2024,Tiger Bomb,"6, 7, 10, 14","2, 3, 4, 8, 9","Indie Pop, Art Pop, Chamber Pop","Pedro The Lion, Foxing, Advance Base, Lala Lala, John Vandersli",♡♡♡♡,11/03
digital,x (Doylestown),Christina Ward,Pharmacy [Single],Mint 400,09/03/2024,Pirate!,Clean,single,"Dark Folk, Indie Folk, Prog Rock, Indie Dream Pop","Mazzy Star, Bat For Lashes, Chelsea Wolfe",♡,01/03
digital,x (PHL),SPIRIT OF THE BEEHIVE,YOU’LL HAVE TO LOSE SOMETHING,Saddle Creek,09/03/2024,Co-Sign,"3, 8","2, 4, 9, 10","Neo-Psychedelia, Indie Rock, Hypnagogic Pop, Experimental Rock, Glitch Pop, Indietronica, Slacker Rock, Indie Pop","Alex G, Palm, They Are Gutting a Body of Water, Oneohtrix Point Never, draag me, Candy Claws, feeble little horse, Kassie Krut",♡♡♡♡,01/03
digital,x (PHL),Blood,Loving You Backwards,Ramp Local,09/03/2024,Tiger Bomb,"2, 7, 8","3, 6, 10","Experimental Rock, Noise Pop, Neo-Psychedelia, Shoegaze","Hotline TNT, Teethe, villagerrr, Joyer",♡♡,01/03
digital,,Toro Y Moi,Hole Erth,Dead Oceans,09/10/2024,Secretly/Co-Sign,clean,"4, 5","cloud rap, alternative r&b, alt pop","Blood Orange, HOMESHAKE, BADBADNOTGOOD, Thundercat",♡♡♡♡♡,11/10
digital,,Carlile,Human Human,Sooper,09/10/2024,Terrorbird,clean,"1, 3, 9","indie pop, synth pop","Caroline Polachek, Bambina, Empress Of",♡♡,11/10
digital,,Coco & Clair Clair,Girl,Nice Girl World,09/10/2024,Terrorbird,use edits,"2, 7, 9","pop rap, cloud rap, alt pop","PinkPantheress, Grace Ives, Cowgirl Clue",♡♡♡♡♡,11/10
digital,,Doohickey Cubicle,Super Smeller,Self Released,09/10/2024,Terrorbird,clean,"1, 3, 11","jazz pop, art pop, prog pop","Babe Corner, fanclubwallet, Fievel is Glauque",♡♡,11/10
digital,,Nala Sinephro,Endlessness,Warp,09/10/2024,Terrorbird,clean,"1, 4, 6","space ambient, jazz fusion, avant-garde jazz","Flying Lotus, Kaitlyn Aurelia Smith, Floating Points",♡♡♡♡,11/10
digital,,Oceanator,Everything is Love and Death,Polyvinyl,09/10/2024,Terrorbird,clean,"1, 4, 7, 10","indie rock, power pop, emo","Gladie, Bartees Strange, Palehound",♡♡♡,11/10
digital,,Wayne Graham,Bastion,Hickman Holler,09/10/2024,Terrorbird,clean,"1, 4, 5","alt country, americana, singer songwriter","mj lenderman, Bill Callahan, Lambchop, Steve Gunn",♡♡,11/10
digital,,7xvethegenius,Psalm (feat. Jae Skeese) [Single],Drumwork Music Group,09/17/2024,Co-Sign,Use Clean Edit,Single,"Boom Bap, East Coast Hip Hop, Hardcore Hip Hop","Rapsody, Conway the Machine, Westside Gunn, Benny the Butcher, Lauryn Hill, Boldy James",♡♡♡,11/17
digital,,Adriana McCassim,See It Fades,I'm Into Life Records,09/17/2024,Tiger Bomb,4,"1, 3, 4","Alternative Country, Garage Rock, Indie Rock","Squirrel Flower, Samia, Ian Sweet, Sharon Van Etten, Wednesday",♡♡,11/17
digital,,Amadou & Mariam,La Vie Est Belle,Because Music,09/17/2024,Co-Sign,Clean,"2, 6","AfroBeat, AfroFunk, World music, ","Ibibio Sound Machine, WITCH, Jupiter & Okwess, Captain Planet, Chancha Via Circuito",♡♡♡♡♡,11/17
digital,,ANIMA!,The Squeeze [EP],Self Released,09/17/2024,Co-Sign,Clean,"1, 2, 3, 6","Indietronica, Synthpop, Indie Pop","Sylvan Esso, Gorillaz, L'Impératrice, Metronomy",♡♡♡,11/17
digital,,Benny Trokan,Do You Still Think of Me,Wick Records,09/17/2024,Co-Sign,Clean,"7, 8, 12","Blues Rock, Psychedelic Rock, Garage Rock, Alt-Country","Shannon & The Clams, Lee Fields, Sharon Jones and the Dap-Kings, Spoon, La Luz",♡♡,11/17
digital,,Blondshell,What's Fair [Single],Partisan Records,09/17/2024,Co-Sign,Use Clean Edit,Single,"Indie Rock, Singer-Songwriter, Alternative Rock","Indigo De Souza, Momma, Girlpool, Lush, Snail Mail, Samia, Squirrel Flower, Bully",♡♡♡♡,11/17
digital,,Body Meat,Starchris,Partisan Records,09/17/2024,Co-Sign,"2*, 9*, 11*","3, 4, 5, 7, 8","Glitch Pop, Deconstructed Club, Alternative R&B, Art Pop, Experimental Hip Hop, Bubblegum Bass, Footwork, Glitch Hop, IDM","Yaeji, Arca, DJ Rashad, Oneohtrix Point Never, Holly Herndon, Loraine James",♡♡♡,11/17
digital,,BONES UK,SOFT,Sumerian,09/17/2024,The Syndicate,"1, 3, 5","4, 7, 2","Industrial Rock, 90s Electronica, Power Pop","Worlds, BLUE, Taiga, A Town Called Paradise",♡♡♡♡,11/17
digital,,Chastity,Chastity,Deathwish,09/17/2024,Pirate!,use edits,"4, 3, 7, 1, 2, 9, 6","post-hardcore, alternative, emo, punk","urnstile, Nothing, DIIV, Teenage Wrist, Citizen, Narrow Head",♡♡♡,11/17
digital,,Claude Fontaine,La Mer,Innovative Leisure,09/17/2024,Co-Sign,Clean,"1, 2, 3, 4, 6","Bossa nova, Pop Reggae, Lounge, Samba-canção, Rocksteady","Gal Costa, Astrud Gilberto, Susan Cadogan, Jane Birkin, Sergio Mendes, Hollie Cook",♡♡♡♡,11/17
digital,,Closebye,Hammer of My Own,Self Released,09/17/2024,Tiger Bomb,Clean,"1, 3, 6, 8","Folk, Experimental Rock, Indie Rock","DEHD, Wishy, Dazy, Grapetooth, Hovvdy, Blur",♡♡♡,11/17
digital,,Common & Pete Rock,"The Auditorium, Vol. 1",Loma Vista Recordings/Concord,09/17/2024,Co-Sign,"1*, 2*, 7*, 9*, 11*, 12*, 13*, 14*","1*, 5, 7*","Boom Bap, Conscious Hip Hop, Chipmunk Soul, Neo-Soul, Jazz Rap","Atmosphere, Digable Planets, A Tribe Called Quest, The Roots, Kendrick Lamar",♡♡♡♡♡,11/17
digital,,Cults,To The Ghosts,Cults Music / Imperial,09/17/2024,Co-Sign,Clean,"1, 2, 3, 13","Indie Pop, Neo-Psychedelia, Twee Pop, Bedroom Pop, Neo-Psychedelia, Psychedelic Pop, Dream Pop","Phantogram, Alvvays, Beach House, Chairlift, Ian Sweet, Miss Grit",♡♡♡♡♡,11/17
digital,,Cursive,Devourer,Run for Cover,09/17/2024,terrorbird,use edits,"1, 2, 4, 8","indie rock, post hardcore, emo","Desaparecidos, The Get Up Kids, Thursday, The Promise Ring",♡♡♡♡,11/17
digital,,Easy Sleeper,A Sacred Way of Living,Self Released,09/17/2024,Co-Sign,Clean,"1, 2, 6, 9","Post-Punk, Indie Rock, Punk","Talking Heads, Real Estate, DIIV, Geese, Yard Act",♡♡♡,11/17
digital,,Ebbb,All At Once [EP],Ninja Tune,09/17/2024,Co-Sign,Clean,"1, 2, 3","Indietronica, Progressive Electronic, Ambient Pop, Art Pop","Nourished By Time, Porij, Metronomy, Vegyn, Erika de Casier, Tirzah",♡♡,11/17
digital,,"Ebo Taylor, Adrian Younge & Ali Shaheed Muhammad",Obra Akyedzi [Single],Jazz Is Dead,09/17/2024,Co-Sign,Clean,Single,"Jazz, Jazz-Funk, Neo-Soul, Jazz Fusion, Afrobeat, Soul Jazz","Fela Kuti, Pat Thomas, Mulatu Astatke, William Onyeabor, Tony Allen",♡♡♡♡,11/17
digital,,Enumclaw,Home in Another Life,Run For Cover Records,09/17/2024,Tiger Bomb,Clean,"2, 7, 8","Indie Rock, Indie Pop, Power Pop, Noise Pop","Hotline TNT, Built To Spill, Dinosaur Jr., Ovlov, Narrow Head",♡♡♡,11/17
digital,,Falcon Jane,Legacy,Darling Recordings,09/17/2024,Tiger Bomb,4*,"1, 2, 3, 7, 8","Alt-Country, Indie Rock, Singer-Songwriter","Waxahatchee, Angel Olsen, Lucinda Williams, Emmylou Harris, Linda Ronstadt, Neil Young",♡,11/17
digital,,Fcukers,Baggy$$ [EP],Technicolour,09/17/2024,Co-Sign,"1*, 3*","1*, 3*, 4, 6","Alternative Dance, House, Downtempo, Garage House, Indietronica","Frost Children, Sylvan Esso, Grace Ives, Sneaks, Porij, Blue Hawaii, ESG, Sassy 009, Lizzy Mercier Descloux, Fatboy Slim, Groove Armada",♡♡♡♡,11/17
digital,,Floating Points,Cascade,Ninja Tune,09/17/2024,Co-Sign,Clean,"2, 3, 4, 6","Tech House, IDM, Progressive House, Microhouse, Progressive Electronic","Four Tet, Joy Orbison, Daphni, Ross from Friends, Octa Octa",♡♡♡♡,11/17
digital,,Flying Lotus,Garmonbozia [Single],Warp Records,09/17/2024,Co-Sign,Clean,Single,"Alternative R&B, Neo-Psychedelia, Nu Jazz, Synthwave, Downtempo","Teebs, Thundercat, Madlib, Blood Orange, DJ Shadow, NxWorries Dijon, Ravyn Lenae",♡♡♡♡♡,11/17
digital,,Foxing,Foxing,Grand Paradise,09/17/2024,terrorbird,"1, 2, 4","3, 6, 7","noise rock, art rock, emo","Oso Oso, Touche Amore, Balance and Composure, The World Is A Beautiful Place",♡♡♡♡,11/17
digital,,Friedberg,Hardcore Workout Queen [single],Clouds Hill,09/17/2024,Pirate!,Clean,Single,"Indietronica, indie alt, indie pop","Tegan and Sara, Wet Leg, Sunflower Bean, The Big Moon, Kate Nash, Soccer Mommy",♡♡♡♡,11/17
digital,,Gilligan Moss,Speaking Across Time,Foreign Family Collective,09/17/2024,Co-Sign,Clean,"2, 3, 5, 6","Deep House, Nu-Disco, Neo-Psychedelia, Plunderphonics","Phoenix, Roosevelt, Miami Horror, Cut Copy, LP Giobbi",♡♡♡♡,11/17
digital,,greek,ACCELERATOR,Self Released,09/17/2024,The Syndicate,"1, 2","7, 3, 5, 4","Contemporary R&B, Bedroom Pop, Alt Rap","Daniel Ceaser,  Noah Guy, Frank Sativa",♡♡♡♡,11/17
digital,,Half Waif,The Museum [single],Anti-,09/17/2024,Pirate!,Clean,single,"indie pop, art pop, synthpop, alternative","Caroline Polachek, Austra, Chelsea Wolfe, FKA Twigs, Mitski",♡♡♡,11/17
digital,,Ivan Cornejo,MIRADA,Interscope,09/17/2024,Co-Sign,11,"2, 3, 9 ","Latin music, Corrido tumbado, Slowcore, Indie Folk","Cigarettes After Sex, KAROL G, Omar Apollo, Salt Cathedral, Mk.gee, Hope Tala",♡♡♡♡♡,11/17
digital,,Jespfur,Pedestrians Of Bright Silence,10k,09/17/2024,N/A,Clean,"2, 4, 5, 7","Slacker Rock, Hypnagogic Pop, Experimental Rock","Slauson Malone, Tirzah, Weak Moves, Blueneck",♡♡♡,11/17
digital,,"Jesus Lizard, The",Rack,Ipecac,09/17/2024,Pirate!,"5, 9","7, 1, 6, 3, 8","Alt Rock, Noise Rock, Slacker Rock","Shellac, Drive Like Jehu, Unwound, Pissed Jeans, Mudhoney, Metz",♡♡♡,11/17
digital,,Jonah Yano,Someone Asked Me How I've Been [Single],Innovative Leisure,09/17/2024,Co-Sign,Clean,Single,"Jazz-Rock, Indie Pop, Bedroom Pop, Chamber Jazz, Spiritual Jazz","BADBADNOTGOOD, Nick Hakim, Mustafa, Charlotte Day Wilson, Tom Misch, King Krule",♡♡♡♡,11/17
digital,,Kishi Bashi,Kantos,Joyful Noise Recordings,09/17/2024,Tiger Bomb,Clean,"3, 4, 6, 8, 10","Dance-Pop, Art Pop, Synthpop, Chamber Pop, Nu-Disco","The Flaming Lips, Shintaro Sakamoto, ELO, Jungle, Andrew Bird, Jónsi, Owen Pallett",♡♡♡♡,11/17
digital,,"Linda Lindas, The",No Obligation [Single],Epitaph,09/17/2024,Pirate!,TBD,single,"Garage Rock, Riot Grrrl, Punk, Power Pop","Best Coast, Bikini Kill, The Muffs, Bleached, Tacocat, Illuminati Hotties, Pom Pom Squad",♡♡♡♡,11/17
digital,,Logic1000,mother :;~ rebirth [EP],Therapy/Because Music,09/17/2024,Co-Sign,2*,"1, 2*, 3","Deep House, UK Funky, Breakbeat, Tech House, Progressive Breaks, UK Bass","Ela Minus, Four Tet, Caribou, Elkka, DJ Seinfeld, LP Giobbi, Anz, Octo Octa",♡♡♡♡,11/17
digital,,Los Bitchos,Talkie Talkie,City Slang,09/17/2024,Co-Sign,Clean,"2, 3, 4, 6, 7","Neo-Psychedelia, Surf Rock, Cumbia peruana","Altin Gün, Kikagaku Moyo, La Luz, Glass Beams, Dos Santos, Automatic",♡♡♡♡,11/17
digital,,"Louis Cole, Metropole Orkest, & Jules Buckley",nothing,Brainfeeder,09/17/2024,Co-Sign,"3*, 5*, 11*, 14","2, 3*, 7, 8, 13","Synth Funk, Art Pop, Jazz-Funk, Classical Crossover, Big Band, Modern Classical, Progressive Pop, Jazz-Funk","Thundercat, KNOWER, DOMi & JD Beck, Anderson .Paak, Jacob Collier, Nate Smith",♡♡♡♡,11/17
digital,,Lunar Vacation,"Everything Matters, Everything’s Fire",Keeled Scales,09/17/2024,Co-Sign,Clean,"1, 2, 3, 5, 6","Dream Pop, Indie Pop, Shoegaze, Jangle Pop","Alvvays, Wednesday, Slow Pulp, Japanese Breakfast, IAN SWEET",♡♡♡♡,11/17
digital,,Madeleine Roger,Nerve,Birthday Cake Records,09/17/2024,Tiger Bomb,Clean,"1, 2, 3, 8","Folk, Contemporary Folk, Singer-Songwriter","Katy Kirby, Tomberlin, Waxahatchee, Lomelda",♡♡♡,11/17
digital,,Matilda Lyn,Sunwarmed,Giant Music,09/17/2024,terrorbird,7,"1, 2","indie folk, singer songwriter, indie pop","Faye Webster, Sedona, Mali Velasquez, Julia Pratt",♡♡♡,11/17
digital,,Milton Nascimento & esperanza spalding,Milton + esperanza,Concord Records,09/17/2024,Co-Sign,Clean,"4, 12, 13","Brazilian, Chamber Jazz, Jazz Fusion, Vocal Jazz, Samba-jazz","Chick Corea, Gal Costa, Nate Smith, Nubya Garcia, Jazzmeia Horn, Moonchild, Hiatus Kaiyote",♡♡♡♡♡,11/17
digital,,Mustafa,Old Life [Single],Jagjaguwar,09/17/2024,Tiger Bomb,Clean,Single,"Singer-Songwriter, Neo-Soul, Contemporary Folk, Alternative R&B, Alt-Pop","serpentwithfeet, BERWYN, Q, Sampha, Dijon",♡♡♡♡♡,11/17
digital,,Palmyra,Belladonna,Oh Boy Records,09/17/2024,Tiger Bomb,4,"1, 2, 3, 5","Americana, Folk, Bluegrass, Folk Rock, Indie Folk","The Avett Brothers, Dawes, The Wood Brothers, Kurt Vile, Florry",♡♡♡,11/17
digital,,Penny Bored,I'm Bored [EP],Open Your Ears,09/17/2024,Pirate!,5,"4, 1, 2","Alt pop, pop rock, emo pop","Beabadoobee, Sobs, Beach Bunny, Babebee, PinkPantheress, PVRIS, Chloe Moriondo",♡♡,11/17
digital,,Peter Cat Recording Co.,BETA,Muddy Water,09/17/2024,Co-Sign,"2*, 8, 13","2*, 3, 4","Sophisti-Pop, Chamber Jazz, Indie Pop, Pop Ghazal, Deep House","Unknown Mortal Orchestra, Toro y Moi, Neil Frances, TOPS, Okay Kaya, Loving, Σtella, Lifafa",♡♡♡♡,11/17
digital,,Pom Pom Squad,Street Fighter [Single],City Slang,09/17/2024,Pirate!/Planetary,use edits,single,"Alternative, Rock Pop, Indie Rock","Mannequin Pussy, Momma, Cherry Glazerr, Beach Bunny, Soccer Mommy",♡♡♡♡,11/17
digital,,Porches,Shirt,Domino,09/17/2024,The Syndicate,"2, 5, 7, 9","5, 3, 8, 6","Synth-Pop, Experimental, Indietronica","Hot Chip, Kero Kero Bonito, Poliça, Bloc Party, Grimes",♡♡♡♡,11/17
digital,,Raavi,The Upside [EP],Mtn Laurel,09/17/2024,terrorbird,4*,"1, 4, 5","indie folk, singer songwriter, indie pop","Babehoven, Trophy Wife, Mia Joy, Hemlock, Tomato Flower",♡♡♡,11/17
digital,,Sakkaris,Quiet Light [EP],BIRTHDIY,09/17/2024,Tiger Bomb,Clean,"1, 2, 5","Alternative Rock, Bedroom Pop, Dream Pop, Indie Pop, Indie Rock","My Bloody Valentine, DIIV, They Are Gutting a Body of Water, Gleemer, Ride, No Joy",♡♡♡,11/17
digital,,Sima Cunningham,High Roller,Ruination Record Co.,09/17/2024,Tiger Bomb,Clean,"1, 2, 3, 10","Indie Folk, Alt-Folk, Americana, Folk Rock, Indie Rock","Finom, Harry Nilsson, Cate Le Bon, Wilco, Hand Habits, Fiona Apple, Big Thief",♡♡,11/17
digital,,Skylar Gudasz,COUNTRY,Perseids Records,09/17/2024,Tiger Bomb,2,"1, 4, 6, 7","Country, Folk, Indie Rock, Folk Pop, Singer-Songwriter","Joni Mitchell, Daughter of Swords, Laura Marling, Lucinda Williams, Emmylou Harris",♡♡,11/17
digital,,Soweto Gospel Choir x Groove Terminator,History Of House,Music is Fun / House of Latroit,09/17/2024,Co-Sign,Clean,"3, 6, 8","Gospel, Southern African Folk Music, Spirituals, Vig Beat","Ibibio Sound Machine, KOKOKO!, Nana Benz du Togo, Kokoroko, Sinkane",♡♡♡♡,11/17
digital,,Starcleaner Reunion,Café Life [EP],Self Released,09/17/2024,terrorbird,Clean,"1, 4","chamber folk, indie pop, twee pop","The Softies, Trinket, youbet, Stereolab",♡♡♡,11/17
digital,,Twelve25,Redux [EP],Self Released,09/17/2024,Tiger Bomb,Clean,"1, 2","Alternative R&B, Trip Hop, Alternative Hip-Hop, Psychedelic Rock, Underground Hip Hop","Crumb, Toro Y Moi, BADBADNOTGOOD, Blood Orange",♡,11/17
digital,,Worlds Greatest Dad,Better Luck Next Time,SideOneDummy,09/17/2024,Pirate!,"3, 6, 1, 2, 5","7, 8, 9, 10, 13","Alt Rock, Emo Rock","Ratboys, Gladie, Wednesday, Hop Along, Tigers Jaw, Rosie Tucker",♡♡,11/17
digital,,Ed Schrader's Music Beat,Orchestra Hits,Upset The Rhythm,09/24/2024,Terrorbird,clean,"1, 3, 7","post punk, noise rock","Alex Cameron, Donny Benet, Guerilla Toss, Oh Sees",♡♡♡,11/24
digital,,Tanukichan,Circles [EP],carpark,09/24/2024,Terrorbird,clean,"1, 3","dream pop, shoegaze, indie rock","Slowdive, Wisp, Beach House, Computerwife",♡♡,11/24
digital,,MJ Lenderman,Manning Fireworks,Anti-,09/24/2024,Pirate!,8,"5, 3, 2, 1, 4","Alt-Country, Slacker Rock, Singer-Songwriter","Wednesday, Feeble Little Horse, Bonny Doon, Wild Pink, Alex G, Wilco",♡♡♡♡,11/24
digital,,BLACKSTARKIDS,Saturn Dayz,Dirty Hit,09/24/2024,Pirate!,FULL ALBUM,,"Experimental Hip Hop, Alt Rap, Pop Rap","Mura Masa, Childish Gambino, PinkPantheress, Jean Dawson, MICHELLE, Blood Orange",♡♡♡,11/24
digital,,CLIFFDIVER,birdwatching,SideOneDummy,09/24/2024,Pirate!,"1*, 2*, 4*, 5*, 11*","1*, 2*, 4*, 11*, 3*","Alternative, Indie Rock, Pop Punk, Post-Emo","Joyce Manor, Hot Mulligan, Ben Quad, Spanish Love Songs, Future Teens, Carpool",♡♡♡,11/24
digital,,Korean Boyfriend,Closing In (Remix) [Single],Flowers,09/24/2024,Pirate!,Clean,Single,"Alternative, New Wave, Post-Punk, Synth Pop, Art Pop","King Krule, Mac DeMarco, Alex G",♡,11/24
digital,,Phantogram,It Wasn't Meant To Be [Single],Neon Gold/Avenue A,09/24/2024,Pirate!,TBD,Single,"indietronica, Electropop, Trip Hop","Sylvan Esso, Metric, St. Vincent, Purity Ring, The Naked and Famous, Tegan and Sara, CHVRCHES",♡♡♡♡♡,11/24
digital,,"Armed, The",NEW! Christianity [Single],Sargent House,09/24/2024,Pirate!,TBD,Single,"Noise Rock, Art Rock, Electro-Punk","Nine Inch Nails, Metz, Spirit of the Beehive, Fucked Up, Queens of the Stone Age, Sleigh Bells",♡♡♡♡,11/24
digital,,"Calamatix, The",The Calamatix,Hellcat/Epitaph,09/24/2024,Pirate!,"6, 7, 10","1, 3, 4, 5","Reggae, Punk, Singer-songwriter","Catbite, The Interrupters, The Aggrolites, Flying Raccoon Suit, The Slackers",♡♡,11/24
digital,,"Voidz, The",Like All Before You,ONErpm,09/24/2024,Pirate!,"3, 7","4, 8, 6, 2","Neo-Psychedelia, Art Rock, Alt Dance, Synth Punk, Art Pop","The Strokes, MGMT, Tame Impala, Melody's Echo Chamber, Albert Hammond Jr, Pond",♡♡♡♡,11/24
digital,,DUSTY,WINGED,Polar Culture,09/24/2024,The Syndicate,"3, 4, 5, 6, 8, 9",,"Noise Punk, Emo Boom-bap, Alt Rap","Quadeca, JPEGMAFIA, Caroline Polachek",♡♡♡♡,11/24
digital,,"WAEVE, The",City Lights ,Transgressive,09/24/2024,Terrorbird,6,"1, 2, 3","art rock, chamber pop, jazz rock","esus and Mary Chain, Jarvis Cocker, Blur",♡♡♡,11/24
digital,"X (PHL, DXL)",no coast!,Sobel [Single],The Machine,10/01/2024,Self Released,Clean,Single,"Pop Punk, Math Rock, Emo, Power Pop","Modern Baseball, CHON, 12 Rods, Origami Angel",♡,02/01
digital,,Being Dead,EELS,Bayonet,10/01/2024,Terrorbird,7*,"2, 5, 7, 15","indie rock, alt country, surf rock","Dehd, Wednesday, Bonny Doon, Sweeping Promises",♡♡♡♡,12/01
digital,,fantasy of a broken heart,Feats of Engineering,DPI,10/01/2024,Terrorbird,4,"2, 3, 6","neo psychedelia, indie folk, indie pop","This is Lorelai, Water From Your Eyes, Starcleaner Reunion, Wishy",♡♡♡,12/01
digital,,Neva Dinova,Canary,Saddle Creek,10/01/2024,Terrorbird,clean,"1, 2, 4, 7","indie folk, indie rock","Better Oblivion Community Center, Cursive, Songs: Ohia",♡♡♡,12/01
digital,,Mk.gee,Lonely Fight [Single],R&R Digital,10/01/2024,Orienteer,Clean,Single,"Alternative R&B, Hypnagogic Pop, Neo-Psychedelia, Sophisti-Pop, Bedroom Pop, Indietronica, Indie Pop","Hether, Dijon, Choker, Billy Lemos",♡♡♡♡♡,12/01
digital,,Magdalena Bay,Imaginal Disk,Mom+Pop,10/01/2024,N/A,Clean,"1, 2, 4, 5, 6, 12","Synthpop, Chillwave, Electropop, Neo-Psychedelia","Hatchie, Brijean, yeule, Doss, Rina Sawayama, SOPHIE",♡♡♡♡♡,12/01
digital,,Joe P,Garden State Vampire,Atlantic Records,10/01/2024,N/A,4*,"3, 5, 6, 9, 11","Indie Rock, Indie Pop, Pop Rock, Singer-Songwriter, Post-Punk Revival","Deal Casino, The Beths, Briston Maroney, flipturn, Sonic Blume",♡♡♡♡,12/01
digital,,Modern Refuge,Rope [Single],Self Released,10/01/2024,N/A,Clean,Single,"Indie Folk, Folk Rock, Gothic Rock","Always Morning, The Black Crowes, Chelsea Wolfe",♡♡,12/01
digital,,Xiu Xiu,"13"" Frank Beltrame Italian Stiletto with Bison Horn Grips",Polyvinyl,10/01/2024,Terrorbird,Clean,"2, 3, 5, 7","neo psychedelia, experimental rock, noise pop","Swans, Black Midi, Lightning Bolt, Coil",♡♡♡♡,12/01
digital + CD,,Hello Mary,Emita Ox,Frenchkiss,10/01/2024,Shine On,Clean,"1, 2, 3, 4","indie rock, experimental rock, math rock","Big Thief, Wednesday, Why Bonnie, Marika Hackman, Julia Jacklin, Palehound & The Smile",♡♡♡,12/01
digital,,Kate Bollinger,Songs From A Thousand Frames Of Mind,Ghostly International,10/01/2024,Secretly,Clean,"1, 3, 9","singer songwriter, psychedelic pop","Alice Phoebe Lou, Slow Pulp, Julia Jacklin, Lomelda",♡♡♡♡♡,12/01
digital,,Bright Eyes,"Five Dice, All Threes",Dead Oceans,10/01/2024,Secretly,"3, 6, 8, 9, 13","2, 4, 7, 11","indie folk, indie rock, alt country","Rilo Kiley, Neutral Milk Hotel, The Decemberists",♡♡♡♡♡,12/01
digital,,Mustafa,Dunya,Jagjagwuar,10/01/2024,Secretly/Tiger Bomb,"2, 5","1, 3, 9","singer songwriter, contemporary folk, neo soul","serpentwithfeet, Sampha, Dijon, Moses Sumney",♡♡♡♡♡,12/01
digital,,Ginger Root,SHINBANGUMI,Ghostly International,10/01/2024,Secretly/Co-Sign,Clean,"2, 3, 5, 7","Hypnagogic Pop, City pop, Sophisti-pop","Luna Li, Macabre Plaza, HOMESHAKE",♡♡♡♡,12/01
digital,,Wild Pink,Dulling The Horns,Fire Talk,10/08/2024,Terrorbird,1*,"1, 2, 5, 6","indie rock, heartland rock, alt country","The War On Drugs, MJ Lenderman, Cassandra Jenkins, Hovvdy",♡♡♡♡,12/01
digital,,Pharmakon,Maggot Mass,Sacred Bones,10/08/2024,Terrorbird,Clean,"1, 2","power electronics, noise, death industrial","HIDE, Lingua Ignota, Jarboe, Uboa",♡♡♡,12/01
digital,,Montell Fish,CHARLOTTE,Virgin,10/08/2024,Terrorbird,9,"3, 6, 8","alternative R&B, neo psychedelia, ","Yves Tumor, mk.gee, Dijon, Current Joys",♡♡♡♡♡,12/01
digital,,A Place To Bury Strangers,Synthesizer,Dedstrange,10/08/2024,Terrorbird,Clean,"1, 3, 5, 6","shoegaze, noise rock","Ringo Deathstarr, Sonic Youth, HEALTH, No Joy",♡♡♡,12/01
digital,,Broadcast,Distant Call - Collected Demos 2000-2006,Warp,10/08/2024,Terrorbird,Clean,"3, 5, 7","Indie folk, Psychedelic folk, singer songwriter","Stereolab, Mazzy Star, Sweet Trip, The Microphones",♡♡♡♡,12/01
digital,,Ben Katzman's DeGreaser,Tears on the Beach,BUFU,10/15/2024,Terrorbird,Clean,"2, 4, 8","Dance Punk, Noise Rock","Guerilla Toss, Mannequin Pussy, Sheer Mag, Power Trip",♡♡,12/01
digital,,Paul Spring,Kind of Heaven,Self Released,10/15/2024,Terrorbird,Clean,"2, 3, 5","singer songwriter, indie folk","Sufjan Stevens, Nick Drake, Andrew Bird, Fleet Foxes",♡♡♡♡,12/01
digital,,Warm Human,Hamartia,Sooper,10/15/2024,Terrorbird,use edits,"2, 5, 8","synthpop, indie pop, indie rock","SASAMI, Remi Wolf, The Marias, Magdalena Bay",♡♡♡,12/01
digital,,Christopher Owens,I Wanna Run Barefoot Through Your Hair,True Panther,10/22/2024,Terrorbird,1,"1, 3, 7","singer songwriter, indie rock, indie pop","Girls, MJ Lenderman, This Is Lorelai, Rosali",♡♡♡,12/23
digital,X,Karl Blau,Vultures of Love,Otherly Love,10/22/2024,Terrorbird,Clean,"2, 3, 4","alt country, singer songwriter","Bill Callahan, Lambchop, The Microphones, Ryley Walker",♡♡♡,12/23
digital,,Chinese American Bear,Wah!!!,Moshi Moshi,10/22/2024,Terrorbird,Clean,"1, 3, 4","indie rock, funk, neo psychedelia","Rui Gabriel, Babe Rainbow, Pond, fantasy of a broken heart",♡♡♡,12/23
digital,,shower curtain,words from a wishing well,Angel Tapes / Fire Talk,10/22/2024,Terrorbird,Clean,"1, 2, 4","shoegaze, grunge, indie rock","Wishy, Blushing, Trophy Wife, GIFT",♡♡♡,12/23
digital,,Spiral XP,I Wish I Was A Rat,Danger Collective,10/22/2024,Terrorbird,3,"1, 3, 4","shoegaze, grunge, indie rock","Quannnic, Glare, Wisp, Whirr",♡♡♡,12/23
digital,,Machine Girl,MG Ultra,Future Classic,10/22/2024,Shine On,censor manually,"1, 7, 13","digital hardcore, breakcore, synth punk","100 gecs, HEALTH, Atari Teenage Riot, Death Grips, Nine Inch Nails, Liars, Lightning Bolt & Crystal Castles",♡♡♡♡♡,12/23
digital,,Current Joys,East My Love,Secretly Canadian,10/22/2024,secretly,9*,"2, 4, 9","indie folk, folk rock, alt country","salvia palth, alex g, duster, dr. dog",♡♡♡♡♡,12/23
digital,,Dua Saleh,I Should Call Them,Ghostly International,10/22/2024,secretly,use edits,"1, 2, 6","alternative r&b, alt pop, contemporary r&b","serpentwithfeet, Tirzah, James Blake, Solange",♡♡♡♡,12/23
digital,,Bon Iver,"SABLE, [EP]",Jagjagwuar,10/22/2024,secretly,2*,3,"indie folk, singer songwriter, chamber folk","ryan beatty, the microphones, indigo sparke",♡♡♡♡♡,12/23
digital,,Porridge Radio,Clouds In The Sky They Will Always Be There For Me,Secretly Canadian,10/22/2024,secretly / The Syndicate,Clean,"2, 4, 11","indie rock, indie pop, slacker rock","deerhoof, julien baker, parquet courts, nilüfer yanya",♡♡♡♡,12/23
digital,,Boyscott,Spellbound,Topshelf,10/22/2024,Pirate!,Clean,"1, 2, 4, 5","Pop, Indie, Surf Rock, Metamorphic Rock","Beach Fossils, Real Estate, Triathalon, Boy Pablo, The Drums, Frankie Cosmos, Good Morning, Hovvdy",♡♡♡♡,12/23
digital,,Caronline Kingsbury,I Really Don't Care! [EP],music is fun,10/22/2024,Pirate!,Clean,"4, 3, 2","Queer Pop, Alt Pop, Indie Pop","Chappell Roan, MUNA, Suki Waterhouse, HAIM, Towa Bird, Miya Folick, The Aces",♡♡♡♡,12/23
digital,,Japandroids,Fate & Alcohol,Anti-,10/22/2024,Pirate!,use edits,"1, 7, 10","Indie Rock, Garage Punk, Noise Pop","Cloud Nothings, Titus Andronicus, The Hold Steady, The Wrens, Surfer Blood, Pedro The Lion",♡♡♡♡,12/23
digital,,Kestrels,Lilys [Single],Darla,10/22/2024,Pirate!,clean,single,"Alternative, Slacker Rock, shoegaze, indie Pop","Dinosaur Jr, Built To Spill, Hotline TNT, White Reaper, Archers of Loaf, The Jesus and Mary Chain",♡♡,12/23
digital,,No Time For Caution,Thief In The Groove,Mint 400,10/22/2024,Pirate!,Clean,"2, 6, 3, 8","Post-Rock, Shoegaze, Instrumental, Alternative","This Will Destroy You, Maybeshewill, Explosions In The Sky",♡,12/23
digital,,Phantogram,Memory of a Day,Neon Gold/Avenue A,10/22/2024,Pirate!,1,"2, 9, 11, 3, 5, 6","Electropop, Neo-Psychedelia, Synthpop, Trip Hop","Sylvan Esso, Metric, St. Vincent, Purity Ring, The Naked and Famous, Tegan and Sara, CHVRCHES",♡♡♡♡♡,12/23
digital,,"Armed, The",Everlasting Gaze [EP],Sargent House,10/22/2024,Pirate!,3,"2, 1, 6","Noise Rock, Art Rock, Electro-Punk","Nine Inch Nails, Metz, Spirit of the Beehive, Fucked Up, Queens of the Stone Age, Sleigh Bells",♡♡♡♡,12/23
digital,,High Vis,Guided Tour,Dais,10/22/2024,The Syndicate,use Edits,"10, 2, 5, 4","Post-Punk, Post-Hardcore, Alt Rock, Alt Dance","Plastic Drama, Psykos, Beholder, Marquise, NAUTO",♡♡♡♡,12/23
digital,,Salomea,Good Life,Golden Ticket,10/22/2024,The Syndicate,"9, 13, 15","5, 3, 8","R&B/Soul, Multi-Genre, Experimental, Hip-hop","Hiatus Kaiyote, Children of Zeus",♡♡♡,12/23
digital,X (DXL),wakeful state,empty room recordings,self released,10/22/2024,N/A,Clean,"1, 4, 6","singer songwriter, indie folk","mount eerie, sufjan stevens, little kid",♡,12/23
digital,X ,Jim E. Brown,THE SKY IS UGLY,Didsbury Parsonage,10/22/2024,N/A,Clean,"2, 3, 4","post punk, spoken word","king krule, joy division",♡♡,12/23
digital,X ,Boo Boo Spoiler,BOO BOO [EP],self released,10/22/2024,N/A,Clean,"2, 6","shoegaze, alt rock","TAGABOW, Mormon Toasterhead, Her New Knife",♡♡,12/23
digital,X ,Jacy Farrow,Big Dog in Basement Country,self released,10/22/2024,N/A,Clean,"3, 7","alt country, indie folk","Alex G, MJ Lenderman, Wednesday",♡,12/23
digital,,Naima Bock,Below a Massive Dark Land,Sub Pop,10/22/2024,Shine On,clean,"1, 2, 3, 9","chamber folk, singer songwriter, freak folk","jessica pratt, laura marling, weyes blood, the velvet underground",♡♡♡,12/23
digital,,Georgia Gets By,Split Lip [EP],Luminelle,10/22/2024,Planetary,Clean,"2, 3, 4, 5","Indie Rock, Alt Pop, Dream Pop","BROODS, Lucy Dacus, PACKS, Hatchie, Winter, boygenius",♡♡♡,12/23
digital,,Cal in Red,Low Low,B3SCI,10/22/2024,Planetary,9,"1, 2, 4, 7, 10","Indie Pop, Jangle Pop, Dream Pop","Tame Impala, Electric Guest, St. Lucia, Sir Sly, The Shins",♡♡♡,12/23
digital,,Tamar Berk,Good Times for a Change,Self-Released,10/22/2024,Planetary,Clean,"1, 4, 7, 8","Art Pop, Indie Pop, Power Pop, Indie Rock, Art Rock","Fiona Apple, PJ Harvey, Juliana Hatfield, Laura Carbone, illuminati hotties, Ex Hex, Bully, Dude York",♡♡,12/23
digital,,Hansom Ēli,Sip,The Vault,10/22/2024,Planetary,Clean,"3, 4, 6, 10","Indie Pop, Electronica, Experimental, Folk Pop","MUNYA, Eartheater, Blue Hawaii, Neggy Gemmy, Cecile Believe",♡♡♡,12/23
digital,,Katie Gavin,What A Relief,Saddest Factory,10/29/2024,secretly,"1*, 11*","2, 4, 8","indie folk, indie pop, singer songwriter","MUNA, Lizzy McAlpine, Jensen McRae, Dora Jar",♡♡♡♡,12/23
digital,,Zamilska,United Kingdom of Anxiety,NoPaper,10/29/2024,Shine On,9,"2, 3, 11, 13","trip hop, experimental, art pop","Portishead, Björk, Massive Attack, Sky Ferreira, Lykke Li",♡♡♡♡,12/23
digital,,instant crush,I'M SORRY I DIDN'T BITE MY TONGUE,Share It,10/29/2024,Shine On,"1, 6, 9","3, 8, 10","pop punk, dance punk, indie pop","paramore, bloc party, the killers",♡♡♡,12/23
digital,,Amyl & The Sniffers,Cartoon Darkness,B2B,10/29/2024,Shine On,"3, 5, 6, 12, 13","1, 2, 4, 7, 8, 9, 10, 11","garage punk, glam punk, hardcore","Bully, Snooper, early yeah yeah yeahs, surfbort, death valley girls",♡♡♡♡♡,12/23
digital,,Tess Parks,Pomagranate,Fuzz Club,10/29/2024,shine On,Clean,"2, 3, 6, 7","neo psychedelia, singer songwriter","soccer mommy, snail mail, samia, mazzy star, moon duo",♡♡♡♡,12/23
digital,,Elias Rønnenfelt,Heavy Glory,Escho,10/29/2024,Terrorbird,5,"1, 7, 8","indie folk, singer songwriter, americana","Iceage, Joanne Robertson, Merce Lemon, Christopher Owens, This Is Lorelai",♡♡♡,12/23
digital,,Mimi Gilbert,undrowning,COHORT,10/29/2024,Terrorbird,Clean,"2, 3, 4","singer songwriter, indie folk","Becca Mancari, Elizabeth Moen, Tomberlin",♡♡♡,12/23
digital,,,Middle Child Syndrome,Record Euphoria,10/29/2024,Terrorbird,Clean,"2, 5, 6","singer songwriter, baroque pop, indie rock","Andy Shauf, Cassandra Jenkins, HOVVDY",♡♡,12/23
digital,X,Her New Knife,chrome is a lullaby [EP],Julia's War,10/29/2024,n/a,Clean,"1, 2","shoegaze, noise rock, post punk","TAGABOW, Model/Actriz, Voyeur, Winter",♡♡♡,12/23
digital,X,2nd Grade,Scheduled Explosions,Double Double Whammy,10/29/2024,Riot Act,Clean,"2, 3, 13, 23","jangle pop, power pop, indie rock","The Lemon Twigs, Big Star, Teenage Fan Club",♡♡♡,12/23
digital,,One True Pairing,Endless Rain,Domino,10/29/2024,The Syndicate,Clean,"2, 9, 6","Indie, Alternative, Post-Britpop","Elbow, Hozier, Father John Misty, District Five, Hayden Thorpe",♡♡♡,12/23
digital,,Sophia Warren,Bloodstone [EP],Universal Music México,10/29/2024,The Syndicate,1,"4, 2, 5","Alternative, Indie Pop, Singer-Songwriter","Jess Kallen, Small Shake, Sweatbreads, ",♡♡,12/23
digital,,Pom Pom Squad,Mirror Starts Moving Without Me,City Slang,10/29/2024,Pirate!/Planetary,"7, 2, 9, edits","1, 3, 5, 8","indie rock, Alternative, Indie Pop, Rock Pop","Mannequin Pussy, Momma, Cherry Glazerr, Beach Bunny, Soccer Mommy",♡♡♡♡,12/23
digital,x (NJ),Bike Routes,Rush of Energy [EP],Blue Grape,10/29/2024,Pirate!,5,"1, 2, 3, 6","Emo, Indie Rock, Alternative","The Wonder Years, The Menzingers, Dashboard Confessional, This Wild Life, Citizen, Oso Oso",♡♡♡,12/23
digital,,Korean Boyfriend,Simple Face,Flowers,10/29/2024,Pirate!,"2, 8, edits","4, 5, 6","Alternative, New Wave, Post-Punk, Synth Pop, Art Pop","King Krule, Mac DeMarco, Alex G",♡,12/23
digital,,Anna Shoemaker,Game of Thrones [SINGLE],+1 Records,10/29/2024,Pirate!,Edits,Single,"Synth Pop, Indie Alternative, Indie Pop","Katie Gavin, Blondshell, Clairo, The Japanese House, Abby Sage, The Aces, Madi Diaz",♡♡♡♡,12/23
digital,,SAYA GRAY,SHELL ( OF A MAN ) [SINGLE],Dirty Hit,10/29/2024,Pirate!,TBD,Single,"Alternative Indie, R&B, Folk Alt","Grace Ives, Hana Vu, Nilufer Yanya, SASAMI, Arlo Parks, Okay Kaya, Charlotte Day Wilson",♡♡♡♡,12/23
digital,,Soccer Mommy,Evergreen,Loma Vista/Concord,10/29/2024,Planetary,Clean,"1, 2, 3","Singer-Songwriter, Indie Rock, Indie Pop, Jangle Pop, Indie Folk, Dream Pop","Snail Mail, Tomberlin, Mitski, Jay Som, Phoebe Bridgers, Black Belt Eagle Scout",♡♡♡♡♡,12/23
digital,,E L U C I D,REVELATOR ,Fat Possum,10/29/2024,Planetary,"1*, 3, 4, 7, 9, 12, 13, 14, 15","1*, 5, 8","Experimental Hip Hop, Abstract Hip Hop, Industrial Hip Hop, Cloud Rap, Sound Collage, Trap","JPEGMAFIA, billy woods, Death Grips, MIKE, Earl Sweatshirt, Alchemist",♡♡♡♡,12/23
digital,,His Father's Voice,Black Poison Morning,Self-Released,10/29/2024,Planetary,Clean,"1, 4, 5, 7","Post Punk, New Wave, Alt Rock","Metric, Wolf Parade, Alvvays, Lala Lala",♡,12/23
digital,,Gooseberry,All My Friends Are Cattle,Self-Released,10/29/2024,Planetary,"1, 3","2, 4, 5, 6","Alternative Rock, Blues Rock, Grunge","Arctic Monkeys, Hippo Campus, The Strokes, Gustaf, Been Stellar",♡♡♡,12/23
digital + CD,,Naked Giants,Shine Away,DevilDuck,11/01/2024,Shine On,clean,"1, 3, 7","garage rock, indie rock","J Mascis, Weezer, Chastity Belt, Joyce Manor",♡♡♡,01/05
digital + CD,,Ty Walker & The Humanoids,Home on the Strange,Lung,11/01/2024,Shine On,clean,"2, 3, 4, 9","slacker rock, alt country","MJ Lenderman, Friko, Pavement, Deer Tick",♡♡,01/05
digital,,Scream Journal,Phantom Pain [EP],Death Bug,11/05/2024,Pirate!,Clean,"4, 2, 1","Indie Alternative., Indie Rock, Singer-songwriter","Beabadoobee, Phoebe Bridgers, Babehoven, Wednesday, Adrianne Lenker, Florist",♡♡,01/05
digital,,Sean Kiely,Postcards of the Reckoning,Self-Released,11/05/2024,Pirate!,Clean,"3, 4, 2, 1","Indie Folk, Alternative, Singer-songwriter","Kishi Bashi, Andrew Bird, The Felice Brothers, M. Ward, Phosphorescent, Wilco",♡,01/05
digital,,Various Artists,Neon & Hairspray,Mint 400,11/05/2024,Pirate!,Clean,"2, 3, 6","New Wave, Post Punk, Synth-pop, Hair Metal","Phil Collins, New Order, R.E.M., The Cure, Missing Persons, David Bowie, and more",-,01/05
digital,,Sam Blasucci,Real Life Thing,Innovative Leisure,11/05/2024,shine On,Clean,"1, 2, 4, 9, 14","folk rock, singer songwriter, indie folk","Mapache, Beachwood Sparks, Father John Misty, Kurt Vile",♡♡♡,01/05
digital,,THUS LOVE,All Pleasure,Captured Tracks,11/05/2024,Terrorbird,3*,"1, 2, 4","post punk revival, neo psychedelia","GIFT, Surf Curse, Sprints, Cola",♡♡♡,01/05
digital,,"Smashing Times, The",Mrs. Ladyships and the Cleanerhouse Boys,Perennial,11/05/2024,Terrorbird,clean,"1, 10, 12","indie rock, indie surf, garage rock revival","Feeling Figures, Being Dead, Silverbacks",♡♡,01/05
digital,,World Brain,Open Source,Mansions & Millions,11/05/2024,Terrorbird,clean,"1, 3, 6","lo fi, jazz pop, art pop","John Moods, Matty, Boy Deco, Maston, Washed Out, Tycho, Bonobo",♡♡♡,01/05
digital,,Gut Health,Stiletto,Slow Clap,11/05/2024,Terrorbird,7*. 10*,"5, 6, 10","dance punk, post punk","Gustaf, Patio, Fake Fruit, Drahla",♡♡♡,01/05
digital,,"Prids, The", Only Care About You and Me,This-A-Way,11/05/2024,Planetary,Clean,"1, 2, 6, 7","Post-Punk, Indie Rock, Shoegaze, Noise Pop, Post-Punk Revival","The Pains of Being Pure at Heart, The Radio Dept., Silversun Pickups, Built to Spill, Unrest, For Against, Been Stellar",♡♡,01/05
digital,,Fat Dog,WOOF.,Domino,11/05/2024,Planetary,"1, 3*, 4, 5*, 6*","3*, 5*, 6*, 7, 8","New Rave, EBM, Dance-Punk, Synth Punk","Model/Actriz, Mandy, Indiana, HMLTD, Gilla Band, HEALTH, Xiu Xiu",♡♡♡♡,01/05
digital,,The The,Ensoulment,earMUSIC,11/05/2024,Planetary,Clean,"1, 2, 4, 9","Alternative Rock, Art Rock, Singer-Songwriter, Electric Blues","Nick Cave, Echo & the Bunnymen, Tom Waits, Psychedelic Furs",♡♡♡♡♡,01/05
digital,,knitting,Some Kind of Heaven,Mint,11/05/2024,Planetary,Clean,"1, 5, 7, 8","Slacker Rock, Indie Rock, Bedroom Pop, Grunge","Wednesday, Sonic Youth, Pixies, Pavement, Slow Pulp, Hole, Nirvana",♡♡,01/05
digital,,Mercury Rev,Born Horses,Bella Union,11/05/2024,Planetary,Clean,"2, 4, 5, 6","Neo-Psychedelia, Chamber Pop, Ambient Pop, Indie Rock, Spoken Word, Chamber Jazz, Poetry","Spiritualized, Flaming Lips, Grandaddy, Sparklehorse, Eels",♡♡♡♡,01/05
digital,,Pretoria,Where Will The Night Take Us?,Self Released,11/05/2024,Planetary,7,"1, 2, 6, 8","The Doozers, Mustard Service, Future Misters, Phoenix","The Doozers, Mustard Service, Future Misters, Phoenix",♡♡♡,01/05
digital,,Woody Jackson,Cowboy Yoga [EP],ElectroVox,11/05/2024,Planetary,Clean,"1, 3, 4","Spaghetti Western, Ambient Americana","Yann Tiersen, Bill Mackay, Mogwai, John Leventhal",♡♡♡♡,01/05
digital,,Noble Savage,Black Noise / White Shadow,Self Released,11/05/2024,Planetary,Clean,"1, 3, 5, 9","Synth Pop, Post Punk, Darkwave","Drab Majesty, Cold Cave, Lawrence Rothman, Choir Boy",♡♡,01/05
digital,,Chase Austin,Chase Austin [EP],Self Released,11/05/2024,Planetary,Clean,"1, 2, 5","Deep House, Progressive House, Dance-Pop, Downtempo","Deadmau5, Kaskade, Porter Robinson, Flux Pavilion",♡,01/05
digital,,Honeyglaze,Real Deal,Fat Possum,11/05/2024,Planetary,"5*, 11","2, 3, 5*, 8","Indie Rock, Post-Punk, Post-Rock, Midwest Emo, Math Pop","Dry Cleaning, Porridge Radio, Cate Le Bon, Black Country New Road, Squid",♡♡♡♡,01/05
digital,,Hippo Campus,Flood,Psychic Hotline,11/05/2024,Planetary,"2*, 8*","2*, 4, 5*, 8*, 9, 11","Indie Pop, Pop Rock, Alt-Pop, Indietronica, Soft Rock, Alt-Country","Vampire Weekend, Vacation Manor, COIN, JR JR, Sure Sure",♡♡♡♡♡,01/05
digital,,Katy J Pearson,"Someday, Now",Heavenly/PIAS,11/05/2024,Planetary,Clean,"1, 4, 5, 10","Singer-Songwriter, Indie Pop, Pop Rock, Indie Folk, Soft Rock","Sharon Van Etten, Mattiel, Twin Peaks, Caroline Rose, Girl Ray, The Orielles, Braids, Chairlift, School of Seven Bells",♡♡♡♡,01/05
digital,,Lutalo,The Academy,Winspear,11/05/2024,Planetary,Clean,"1, 2, 3, 4, 8","Indie Folk, Indietronica, Indie Rock, Singer-Songwriter, Folktronica","Bartees Strange, Bloc Party, Yves Tumor, King Krule, Bon Iver, Dean Blunt, Kurt Vile, Nilüfer Yanya",♡♡♡♡,01/05
digital,,"Cure, The",Songs Of A Lost World,Fiction/Capitol,11/05/2024,The Syndicate,Clean,"3, 1, 4, 6, 7","Post-Punk, New Wave, Rock, Synth","New Order, Joy Division, The Smiths, Pixies, Smashing Pumpkins",♡♡♡♡♡,01/05
digital,,Myra Keyes,Sweetsick [EP],Self Released,11/12/2024,shine on,clean,"1, 2","indie rock, singer songwriter, indie pop","lucy dacus, bully, soccer mommy, julia jacklin, blondshell",♡,01/05
digital,,Odd Marshall,Lucky Dragon [SINGLE],Self Released,11/12/2024,Pirate!,Clean,Single,"Folk Rock, Y'allternative, Acoustic","Wilco, M. Ward, The War On Drugs, Johnny Delaware, Son Volt",♡♡,01/05
digital,,Shai Foxx,Hear Me Out [EP],Self Released,11/12/2024,Pirate!,4,"3, 2, 5, 1","Indie Pop, Indie Pop","Softcult, Cherry Glazerr, Beabadoobee, Momma",♡♡,01/05
digital,,Boy Jr,I Love Getting Dumped!,Self Released,11/12/2024,The Syndicate,"2, 3, 5, 7, 11, 13 (edits)","3, 5, 4, 10","Electro Pop, Alt Pop, Indie Pop","Kero Kero Bonito, Nat Harvie, Ryan Egan, METHYL ETHEL",♡♡♡,01/05
digital,,Various Artists,Like Someone I Know: A Celebration of Margo Guryan,Sub Pop,11/12/2024,shine on,Clean,"3, 6, 7, 12","sunshine pop, psych pop, baroque pop","Frankie Cosmos, Bedouine, Clairo, Empress Of, Sylvie, Margo Price",N/A,01/05
digital,,Warmduscher,Too Cold To Hold,Strap Originals,11/12/2024,shine on,Clean,"2, 3, 6, 9","experimental rock, garage punk, dance punk, krautrock","viagra boys, yard act, squid, do nothing, crack cloud, protomartyr",♡♡♡♡,01/05
digital,,Blood Wizard,Grinning William,Sad Club,11/12/2024,terrorbird,Clean,"4, 5, 6, 7","indie rock, post punk, alt rock","Thus Love, Fontaines DC, Blur, Yard Act",♡♡♡,01/05
digital,,Hemlock Ernst & Icky Reels,Studying Absence,Tygr Rawwk,11/12/2024,terrorbird,"4, 7","1, 3, 6","abstract hip hop, glitch hop, electro","Future Islands, Kenny Segal, MF Doom, Milo",♡♡♡,01/05
digital,X (DXL),Cheap 52,Vermont,self released,11/12/2024,n/a,"1, 2, 3, 7, 9 (censor manually)",TBD,"indie rock, emo, alt rock, pop punk","Weezer, Jeff Rosenstock, Remo Driv",♡,03/05
digital,X ,22° Halo,Lily of the Valley,Tiny Library,11/12/2024,n/a,Clean,"1, 2, 5","indie rock, indie folk, slacker rock","Alex G, Villagerrr, Eiafuawn",♡♡♡,03/05
digital,X (DXL),Red Panda Retreat,Bamboo Understories in the Himalayas and Other High Mountains [EP],self released,11/12/2024,n/a,"1, 4","2, 3","midwest emo, prog rock, experimental rock","Algernon Cadwallader, Origami Angel, Marietta",♡,03/05
digital,,"Smile, The",Cutouts,Self Help Tapes,11/12/2024,Beggars,"3, 8, 10","1, 5, 6","Art Rock, Ambient Pop, Krautrock, Math Rock, Post-Punk","Geordie Greep, Nilufer Yanya, Fontaines D.C., English Teacher, Radiohead",♡♡♡♡♡,01/05
digital,,Fontaines D.C.,Romance,32 County Love Train,11/12/2024,Beggars,"2*, 9, 10","2*, 3, 5, 11","Indie Rock, Alternative Rock, Post-Britpop, Post-Punk Revival, Dream Pop","Wunderhorse, The Smile, IDLES, Shame, The Pogues, Nick Cave, Rolling Blackouts CF, Protomartyr",♡♡♡♡♡,01/05
digital,,Geordie Greep,The New Sound,Rough Trade,11/12/2024,Beggars,USE CLEAN EDIT FOR #1,Only 1* (No Other Edits),"Jazz-Rock, Progressive Rock, Art Rock, Avant-Prog, Latin Rock, Jazz Fusion","Black Midi, The Smile, Godspeed You! Black Emperor, Maruja",♡♡♡♡,01/05
digital,,Juniore,"Trois, Deux, Un",Le Phonographe,11/12/2024,Planetary,Clean,"1, 2, 3, 7","French Pop, Yé-yé, Psychedelic Pop, Surf Rock","La Femme, April March, Dandy Warhols, Brian Jonestown Massacre, Françoise Hardy, Mattiel, Michelle Blades",♡♡♡♡,01/05
digital,,Alex Henry Foster,A Measure Of Shape and Sounds,Hopeful Tragedy,11/12/2024,Planetary,Clean,"2, 5, 6, 9","Post-Rock, Art Rock, Progressive Rock, Poetry, Dream Pop","Tim Hecker, William Basinski, GAS, Laurel Halo, Huerco S.",♡♡♡,01/05
digital,,little bit,talk a blue streak [EP],Hit The North,11/12/2024,Planetary,Clean,"2, 3, 4, 5","Alternative Rock, Indie Pop, Indie Rock, Singer-Songwriter","Lilith, Rilo Kiley, Soccer Mommy, Jay Som, Bedbug",♡,01/05
digital,,Virginie B,Astral 2000,Bonsound,11/12/2024,Planetary,Clean,"2, 5, 6, 9","French Pop, Indie Pop, Synth Funk, Contemporary R&B, Sophisti-Pop, Psychedelic Pop, Synth Funk","Kero Kero Bonito, Magdalena Bay, Jessie Ware, Grimes, SOPHIE",♡♡♡,01/05
digital,,Bonnie Trash,My Love Remains The Same [EP],Hand Drawn Dracula,11/12/2024,Planetary,Clean,"1, 2","Dream Pop, Dream Punk, Indie Rock, Post-Punk","Chelsea Wolfe, Zola Jesus, Angel Olsen, Ethel Cain, Lingua Ignota, Godspeed! You Black Emperor, Diamanda Galás, Siouxsie & The Banshees, PJ Harvey, EMA",♡,01/05
digital,,Sammy Rae & The Friends,Something For Everybody,Nettwerk,11/12/2024,Planetary,Clean,"2, 3, 4, 5, 9","Pop Soul, Pop Rock, Neo-Soul","Eloise, Sir Woman, The Greeting Committee, Joey Dosik",♡♡♡♡,01/05
digital,,"Dare, The",What's Wrong With New York?,Republic Records,11/12/2024,Planetary,"1*, 2*, 4*, 5*, 8*","3, 4*, 5*, 6, 7","New Rave, Electroclash, Dance-Punk","LCD Soundsystem, Charli xcx, The Hellp, Snow Strippers, Fcukers, Frost Children",♡♡♡♡♡,01/05
digital,,Soul Asylum,Slowly But Shirley,Blue Elan,11/12/2024,Planetary,"1*, 5, 10","1, 2, 6","Alternative Rock, Power Pop, Pop Rock, Punk Rock, Indie Rock","Gin Blossoms, The Replacements, Sugar, Better Than Ezra, Live, The Lemonheads",♡♡♡♡♡,01/05
digital,,Liam Benzvi ,...And His Splash Band,Fat Possum,11/12/2024,Planetary,5,"2, 3, 7, 8","Indie Pop, Alt-Pop, New Wave","Blood Orange, Porches, Harry Styles, SSION, Coco & Clair Clair",♡♡♡,01/05
digital,,Maximo Park,Stream of Life,Lower Third/PIAS,11/12/2024,Planetary,Clean,"1, 2, 4, 6","Indie Rock, Post-Punk Revival, Jangle Pop, Power Pop","The Futureheads, We Are Scientists, The Rakes, Bill Callahan, Wolf Parade",♡♡♡♡,01/05
digital,,Daisy The Great,Spectacle: Daisy The Great vs. Tony Visconti [EP],S-Curve,11/12/2024,Planetary,Clean,"1, 3","Indie Pop, Indie Folk, Indie Rockq","Indigo De Souza, Sidney Gish, Orla Gartland, The Happy Fits, Samia, Frances Forever, The Greeting Committee",♡♡♡♡,01/05
digital,,Molly Brandt,American Saga,Self Released,11/12/2024,Planetary,9,"1, 3, 4, 6, 7, 11","Country, Alt country, americana, and singer-songwriter","Kacey Musgraves, Maggie Rogers, Waxahatchee, TOPS, Rubblebucket, Stevie Nicks",♡,01/05
digital,,Eli & Fur,Dreamscapes,[PIAS] Électronique,11/12/2024,Planetary,Clean,"4, 5, 6, 8, 10, 12","Melodic House, Deep House, Progressive House, Synthpop, Alt-Pop","Tinlicker, Ella Minus, RÜFÜS DU SOL, Sofia Kourtesis",♡♡♡♡♡,01/05
digital,,Odetta Hartman,Restoration [EP],Transgressive/PIAS,11/12/2024,Planetary,Clean,"1, 2","Contemporary Country, Gothic Country, Alt-Pop","Bat For Lashes, Vera Sola, Zola Jesus, Ethel Cain, Gazelle Twin",♡♡♡♡,01/05
digital,,Sawyer Utah,Sawyer Utah [EP],VISCYRL X,11/12/2024,Planetary,Clean,"1, 3, 4","Alt-Pop, Indie Pop, Alternative R&B, Bedroom Pop, Contemporary R&B","Dominic Fike, ROLE MODEL, Frank Ocean, Zach Hood, Bleachers",♡♡♡,01/05
digital,,Brad Yoder,somewhere in the constellation,Reverie,11/12/2024,Planetary,Clean,"1, 2, 4, 5","Alternative Folk, Folk Rock, Singer-Songwriter","The Decemberists, Slaughter Beach, Dog, The Mountain Goats, The Shins, Elliott Smith",♡,01/05
digital,,Devarrow,Heart Shaped Rock,Paper Bag,11/12/2024,Planetary,"11*, 12*","2, 5, 6, 8, 13","Indie Folk, Alternative Folk, Indie Rock","Yoke Lore, Shakey Graves, Dr. Dog, Deer Tick, Mt. Joy, Oberhofer, Blitzen Trapper",♡♡♡,01/05
digital,,Palomino Blond,You Feel It Too,Kanine,11/12/2024,Planetary,6*,"1, 2, 5, 6*","Indie Rock, Alternative Rock, Grunge","Wisp, Softcult, quannnic, beabadoobee",♡♡♡,01/05
digital,,Temples,Other Structures [EP],Fat Possum,11/12/2024,Planetary,Clean,"1, 4, 6","Neo-Psychedelia, Psychedelic Pop, Psychedelic Rock, Glam Rock, Indie Rock","Pond, Melody's Echo Chamber, Foxygen, Jacco Gardner, TOY",♡♡♡♡,01/05
digital,,OneDa,Formula OneDa,Heavenly/PIAS,11/12/2024,Planetary,USE CLEAN EDITS,"1*, 2*, 10, 12*","Hip-Hop, Rap, Drum & Bass, Trap","Flowdan, Little Simz, Sampa the Great, Nia Archives, Chase & Status",♡♡♡♡,01/05
digital,,Kidnap,"Something Lost, Something Gained",[PIAS] Électronique,11/12/2024,Planetary,Clean,"1, 3, 4, 5, 9","House, Deep House, Progressive House, Melodic House, Future Garage","The Orb, Luttrell, GusGus, Eli & Fur",♡♡♡♡,01/05
digital,,tomemitsu,Dream 2,Friends of Friends,11/12/2024,Planetary,Clean,"1, 3, 5, 6","Slacker Rock, Neo-Psychedelia, Indie Pop, Indie Folk","Alex G, Hovvdy, Toro Y Moi, Michael Nau, Kevin Krauter, Hand Habits, Juan Wauters",♡♡♡,01/05
digital,,Jesse Malin,Silver Patron Saints,Glassnote,11/12/2024,Planetary,"12, 24","1, 2, 3, 4, 10, 16","Pop Rock, Americana, Rock, Singer-Songwriter, Alternative Rock, Blues Rock","Bruce Springsteen, Bleachers, Counting Crows, Billie Joe Armstrong, Elvis Costello, Spoon, Aaron Lee Tasjan, Rancid, The Wallflowers",♡♡♡♡,01/05
digital,,Gurriers,Come And See,No Filter / PIAS,11/12/2024,Planetary,9,"1, 2, 5, 6, 8, 10","Post-Punk, Noise Rock, Shoegaze","Gilla Band, SPRINTS, shame, Folly Group, Metz",♡♡♡,01/05
digital,,Orla Gartland,Everybody Needs A Hero,New Friends,11/12/2024,Planetary,"1, 5, 6, 8, 10, 11","3, 7","Indie Pop, Indie Rock, Singer-Songwriter, Bedroom Pop, Indietronica","Nilüfer Yanya, Maggie Rogers, HAIM, Tegan & Sara, Shura, The Preatures",♡♡♡♡,01/05
digital,,Belaganas,Rock Bottom [EP],Different/PIAS,11/12/2024,Planetary,"1*, 2, 3","1*, 6","Indie Pop, Indie Rock, Rap Rock","Joey Valence & Brae, The Prodigy, The Garden, Genesis Owusu, PENDANT, Brockhampton, Beastie Boys",♡♡♡,01/05
digital,,Field Music,Limits of Language,Memphis Industries,11/12/2024,Planetary,Clean,"1, 3, 9","Art Pop, Progressive Pop, Progressive Pop, Sophisti-Pop","Wolf Parade, The Shins, Maximo Park, Spoon, Super Furry Animals, The Futureheads",♡♡♡,01/05
digital,,Scout Gillett,"Imagination, MO.",Self Released,11/12/2024,Tiger Bomb,Clean,"1, 2, 3, 5","Indie Rock, Alt-Country, Singer-Songwriter, Slowcore, Americana, Dream Pop","Angel Olsen, Palehound, Carson McHone, Kate Bush",♡♡,01/05
digital,,Soft Self Portraits,Yarns Spun,Sea Speak Recordings,11/12/2024,Tiger Bomb,Clean,"2, 5, 8","Pop, Dream Pop, Shoegaze, Indietronica","Washed Out, Craft Spells, Part Time, Sound of Ceres, Wild Nothing",♡,01/05
digital,,SUUNS,The Breaks,Joyful Noise,11/12/2024,Tiger Bomb,Clean,"2, 5, 7, 8","Art Pop, Neo-Psychedelia, Progressive Electronic","Water From Your Eyes, Spirit of the Beehive, Chanel Beads,, The Horrors, Autolux",♡♡♡♡,01/05
digital,,Cool Band,Cool Band,Self Released,11/12/2024,Tiger Bomb,8,"2, 3, 4","Indie Rock, Slacker Rock, Noise Pop","Pavement, Kurt Vile, A. Savage, Alex G, Vacations",♡♡,01/05
digital,,"Medium, The","City, Life",Earth Libraries,11/12/2024,Tiger Bomb,Clean,"1, 3, 6","Country Rock, Pop Rock, Power Pop","The Lemon Twigs, Rose City Band, The Fruit Bats, Harry Nilsson",♡♡,01/05
digital,,Tasha,All This and So Much More,Bayonet Records,11/12/2024,Tiger Bomb,Clean,"2, 4, 5, 9, 10","Contemporary R&B, Soft Rock, Singer-Songwriter","Nilüfer Yanya, Vagabon, Mitski, Kara Jackson",♡♡♡,01/05
digital,,Volunteer Department,Fountainhead,Like You Mean It,11/12/2024,Tiger Bomb,"4, 6","1, 2, 7","Alternative Rock, Post-Punk, Indie Rock","WHY?, Perfume Genius, Son Lux, Porches",♡,01/05
digital,,Trace Mountains,Into the Burning Blue,Lame-O Records,11/12/2024,Tiger Bomb,"1*, 9","1*, 2, 3, 5","Indie Rock, Heartland Rock, Indie Pop, Americana","Hovvdy, Wild Pink, LVL Up, Strand of Oaks, Japanese Breakfast, Future Islands, Lower Dens",♡♡♡,01/05
digital,,villagerrr,Tear Your Heart Out,Darling Recordings,11/12/2024,Tiger Bomb,"3, 6, 11","1, 2, 8, 9, 10","Indie Rock, Alt-Country, Folk Rock, Slacker Rock","Alex G, Hotline TNT, MJ Lenderman, Horse Jumper of Love, Teethe",♡♡♡,01/05
digital,,Nilüfer Yanya,My Method Actor,Ninja Tune,11/12/2024,Co-Sign,"1*, 2*, 9*","2*, 3, 10","Indie Rock, Alt-Country, Folk Rock, Slacker Rock","Mitski, Perfume Genius, Vagabon, Helado Negro, Okay Kaya, Biig Piig, Lava La Rue",♡♡♡♡♡,01/05
digital,,Justice,Neverender Remxies,Ed Banger Records/Because Music,11/12/2024,Co-Sign,Clean,"4, 5","French Electro, Electro House, French House, Nu-Disco, Synthwave, New Rave","Daft Punk, Phoenix, Tame Impala, Jungle, SebastiAn, Braxe & Falcon",♡♡♡♡♡,01/05
digital,,SOPHIE ,SOPHIE ,Transgressive / Future Classic,11/12/2024,Co-Sign,"2, 5*, 8","5*, 10, 15","EDM, Bubblegum Bass, Ambient, Dance-Pop, Techno, Tech House, Electropop, Acid Techno, UK Bass","Charli XCX, Shygirl, Arca, A.G. Cook, Doss, Octa Octa, Grimes",♡♡♡♡♡,01/05
digital,,Adrian Younge & Ali Shaheed Muhammad,Jazz Is Dead 021,JID,11/12/2024,Co-Sign,Clean,"2, 3, 4","Jazz-Funk, Afro-Jazz, Samba-jazz, Bossa nova","The Midnight Hour, Dom Salvador, Ebo Taylor, Tony Allen",♡♡♡♡,01/05
digital,,Jonah Yano,Jonah Yano and The Heavy Loop,Innovative Leisure,11/12/2024,Co-Sign,Clean,"2, 5, 7","Jazz Pop, Neo-Soul, Sophisti-Pop, Bedroom Pop, Singer-Songwriter","BADBADNOTGOOD, Nick Hakim, Mustafa, Charlotte Day Wilson, Tom Misch, King Krule",♡♡♡♡,01/05
digital,,Thee Sacred Souls,Got A Story To Tell,Daptone Records,11/12/2024,Co-Sign,Clean,"1, 3, 5, 8","Smooth Soul, Philly Soul, Psychedelic Soul, Doo-Wop","Lucid Girl, Live for You, Waiting on the Right Time, My Heart Is Drowning",♡♡♡♡♡,01/05
digital,,Laura Marling,Patterns In Repeat,Chrysalis / Partisan Records,11/12/2024,Co-Sign,1*,"1*, 2, 4","Chamber Folk, Singer-Songwriter, Contemporary Folk, Indie Folk","Aldous Harding, Feist, Julia Jacklin, Gillian Welch, Andrew Bird, tomberlin",♡♡♡♡♡,01/05
digital,,Flying Lotus,Spirit Box [EP],Warp Records,11/12/2024,Co-Sign,3*,"2, 3, 8","Nu Jazz, Deep House, Alternative R&B, Neo-Soul, Deep House","Teebs, Thundercat, Madlib, Blood Orange, DJ Shadow, NxWorries Dijon, Ravyn Lenae",♡♡♡♡♡,01/05
digital,,Lunar Noon,A circle's round,Self Released,11/19/2024,terrorbird,Clean,"1, 5, 9, 13","jazz fusion, art pop, jazz pop","julia Holter, Esperanza Spalding, Lollise",♡,01/05
digital,,"Slaps, The",Mudglimmer,Self Released,11/19/2024,terrorbird,10,"1, 2, 6, 10","alt country, singer songwriter","Merce Lemon, Greg Mendez, Mount Eerie, Violent Femmes",♡♡♡♡,01/05
digital,,Youth Large,Honeysuckle [EP],Toadstool,11/19/2024,terrorbird,Clean,"1, 4",ea,"Adrianne Lenker, Maria BC, Florist, Hemlock",♡,01/05
digital,,Spun Out,Dream Noise,Shuga,11/19/2024,shine on,Clean,"1, 2, 3, 5, 6","psych rock, indie rock","dehd, new order, foxygen, deeper",♡♡,01/05
digital,X (NJ),Polaroid Fade,Chaos Into Poetry,Shore Point,11/19/2024,shine on,Clean,"1, 2, 4, 5","jangle pop, indie pop, dream pop","alvvays, slow pulp, camera obscura, the sundays",♡♡,01/05
digital,,Hank Heaven,Loaded Dice,Self Released,11/19/2024,shine on,"1, 3","4, 7, 8","indie pop, twee pop, bedroom pop","frankie cosmos, samia, alex g, soccer mommy, real estate",♡♡♡,01/05
digital,,Father John Misty,Mahashmashana,Sub Pop,11/19/2024,shine on,"2*, 5*","2, 5, 7","singer songwriter, chamber folk, baroque pop","beck, fleet foxes, angel olsen. andrew bird, bright eyes",♡♡♡♡♡,01/05
digital,,Beachwood Sparks,Across The River of Stars,Curation,11/19/2024,Pirate!,clean,"11, 2, 3, 1, 10","Alt-Country, Neo-Pschedelia, Folk Rock","Wilco, Dr. Dog, Deer Tick, Kurt Vile, Camera Obscura, The Apples In Stereo, Islands",♡♡♡,01/05
digital,,Heart to Gold,Free Help,Memory Music,11/19/2024,Pirate!,"1, 5","2, 9, 7, 3, 4","Punk, Indie, Lo-Fi, Pop Punk, Skate Punk","Joyce Manor, PUP, Citizen, Modern Baseball, Hotline TNT, Phony, Remo Drive",♡♡♡,01/05
digital,,Some Days Are Darker,TV-MA,Inferno Choir,11/19/2024,Pirate!,3 (edit),"7, 5, 1, 3","Alternative, Dark Wave, Goth Rock, Post-Punk, Gloomcore","The Cure, Nick Cave, New Order, Interpol, Nine Inch Nails, Chelsea Wolfe",♡♡,01/05
digital,,Underlined Passages,Landfill Indie,Mint 400,11/19/2024,Pirate!,,"2, 3, 4, 1, 8","Alt Pop, Indie Rock, Gen Y","Nada Surf, The Ocean Blue, American Football, Darksoft",♡,01/05
digital,,CROONeR,Kick and Snare (Single),Nice,11/19/2024,The Syndicate,Clean,Single,"Nostaglia Pop, Emo, Indie Pop, Alternative, Indie Rock",,♡,01/05
digital,,Mount Eerie,Night Palace,Self Released,11/19/2024,The Orchard,Clean,"6, 7, 14","avant folk, slacker rock, post rock","Godspeed You! Black Emperor, Geordie Greep, Xiu Xiu, Elias Rønnenfelt",♡♡♡♡,01/05
digital,,AloneKitty,AloneKitty,Minto 400,11/26/2024,Pirate!,Clean,"2, 8, 3, 1","Shoegaze, nowave, post-rock, drone, noise","Deafheaven, Mogwai, DIIV, Nothing, Hum",♡♡,01/05
digital,,Bleachers,"Merry Christmas, Please Don't Call [Single]",Dirty Hit,11/26/2024,Pirate!,Clean,single,"Christmas, Alt Rock, Indie Rock","Grouplove, Matt and Kim, Andrew McMahon in the Wilderness, fun.",♡♡♡♡♡,01/05
digital,,Flat Duo Jets,White Trees [2024 Remaster],Propeller Sound Recordings,11/26/2024,Pirate!,11,"4, 2, 1, 7, 5","Neo-Rockabilly, Garage Rock, Rock and Roll","ack White, The Black Keys, The White Stripes, The Dirtbombs, Elvis Costello, Pokey LaFarge",♡♡♡,01/05
digital,,mercury,Swarm the Hive Mind [Single],Big Loud Rock,11/26/2024,Pirate!,Clean,single,"Punk Pop, Alt Rock, Noisey","Slow Pulp, gglum, Momma, Mannequin Pussy, Beabadoobee",♡♡♡,01/05
digital,,MUGGER,Luck Forever,Quite Panic,11/26/2024,Pirate!,"3, 4, 7, 10, 11, 12 (edits)","6, 2, 8, 4, 12","hardcore, punk, metal","GEL, Scowl, Speed, Zulu, Turnstile, Amyl and The Sniffers",♡♡,01/05
digital,,Wallice,The Jester,Dirty Hit,11/26/2024,Pirate!,"8, 9","12, 6, 5, 2, 4, 13","indie pop, alternative, LA pop","Samia, Beabadoobee, The Greeting Committee, Soccer Mommy, spill tab, Jordana",♡♡♡♡,01/05
digital,,Wilco,Handshake Drugs (11/13/03 Sear Sound-NYC Version) [Single],Nonesuch,11/26/2024,Pirate!,clean,single,"Art Rock, Post-Rock, Americana, Indie Rock","Spoon, Cate Le Bon, Kurt Vile, Iron & Wine, Fruit Bats, Father John Misty, Deer Tick",♡♡♡♡♡,01/05
digital,,Ally Evenson,Blue Super Love,Assemble Sound,11/26/2024,Pirate!,"1, 3, 5, 9","2, 4, 7, 8","Alt Indie, Electronica,  Folk Rock","Veronica Lewis, Season Falls, Rain Recordings, Dollt Valentine",♡♡♡♡,01/05
digital,,Michael Kiwanuka,Small Chnages,Geffen,11/26/2024,Pirate!,Clean,"10, 1, 2, 4","synth, psychedelic, funk, art pop","Leon Briges, Black Pumas, Villagers, Frazey Ford",♡♡♡♡♡,01/05
digital,,Heavy Moss,Dead Slow,p(doom)`,11/26/2024,Shine on,Clean,"4, 6","alt rock, neo psychedelia, jam band","king gizz, GUM, Pond, Pipe Eye, My Morning Jacket",♡♡♡,01/05
digital,,Daryl Johns,Daryl Johns,Mac's Record Label,11/26/2024,Shine on,12,"2, 3, 5","jazz fusion, jazz pop, power pop","Mac Demarco, The Lemon Twigs, Prefab Sprout",♡♡♡,01/05
digital,,Say Lou Lou,Dust,Cosmos,11/26/2024,shine on,Clean,"1, 3, 4, 5","art pop, indie pop, dream pop","Lana Del Rey, Mitski, Weyes Blood, Jenny Lewis",♡♡♡♡,01/05
digital,,Loveseat Pete,Alamo,Self Released,11/26/2024,terrorbird,Clean,"2, 3, 4, 6","surfrock, shoegaze, slacker rock","Car Seat Headrest, Waveform, Armlock, Lvl Up",♡♡,01/05
digital,,malamiko,all pleasant dreams,Self Released,11/26/2024,terrorbird,1*,"1, 4","shoegaze, grunge, indie rock","Another Heaven, Tanukichan, 22º Halo, Hotline TNT",♡,01/05
digital,,Will Paqiun,Infinite Jest [EP],Self Released,12/02/2024,terrorbird,Clean,"1, 2","singer songwriter, midwest emo","Joy Again, The Rare Occasions, Yot Club, Vacations",♡♡♡♡♡,01/05
digital,,Brutus VIII,Pure Gluttony + Gluttony Remixed,Danger Collective,12/02/2024,terrorbird,"1, 5, 6","2, 3, 8","art rock, darkwave, darksynth","Special Interest, The Dare, Model/Actriz, Xiu Xiu",♡♡♡,01/05
digital,,Advance Base,Horrible Occurances,Run for Cover,12/10/2024,terrorbird,clean,"1, 2, 7","indietronica, chamber pop","Casiotone For The Painfully Alone, Duster, MJ Lenderman, Friendship",♡♡♡,03/01
digital,,Kassie Krut,Kassie Krut [EP],Fire Talk,12/10/2024,terrorbird,clean,"1, 2","neo psychedelia, indie pop, noise pop","fantasy of a broken heart, SPIRIT OF THE BEEHIVE, Palm",♡♡♡,03/01
digital,,Lilies on Mars & Stefano Guzzetti,Superlove [Single],Mint 400,12/10/2024,Pirate!,,single,"cosmic pop, dream pop, psychedelic pop, alt","Blonde Redhead, Slowdive, Mazzy Star, Weyes Blood, Dum Dum Girls",♡♡,03/01
digital,,Sky Ferreira,"""Leash"" [single]",A24,12/10/2024,terrorbird,clean,single,"electropop, synthpop, new wave","Caroline Polachek, FKA Twigs, Blood Orange, Chairlift",♡♡♡♡♡,03/01
digital,,Wonk Unit,Good Good Glad To Hear It,Pirate Press Records,12/10/2024,Pirate!,"3, 6, 11 edits","1, 2, 4, 7, edits","Oi!, Punk Rock, Alt Rock","Fontaines DC, Bad Nerves, Grade 2, Big Special, Snuff, The Chats",♡♡♡,03/01
digital,,Frida Kill,Kill! Kill!,Get Better Records,1/9/2024,Terrorbird,3,"11, 12","garage punk, indie rock, garage rock","THICK, GUPPY, Baby Guts, Suzie True",★★★,2/9
digital,,Sufjan Stevens,Javelin,Asthmatic Kitty,1/9/2024,Tiger Bomb,9,"1, 2, 3, 7","Indie Folk, Singer-Songwriter, Chamber Folk, Folktronica","Bon Iver, José Gonzáles, Perfume Genius, Nick Drake, Elliott Smith, Angelo De Augustine",★★★★★,2/9
digital,,Katie Von Schleicher,A Little Touch of Schleicher in the Night,Sipsman,1/9/2024,Tiger Bomb,1,"1, 2, 4, 7","Indie Pop, Singer-Songwriter, Chamber Pop","Harry Nilsson, Sharon van Etten, Ada Lea, Molly Burch, Half Waif, Hannah Cohen, Dwayne ""The Rock"" Johnson",★★★★,2/9
digital,,Sen Morimoto,Diagnosis,City Slang / Sooper,1/9/2024,Tiger Bomb,4*,"1, 2, 4*, 10","Sophisti-Pop, Indie Rock, Indie Pop, Neo-Soul, Bedroom Pop","Panda Bear, Toro Y Moi, black midi, NNAMDÏ, BADBADNOTGOOD, Digable Planets",★★★★★,2/9
digital,,Armand Hammer,We Buy Diabetic Test Strips,Fat Possum,1/9/2024,Planetary,Dirty Except #2! Use Clean Edits for 6* & 8*,"2, 6*, 8*","Experimental Hip Hop, Abstract Hip Hop, East Coast Hip Hop, Drumless, Industrial Hip Hop, Conscious Hip Hop, Cloud Rap, Political Hip Hop, Jazz Rap","billy woods, E L U C I D, El-P, JPEGMAFIA, Earl Sweatshirt, Open Mike Eagle, Pink Siifu",★★★★★,2/9
digital,,Czarface,Czartificial Intelligence,Silver Age/Virgin,1/9/2024,Vitriol,Use Clean Edits!,"1, 2, 4, 6, 10, 12, 13","East Coast Hip Hop, Boom Bap, Abstract Hip Hop, Hardcore Hip Hop","Wu-Tang Clan, MF Doom, Kool Keith, Tribe Called Quest, Run the Jewels",★★★★,2/9
digital,,Danny Brown,Quaranta,Warp,1/9/2024,Cosign,Use Clean Edits!,"2, 5, 6","Conscious Hip Hop, Hardcore Hip Hop, Experimental Hip Hop, Abstract Hip Hop, Trip Hop","Run The Jewels, JPEGMAFIA, Death Grips, Freddie Gibbs, Armand Hammer",★★★★,2/9