CD + digital,LOCAL,ARTIST,ALBUM,Label,ADDED,promoter,FCC Warnings,Rec. Tracks,GENRE,RIYL,Rating/predicted popularity,approx. REMOVE DATE
digital,,Kelcey Ayer,No Sleep / Hand Me Down,Self-Released,1/6,Planetary,11,"2, 3, 4, 9","indie rock, punk rock, garage rock, post-punk revival, britpop","Local Natives, Puma Blue, Day Wave, CASTLEBEAT",♡♡♡,3/6
digital,,The Cribs,Selling a Vibe,Play It Again Sam,1/6,Planetary,2,"3, 5, 10","indie rock, singer-songwriter, moody R&B, electro-gospel, folk, jazz","The Libertines, Bloc Party, The Districts, Naked Giants",♡♡♡♡,3/6
digital,,Jenny on Holiday,Quicksand Heart,Transgressive,1/13,terrorbomb,2*,"1, 2, 3, 6","synthpop, indie pop, pop rock","Let’s Eat Grandma, Kate Bush, U.S. Girls, Japanese Breakfast, Elizabeth Fraser/Cocteau Twins",♡♡♡,3/13
digital,,Sis and the Lower Wisdom,Saints and Aliens,Native Cat,1/13,terrorbomb,clean,"1, 2, 3, 6","singer songwriter, chamber folk","Bedouine, Cassandra Jenkins, Julianna Barwick, Jenny Hval, Cate Le Bon",♡♡,3/13
digital,,This Is Lorelei,Holo Boy,Double Double Whammy,1/13,shine on,clean,"4, 6, 10","indie pop, indie rock, alt country","Water From Your Eyes, Snail Mail, MJ Lenderman, Porches, Alex G",♡♡♡♡,3/13
digital,,Glom,Below,Nettwerk,1/13,planetary,clean,"1, 3, 5, 10","indie rock, shoegaze, alt rock","Wishy, Freak Slug, shower curtain, Truth Club",♡♡♡,3/13
digital,,Cate Le Bon ft. St. Vincent,"""Always The Same"" [single]",Mexican Summer,1/13,planetary,clean,single,"indie rock, art pop, neo-psych, baroque pop, avant pop","Julia Holter, Aldous Harding, Jessica Pratt, Weyes Blood, Nico, DRINKS, White Fence, Gruff Rhys, Woods",♡♡♡♡,3/13
digital,,Juliana Hatfield,Lightning Might Strike,American Laundromat,1/13,planetary,clean,"1, 3, 6","indie rock, alt rock, alt pop","Soccer Mommy, Liz Phair, Courtney Barnett, Angel Olsen, Alex Lahey, Jenny Lewis, Pip Blom, Best Coast",♡♡♡,3/13
digital,,Sleaford Mods,The Demise of Planet X,Rough Trade,1/20,terrorbomb,use edits/censor manually,"1, 3, 4, 5, 6","synth punk, UK hip hop","IDLES, Bob Vylan, The Streets, slowthai",♡♡♡♡,3/20
digital,,Wormy,Shark River,Rose Garden,1/20,terrorbomb,"1, 2, 5, 10, use edits","2, 4, 5, 7","indie pop, alt country, indie folk","Samia, Medium Build, Hudson Freeman, Friendship, Renny Conti",♡♡♡,3/20
digital,,Jill Blutt,An Almond Shaped Moon and Four Things I Wish I Never Knew About Myself [EP],self released,1/20,terrorbomb,clean,all,"chillwave, baggy, neo psychedelia","George Clanton, Caroline Polachek, Sneaker Pimps, Vitesse X, BANKS",♡,3/20
digital,,Westside Cowboy,So Much Country 'Till We Get There,slowplay,1/20,syndicate,clean,"3, 2, 4","indie rock, alt-country, power pop","Dove Ellis, Man/Woman/Chainsaw, This Is Lorelei, Cardinals, Water From Your Eyes",♡♡♡♡,3/20
digital,,Sylvia Black,Shadowtime,self released,1/20,shine on,6,"1, 2, 5, 7","indietronica, art pop, neo psychedelia","Austra, Siouxsie and the Banshees, Kat Von D, TR/ST",♡♡♡,3/20
digital,,Ya Tseen,Stand On My Shoulders,Sub Pop,1/20,shine on,clean,"2, 3, 4, 5, 11","alternative r&b, art pop, experimental hip hop","Tame Impala, Porches, Blood Orange, Disclosure, MGMT",not on streaming,3/20
digital,,Mitski,Where's My Phone? [single],Dead Oceans,1/20,secretly/terrorbomb,clean,single,"noise pop, slacker rock, garage rock","Liz Phair, Pavement, Modest Mouse, Alex G",♡♡♡♡♡,3/20
digital,,Cashier,"""Like I Do"" [single]",Julia's War,1/20,planetary,clean,single,"alt rock, shoegaze, 90s emo, post hardcore, grunge","Wishy, Narrow Head, Joyer, Nothing, Rocket, Whirr, Momma, Hotline TNT",♡♡♡,3/20
digital,,deary,"""Seabird"" [single]",Bella Union,1/20,planetary,clean,single,"Dream Pop, Shoegaze, Ethereal Wave, Noise Pop","The Sundays, Chapterhouse, Cocteau Twins, Lush",♡♡♡,3/20
digital,,Tōth,"""Easy"" [single]",Egghunt Records,1/20,planetary,clean,single,"indie pop, art pop, alternative rock","Rubblebucket, Tune-Yards, Khruangbin, Brazilian Girls, Tennis, Thao Vacationer",♡♡♡♡,3/20
digital,,LMNT 115,Isotope,Quassar,1/20,planetary,clean,"2, 3, 5","electronic, dance-pop, progressive house","Avicii, Tiësto, David Guetta, The Chainsmokers",♡♡♡♡,3/20
digital,,Sassy 009,Dreamer+,[PIAS] Electronique,1/20,planetary,clean,"1, 9, 11","electronic, electronic pop, leftfield pop, techno, house, hyperpop, beatronica","Charli XCX, Let's Eat Grandma, Blood Orange, BEA1991, Yunè Pinku",♡♡♡♡,3/20
digital,,Gigi,Thank You Sam,self released,1/20,planetary,clean,1,"egg punk, punk rock, indie rock, noise pop","Deerhoof, Miki Berenyi Trio, Snõõper, Shampoo, !!!, French Vanilla, Enon",♡,3/20
digital,,Al Green,To Love Somebody,Fat Possum,1/20,planetary,clean,"1, 4","soul, r&b, gospel, pop-soul","Curtis Mayfield, The Isley Brothers, Bill Withers, Isaac Hayes, Smokey Robinson",♡♡♡♡♡,3/20
digital,,Arlo Parks,"""2SIDED"" [single]",Transgressive/[PIAS],1/20,planetary,clean,single,"bedroom pop, indie folk, alt r&b","PinkPantheress, Sofia Kourtesis, Tinashe, Robyn, Jai Paul, Nilüfer Yanya, Jamila Woods, Helena Deland, Raveena, Portishead",♡♡♡♡♡,3/20
digital,,Cavetown,Running With Scissors,Futures,1/20,pirate,"6, 10, 12","2, 11, 4, 8, 3","indie rock, indietronica, bedroom pop","Porter Robinson, underscores, Chloe Moriondo, Dayglow, Hovvdy, Madeon, Passion Pit",♡♡♡♡♡,3/20
digital,,Sunday Mourners,A Rhythm Absolute,Curation,1/20,pirate,clean,"1, 5, 10, 2, 4","punk rock, jangle pop, indie rock","Dry Cleaning, The Bug Club, The Strokes, Horsegirl, Omni, Parquet Courts",♡♡,3/20
digital,,Woolbright,hellbent // heavensent,self released,1/20,pirate,"2, 4, 10","1, 5, 6, 2, 4","indie rock, emo-pop","Pool Kids, Wednesday, Mannequin Pussy, Gladie, Sweet Pill, Weakened Friends",♡♡,3/20
digital,,Lonely Bunker,7 Songs Vol 4,call it off,1/20,pirate,"1, 2, 6","4, 6, 1, 2","chiptune, bitpop, pop punk","Anamanaguchi, Math The Band, Crying, Glass Beach, Blink-182",♡♡,3/20
digital,,Sydney Worthley & TJ Foster,Kindred [EP],Mint 400,1/20,pirate,clean,"1, 2","indie folk, singer-songwriter, chamber pop","Matt Berninger, Florence + The Machine, Owen, Keaton Henson, Phoebe Bridgers",♡,3/20
digital,,Julianna Barwick & Mary Lattimore,Tragic Magic,Infiné,1/20,co-sign,clean,"1, 6, 7","ambient, new age, spiritual jazz","Explosions In The Sky, Jon Hopkins, Laraaji, Flying Lotus, Tim Hecker, Brian Eno, Four Tet, Floating Points, Nils Frahm, Nala Sinephro, Rachika Nayar",♡♡♡♡,3/20
digital,,DRAMA,Platonic Romance,AWAL,1/20,co-sign,clean,"2, 4, 7, 9, 10, 12","electronic, dance-pop, R&B, house","Amber Mark, TSHA, SG Lewis, Gorgon City, Channel Tres, Jungle, TOKiMONSTA, Barry Can't Swim",♡♡♡♡♡,3/20
digital,,Jane Inc.,A RUPTURE A CANYON A BIRTH,Telephone Explosion,1/20,co-sign,clean,"2, 3, 6, 9","electropop, rock, dance-pop","Austra, U.S. Girls, Robyn, Jessie Ware, Kylie Minogue, Girl Ray, Jessy Lanza, Gelli Haha",♡♡,3/20
digital,,Robyn,"""Talk To Me"" b/w ""Sexistential"" [Single]",Young,1/20,co-sign,2,1,"electropop, dance-pop, house","Jessie Ware, Charli xcx, Disclosure, Caroline Polachek, Caribou, Christine and the Queens",♡♡♡♡♡,3/20
digital,,Ski Team,Burnout/Boys,self released,1/27,terrorbomb,11,"2, 3, 4, 7, 8, 9","indie pop, singer songwriter, dream pop","Clairo, Japanese Breakfast, Snail Mail, Flock of Dimes, Slow Pulp",♡♡♡,3/27
digital,,Local Weatherman,Right One [EP],Karol,1/27,terrorbomb,clean,"1, 3, 5","pop punk, emo, indie rock, power pop","Joyce Manor, Wishy, Anxious, Microwave, Glitterer",♡♡,3/27
digital,,James Bruner,The Otherside [EP],Maroon,1/27,syndicate,3,"2, 1, 5","alt rock, indie rock","Velvet Chains, Jason Werkman, Consequence of Energy, Kurt Deimer",♡♡,3/27
digital,,Snail Mail,Dead End [single],Matador,1/27,shine on,use edit,single,"indie rock, jangle pop, alt rock","Soccer Mommy, beabadoobee, Smashing Pumpkins, Alvvays",♡♡♡♡,3/27
digital,,Jo Passed,Away,Youth Riot,1/27,shine on,6,"2, 3, 5","indie rock, dream pop","DIIV, Corridor, Arctic Monkeys, The Bug Club",♡♡,3/27
digital,,La Luz,Extra! Extra! [EP],Sub Pop,1/27,shine on,clean,"1, 2, 4","surf rock, neo psychedelia, indie rock","Shannon & The Clams, Hinds, Stereolab, Chastity Belt, Habibi",♡♡♡♡,3/27
digital,,Post Sex Nachos,Yatta!,Glitterbeat,1/27,planetary,clean,"2, 3, 7","Southeast Asian, psychedelic rock, funk, cosmic disco","Parcels, PJ Harvey, glass beams, Babe Rainbow",♡♡♡♡,3/27
digital,,,Booster Pack [EP],SoundOn,1/27,pirate,clean,"2, 3, 1","indie pop, indie rock","St. Lucia, Winnetka Bowling League, Miami Horror, Dayglow, Magic City Hippies, COIN",♡♡♡♡,3/27
digital,,Timmy Skelly,Meet Me In Nowhere Land [EP],Neon Gold/Futures,1/27,pirate,clean,"5, 3, 1, 4","alt country, singer-songwriter","Mac DeMarco, MJ Lenderman, Cameron Winter, Petey USA, Noah Kahan, Zach Bryan",♡♡♡,3/27
digital,,Samm Henshaw,It Could Be Worse,Dorm Seven / AWAL,1/27,co-sign,clean,"1, 2, 4, 5, 7, 9","R&B, soul, pop-soul","Olivia Dean, Blood Orange, Moonchild, Leon Bridges",♡♡♡♡♡,3/27
digital,,.idk.,Even The Devil Smiles,broke,1/27,co-sign,use edits,"3, 5, 7, 8, 9, 13","rap, boom-bap, hip-hop","Denzel Curry, Vince Staples, EARTHGANG, JID, Ab-Soul",♡♡♡♡♡,3/27
digital,,Jane Remover,♡ [EP],deadAir,1/27,co-sign,use edits,"2, 3, 4","glitch-pop, alt-pop, electronic","underscores, femtanyl, yeule, oklou, Quadeca, Caroline Polachek, Ninajirachi, Frost Children, Model/Actriz",♡♡♡♡♡,3/27
digital,,Various Artists (see RIYL),Naive Melodies,BBE Music,1/27,co-sign,clean,"3, 4, 6, 7, 12, 15, 18",Talking Heads cover album,"Rogê, W.I.T.C.H., Pachyman, Bilal, aja monet, Wu-Lu, Georgia Anne Muldrow, Miguel Atwood-Ferguson",,3/27
digital,,GUV,Warmer Than Gold,Run For Cover,2/3,terrorbomb,clean,"1, 2, 3, 6","power pop, jangle pop, slacker rock","Ride, Happy Mondays, Peel Dream Magazine, GIFT",♡♡♡,4/3
digital,,Silver Liz,III,Extremely Pure,2/3,terrorbomb,clean,"2, 3, 4","dream pop, synthpop, shoegaze","Tamaryn, Lush, Pale Saints, A Sunny Day In Glasgow, Purity Ring",♡♡,4/3
digital,,Michelle Blades,Where To?,Escargot,2/3,terrorbomb,clean,"1, 2, 3, 4","singer-songwriter, indie folk, folk pop","Feist, Aldous Harding, Y La Bamba, Cate Le Bon, La Femme",♡♡♡,4/3
digital,,Triples,Every Good Story [EP],Bleak Enterprise,2/3,terrorbomb,clean,"2, 4","indie rock, singer songwriter, power pop","Soccer Mommy, The Beths, Liz Phair, Frankie Cosmos, PACKS",♡♡,4/3
digital,,Trembler,Total Sorry [EP],Rite Field,2/3,terrorbomb,1,"4, 5","alt rock, shoegaze, slowcore","Hum, Bedhead, Panchiko, Teethe, Greet Death",♡♡♡,4/3
digital,,Lou Oma,Enfold [Single],Self-Released,2/3,syndicate,clean,n/a,"folk, experimental, electronic","Grouper, Weyes Blood, Perfume Genius, Oklou",♡,4/3
digital,,Luisa Wilson,Love & Oxygen [EP],Self-Released,2/3,syndicate,clean,"3, 5","singer-songwriter, r&b, pop, jazz","EVIE, IngaRose, Delaney Renee, Nahima",♡♡♡,4/3
digital,,Blackwater Holylight,Not Here Not Gone,Suicide Squeeze,2/3,shine on,clean,"2, 3, 4","Doomgaze, Heavy psych, dream pop","Chelsea Wolfe, Nothing, Weyes Blood, LA Witch, Windhand",♡♡♡,4/3
digital,,Yumi Zouma,No Love Lost to Kindness,Nettwerk,2/3,planetary,6,"1, 2, 3, 4, 5, 11","bedroom pop, electro-pop, alternative pop","Soccer Mommy, Men I Trust, Shura, Barrie",♡♡♡♡♡,4/3
digital,,Radium Dolls,Wound Up,Self-Released,2/3,planetary,1,"8, 9, 2","pub punk, indie rock, alternative rock","Squid, Black Country, New Road, Dry Cleaning, English Teacher, Porridge Radio",♡♡♡♡,4/3
digital,,Velvet Trip,Glimmers Continued,Self-Released,2/3,planetary,clean,"2, 8, 9, 10","neopsych, psych pop, psych rock","Tame Impala, Thundercat, Ginger Root, MICHELLE, Animal Collective",♡♡♡♡,4/3
digital,,SAMSARA,whatever helps you sleep at night,Self-Released,2/3,planetary,"2, 5","4, 6, 9","alt rock, grunge, shoegaze","Sub*T, Steel Wool, Julie, Cashier",♡♡♡♡,4/3
digital,,Joyce Manor,I Used To Go To This Bar,Epitaph,2/3,pirate,"3, 8","3, 4, 1, 5, 6, 2","pp punk, power pop, emo-pop","Jeff Rosenstock, Title Fight, Militarie Gun, Origami Angel, Pup, Teen Mortgage, The Smiths",♡♡♡♡♡,4/3
digital,,Softcult,When A Flower Doesn't Grow,Easy Life,2/3,pirate,5,"10, 5, 4, 2, 9","shoegaze, dream pop, alternative rock","Momma, Slow Pulp, Wisp, Teenage Wrist, Beabadoobee, Cherry Glazerr, Pom Pom Squad, Glixen, ivri",♡♡♡♡,4/3
digital,,Sébastien Tellier,Kiss The Beast,Because Music,2/3,co-sign,clean,"2, 3, 5, 7, 8, 10","synthpop, french pop, electropop","Daft Punk, L'Impératrice, Metronomy, Chromeo, Hot Chip, Caribou, Braxe & Falcon",♡♡♡♡,4/3
digital,,By Storm,My Ghosts Go Ghost,deadAir,2/3,co-sign,use edits,"1, 3, 4, 6, 8","abstract hip-hop, glitch-hop, folktronica","Death Grips, Slauson Malone, Shabazz Palaces",♡♡♡,4/3
digital,,Lord Jah-Monte Ogbon,As Of Now,Lex Records,2/3,co-sign,use edits,"1, 7, 8, 11, 13, 15, 16","hip-hop, boom-bap, jazz rap","MF DOOM, Danny Brown, $ilkMoney, MAVI, Navy Blue, MIKE, Wiki",♡♡♡,4/3
digital,,"Mandy, Indiana",URGH,Sacred Bones,2/10,terrorbomb,10*,"2, 8, 9","electro-industrial, noise rock, industrial rock","Model/Actriz, Kim Gordon, TR/ST, Sextile, Fcukers, Special Interest, PVA",♡♡♡♡,4/10
digital,,Dirt Buyer,Dirt Buyer III,Bayonet,2/10,terrorbomb,4,"1, 5, 6, 8","indie rock, slacker rock, noise rock","Built To Spill, Horse Jumper of Love, Jawbreaker, Bully, Oso Oso",♡♡♡,4/10
digital,,daphne tunes,Volume D,self released,2/10,terrorbomb,1,"3, 4, 7","indie folk, indie pop, soft rock, indie rock","Whitney, Girls, Sun June, Hovvdy, Jeff Tweedy",♡♡,4/10
digital,,Ellur,At Home In My Mind,Dance To The Radio,2/10,shine on,clean,"2, 4, 6","indie rock, singer songwriter, art pop","Alvvays, Sharon Van Etten, Sam Fender, Angie McMahon, Theo Bleak",♡♡♡♡,4/10
digital,,Dream Nails,You Wish,Marshall,2/10,shine on,clean,"2, 3, 6, 7","alt rock, punk, riot grrrl, indie rock","Die Spitz, Snooper, Fake Fruit, Bully, Soccer Mommy, Being Dead",♡♡♡,4/10
digital,,Ratboys,Singin' to an Empty Chair,New West,2/10,pirate,"8, 10","4, 7, 9, 2, 5, 6","indie rock, alt-country, power pop","Wednesday, Wye Oak, Hop Along, Soccer Mommy, Waxahatchee",♡♡♡♡,4/10
digital,,Maya Salafia,Girl Like Her,self released,2/10,pirate,5,"1, 4, 2, 9, 5","indie rock, indie pop","Sydney Sprague, Beach Bunny, Lizzy McAlpine, Sarah Kinsley, Annie DiRusso",♡,4/10
digital,,Dj Billybool,DYR Part 2,Bank of Star,2/10,n/a,"6, 8, 11","4, 2, 6, 1","dance, electronic, experimental, eurodance, eurotrance","Drain Gang, Varg²™, Eurohead, Bladee, Ecco2k, Yaeji",♡♡♡,4/10
digital,,"Holy Fuck (SAY ""HOLY EFF"" ON AIR)","""Elevate"" [Single]",Satellite Services,2/10,co-sign,clean,"1, 2","indietronica, electronic, post-rock","Caribou, LCD Soundsystem, Battles, Horse Lords, Rattan, Tortoise, Public Service Broadcasting, Jon Hopkins, Metric",♡♡♡♡,4/10
digital,,Bellaire,"""Pure Love (feat. Barbara Tucker"" [Single]",Le Plan,2/10,co-sign,clean,single,"house, dance, electronic","Jayda G, L'Imperatrice, Braxe + Falcon, Daft Punk",♡♡♡♡,4/10
digital,,ford.,"""New Groups Forming"" [Single]",ecke,2/10,co-sign,clean,single,"downtempo, electronic, indie","Caribou, Maribou State, Tame Impala, Quickly Quickly",♡♡♡♡,4/10
digital,,Lance Ferguson,"Rare Groove Spectrum Vol. 3 + ""Cold Bear"" [Single]",Tru Thoughts,2/10,co-sign,clean,"1, 2, 6, 8 + ""Cold Bear"" single","funk, soul, jazz","The Bamboos, Flevans, Joseph Malik, Mr President, Smoove & Turrell",♡♡♡,4/10
digital,,"Antonio Carlos & Jocafi, Adrian Younge & Ali Shaheed Muhammad","""Tá Com Medo Por Quê?"" [Single]",Jazz Is Dead,2/10,co-sign,clean,single,"jazz, MPB, funk","Marcos Valle, Azymuth, Joyce Moreno, Dom Salvador, Ebo Taylor, Gilberto Gil, Caetano Veloso, Chico Buarque",♡♡♡♡,4/10
digital,,Ritt Momney,"""GUNNA"" [Single]",self released,2/10,co-sign,clean,single,"indie, folk, countrygaze","Geese, Alex G, Youth Lagoon",♡♡♡♡♡,4/10
digital,,Witch Post,"""Worry Angel"" [Single]",Partisan Records,2/10,co-sign,clean,single,"indie, rock, folk","Wednesday, Ratboys, Girlpool, @",♡♡♡,4/10
digital,X,The Bret Tobias Set,Tuneless Blues [EP],self released,2/10,pirate,"1, 2, 5","2, 4, 3","power pop, alternative rock","Teenage Fanclub, The Feelies, MJ Lenderman, The Tisburys, Wilco",♡,6/10
digital,,LAPêCHE,Autotelic,Tiny Engines,2/17,terrorbomb,clean,"1, 2, 3, 4","indie rock, indie pop","Hop Along, Sløtface, Speedy Ortiz, Chastity Belt, Cherry Glazerr",♡♡,4/17
digital,,Planet Bones,SAMSARA,incurable,2/17,terrorbomb,clean,"2, 4, 5, 7","experimental electronic, noise, drone, ","Grouper, Julianna Barwick, Swans, Lingua Ignota, Ana Roxanne",♡,4/17
digital,,Katzin,Buckaroo,Mexican Summer,2/17,syndicate,9,"3, 1, 9","alternative rock, indie pop","Tiberius, Status/Non-Status, Aunt Katrina, Accessory, Laika Songs",♡♡,4/17
digital,,Agnes Uncaged,Cyanotype,self released,2/17,syndicate,1,"6, 1, 9","indie pop, indie rock, bedroom pop","Sick Day, Irresponsible Purchase, Birthday Girl DC, Dining Dead",♡♡,4/17
digital,,Sarah Kinsley ,Fleeting [EP],Verve,2/17,shine on,clean,"1, 2, 5","Synthpop, chamber pop, alt pop","Sky Ferreira, Robyn, Chappell Roan, Japanese Breakfast, Lorde",♡♡♡♡,4/17
digital,,Charlotte Day Wilson,Patchwork,Stone Woman Music/XL,2/17,planetary,5*,"1, 5, 2, 4","contemporary R&B, soul, indie pop","Kaytranada, BADBADNOTGOOD, Cleo Sol, Nilufer Yanya, Fabiana Paladino",♡♡♡♡♡,4/17
digital,,Angel Du$t,COLD 2 THE TOUCH,Run For Cover,2/17,pirate,clean,"1, 2, 3, 11, 7","alternative rock, post-hardcore, hardcore punk","Citizen, Turnstile, Fiddlehead, Title Fight, Dazy, Scowl, Weird Nightmare, Militarie Gun",♡♡♡♡,4/17
digital,,Edgehill,Ode to the Greyhouse,Severance/Big Loud Rock,2/17,pirate,"5, 7, 8","1, 2, 4, 5, 7","indie rock, power pop","Sarah and The Sundays, Arcy Drive, Del Water Gap, Sam Fender, Cage The Elephant, Inhaler, Circa Waves, The Vaccines",♡♡♡♡,4/17
digital,,Converge,Love Is Not Enough,Epitaph,2/17,pirate,clean,"1, 10, 2, 6, 3","metalcore, mathcore, sludge metal","Cave In, Botch, Deafheaven, Refused, The Dillinger Escape Plan, Nails",♡♡♡♡,4/17
digital,,Danny L Harle,Cerulean,XL,2/17,co-sign,use edits,"2, 3, 5, 10, 11","vocal trance, dance-pop, hyperpop","oklou, Caroline Polacheck, Charli XCX, PC Music",♡♡♡♡♡,4/17
digital,,Mariachi El Bronx,Mariachi El Bronx IV,ATO,2/17,co-sign,clean,"1, 2, 3, 8","mariachi, latin alternative","Cuco, Gogol Bordello, LA LOM, The Bronx, Calexico",♡♡♡,4/17
digital,,Sotomayor,WABI SABI,Wonderwheel,2/17,co-sign,clean,"2, 3, 5, 6, 9","cumbia, latin electronic, reggaetón","Bomba Estereo, Calle 13, Manu Chao, Lido Pimienta, Meridian Brothers, Malphino, Dengue Dengue Dengue",♡♡♡♡,4/17
digital,,The Olympians,In Search of a Revival,Daptone,2/17,co-sign,clean,"2, 4, 5, 12","funk, soul, jazz-funk","Menahan Street Band, Khruangbin, Tommy Guerrero, Surprise Chef, Thee Sacred Souls, Budos Band, L’Eclair",♡♡♡♡,4/17
digital,X,Remember Sports,The Refrigerator,Get Better,2/17,terrorbomb,7,"1, 2, 8, 12","indie rock, pop punk, power pop","Charly Bliss, Palehound, The Beths, Diet Cig, Radiator Hospital",♡♡♡♡,6/17
digital,,Honey I'm Home,Pretty [EP],self released,2/24,shine on,clean,"2, 4, 5","indie rock, dream pop, slacker rock","Slow Pulp, Hotline TNT, Alvvays, she's green, Melody's Echo Chamber",♡♡♡,4/24
digital,,New Candys,The Uncanny Extravaganza,Fuzz Club,2/24,shine on,clean,"1, 2, 4, 6, 8","noise rock, shoegaze, noise pop","my bloody valentine, A Place to Bury Strangers, DIIV",♡♡♡,4/24
digital,,Iron and Wine,Hen's Teeth,Sub Pop,2/24,shine on,clean,"1, 3, 5, 8","indie folk, singer songwriter, americana","Andrew Bird, Conor Oberst, Bright Eyes, Big Thief, Sufjan Stevens",♡♡♡♡♡,4/24
digital,,Mirah,Dedication,Double Double Whammy,2/24,terrorbomb,6*,"1, 2, 4, 6","singer songwriter, indie pop, indie folk","Adrianne Lenker, Aldous Harding, Thao Nguyen, Angel Olsen, Jessica Lea Mayfield",♡♡♡♡,4/24
digital,,Lucid Express,Instant Comfort,Kanine,2/24,terrorbomb,clean,"1, 3, 4, 7","dream pop, shoegaze","Slowdive, Pinkshinyultrablast, DIIV, Alison’s Halo, Lush",♡♡♡,4/24
digital,,The Messthetics and James Brandon Lewis,Deface The Currency,Impulse!,2/24,terrorbomb,clean,"1, 2, 4","jazz rock, avant garde jazz, art punk","Fugazi, The Comet is Coming, Nels Cline, Sonny Sharrock, Tortoise",♡♡♡,4/24
digital,,Ken Park,Ken Park [EP],TODO,2/24,terrorbomb,clean,"2, 5, 6","noise pop, shoegaze, dream pop","Alex G, My Bloody Valentine, Elvis Depressedly, all under heaven, Blue Smiley",♡♡♡,4/24
digital,,Nina Garbus,Secrets of the Fifth Angel,Candlepin,2/24,terrorbomb,clean,"1, 5, 9, 10, 16","art rock, neo-psychedelia, noise pop","Stereolab, Spirit of the Beehive, Palm, Crack Cloud, Crumb, Water From Your Eyes",♡,4/24
digital,,Ms* Gloom,J is for Joon,BingBong95!,2/24,terrorbomb,"9, 11, 15","2, 4, 5, 6, 8, 13","electropop, dancepop, indietronica","True Blue, Cowgirl Clue, Neggy Gemmy, Sassy 009, Snow Strippers",♡♡♡♡,4/24
digital,,tofusmell,Dreams I've Had [Single],All My Time,2/24,syndicate,clean,n/a,"indie folk, singer songwriter","Fairhazel, Wild Hunt, Laney Tripp, Axel & Lolo, ash tuesday, Kylie V",♡♡♡,4/24
digital,,Voxtrot,Dreamers in Exile,self released,2/24,syndicate,"6, 10","4, 2, 1, 8","indie pop, indie rock, jangle pop","Born Ruffians, Coconut Records, The Morning Benders, islands",♡♡♡♡,4/24
digital,,Sports,Sports,ONErpm,2/24,pirate,clean,"5, 9, 3, 2, 8","chillwave, synthpop, indie pop, synth funk","Jungle, Tame Impala, MGMT, Gus Dapperton, Parcels, Dayglow",♡♡♡♡♡,4/24
digital,,Shane Weisman,Better Luck Tomorrow,Too Fine,2/24,pirate,"1, 3, 9, 10","2, 4, 11, 3","country, singer-songwriter, country rock","Zach Bryan, Band of Horses, Noah Kahan, Yukon Blonde, Wells Ferrari, The Lumineers",♡♡,4/24
digital,,Javier Jara,Our Rhythms Our Voices,self released,2/24,pirate,clean,"1, 5, 2, 6, 10, 3","latin alternative, singer-songwriter, indie folk, chamber pop","Andrew Bird, Adrian Quesada, Silvana Estrada, Calexico, Rodrigo Amarante, Mon Laferte",♡,4/24
digital,,Fiona Fiasco,"Blue Rider, Blue Faced [EP]",self released,3/3,shine on,clean,"2, 3, 5","singer-songwriter, indie folk","Alice Phoebe Lou, Big Thief, Jessica Pratt, Weyes Blood",♡♡♡,5/3
digital,,Debbie Sings,Oh My [EP],The Big Oil Recording Company,3/3,shine on,use edits,"2, 6","house, dance pop, hyperpop","Sofi Tukker, Peaches, Caroline Polachek, Charli xcx, 100 Gecs",♡♡♡,5/3
digital,,Julianna Zachariou,Dreamer Dreamer,self released,3/3,shine on,5,"2, 3, 4, 8","singer-songwriter, indie folk, indie pop","Julia Jacklin, Jessica Pratt, Laura Marling, Madison Cunningham",♡♡♡,5/3
digital,,Dead Dads Club,Dead Dads Club,Fiction,3/3,shine on,clean,"1, 2, 7, 8","indie rock, alt rock, pop rock","Arctic Monkeys, Muse, Pulp, early Tame Impala, Fontaines DC",♡♡♡,5/3
digital,,Lala Lala,Heaven 2,Sub Pop,3/3,shine on,2*,"1, 2, 3, 6, 8","indie pop, bedroom pop, indie rock","Jockstrap, Jay Som, Soccer Mommy, Ian Sweet, Dehd, yeule",♡♡♡♡,5/3
digital,,Mitski,Nothing's About To Happen To Me,Dead Oceans,3/3,terrorbomb,5*,"2, 4, 7","singer songwriter, chamber pop, americana","Sharon Van Etten, Cat Power, St. Vincent, PJ Harvey, Snail Mail",♡♡♡♡♡,5/3
digital,,cootie catcher,Something We All Got,Carpark,3/3,terrorbomb,clean,"3, 7, 10, 11, 14","indie pop, indie rock, indietronica","The Pains of Being Pure at Heart, Heavenly, Kitty Craft, Talulah Gosh, Dear Nora, 22° Halo",♡♡♡,5/3
digital,,Crooked Fingers ,Swet Deth,Merge,3/3,terrorbomb,clean,"1, 2, 4, 6","indie rock, slowcore, contemporary folk","Archers Of Loaf, Superchunk, Sparklehorse, The Wrens, Lambchop",♡♡♡,5/3
digital,,Maria BC,Marathon,Sacred Bones,3/3,terrorbomb,clean,"1, 5, 10","singer-songwriter, indie folk, avant-folk","Marissa Nadler, Grouper, Maria Somerville, Midwife, Chelsea Wolfe",♡♡♡,5/3
digital,,deathcrash,Somersaults,untitled,3/3,terrorbomb,"2, 4*","1, 4, 8, 9","slowcore, post-rock, emo","Horse Jumper of Love, Duster, Bedhead, Low, Teethe",♡♡♡,5/3
digital,,Grace Inspace,Heavy Hair [EP],TODO,3/3,terrorbomb,clean,"1, 2, 3, 4, 5","indie pop, singer songwriter, dream pop","Alice Phoebe Lou, Billie Marten, Freak Slug, Abby Sage, Hannah Jadagu",♡♡♡,5/3
digital,,Peaches,"No Lube, So Rude",Kill Rock Stars,3/3,co-sign,use edits (and best judgement),"3, 4, 5, 7, 8, 11","electroclash, synth punk, art pop","Fischerspooner, Uffie, Ladytron, Goldfrapp, Yeah Yeah Yeahs, Shygirl",♡♡♡♡,5/3
digital,,Altin Gün,Garip,ATO,3/3,co-sign,clean,"1, 3, 8","psych-rock, anatolian rock","Kit Sebastian, Yin Yin, Vanishing Twin, L'Eclair, Los Bitchos, Rupa, Gaye Su Akyol, Rogér Fakhr, Lalalar",♡♡♡♡,5/3
digital,,Apparat,A Hum of Maybe,Mute,3/3,co-sign,clean,"1, 4, 5, 6","electronic, art pop, indietronica","Moderat, Jon Hopkins, The xx, Bonobo, Darkside, Four Tet",♡♡♡♡,5/3
digital,,spill tab,AngieAngieAngie,Because Music,3/3,co-sign,clean,"1, 3, 4","indie rock, noise rock, indie pop","Magdalena Bay, ill peach, Samia, Sales, Remi Wolf, Sir Babygirl, Goth Babe",♡♡♡♡,5/3
digital,,L'Eclair,Lagniappe Session [EP],Innovative Leisure,3/3,co-sign,clean,"1, 2, 3","nu jazz, psych-rock, alt-jazz","The Mauskovic Dance Band, Ibibio Sound Machine, Automatic, Yin Yin, Keleketla!, Bolis Pupul",♡♡♡♡,5/3
digital,,GENA,The Pleasure Is Yours,Lex Records,3/3,co-sign,"7, 14. otherwise, use edits","8, 10, 11, 13","alt-R&B, psych-soul, neo-soul","Yaya Bey, Baby Rose, duendita, Oriun Sun, ENNY, keiyaA, Georgia Anne Muldrow",♡♡♡♡,5/3
digital,,Ritt Momney,BASE,Self-released,3/3,co-sign,4,"5, 6, 8, 10","indietronica, bedroom rock, lo-fi","Geese, Alex G, Bon Iver, Mk.gee, Blood Orange, Oklou, Dijon, Mitski, Youth Lagoon, Hovvdy",♡♡♡♡♡,5/3
digital,,LB aka LABAT,Feel So Good Around You,Because Music,3/3,co-sign,use edits,"1, 4, 8, 9, 11","tech house, electronic, electro-pop","Charli XCX, Ninajarachi, Debby Friday, Frost Children, LSDXOXO, Yaeji, FKA Twigs, Arca, UNiiQU3",♡♡♡♡,5/3
digital,,Julianna Riolino,Echo In The Dust,Moonwhistle,3/3,co-sign,clean,"1, 12, 14","country rock, alt-country, americana","Georgia Harmer, The Talking Heads, Bells Larson, Waxahatchee",♡♡♡,5/3
digital,,Tōth,And The Voice Said,Egghunt/Northern Spy,3/3,planetary,7,"1, 4, 9, 3","indie-pop, indie-rock, alt pop, alt rock","Rubblebucket, Tune-Yards, Khruangbin, Brazilian Girls, Tennis, Thao, Vacationer",♡♡♡♡,5/3
digital,,Swapmeet,"""I Know!"" [single]",Winspear,3/3,planetary,clean,single,"indie rock, slacker rock, grunge","Wet Leg, Elastica, Mannequin Pussy, Slow Pulp, Momma",♡♡♡,5/3
digital,,Inner Wave,SEE YOU WHEN I GET BACK,Nettwerk,3/3,planetary,6,"1, 3, 4","indie-pop, psychedelic rock, synthwave","The Sea and Cake, Neon Indian, Crumb, Sea of Lettuce, Mustard Service",♡♡♡♡,5/3
digital,,Gorillaz,The Mountain,Kong,3/3,syndicate,"8, 15","2, 3, 6, 10, 11, 12","art pop, neo-psychedelia, synthpop, trip hop","De La Soul, Bootie Brown, Roses Gabor, Tame Impala, Daft Punk",♡♡♡♡♡,5/3
digital,,Buck Meek,The Mirror,4AD,3/3,pirate,clean,"4, 3, 1, 7, 10","singer-songwriter, alt-country, indie folk","Big Thief, MJ Lenderman, Greg Freeman, Andy Shauf, Sufjan Stevens, Fruit Bats, Fleet Foxes",♡♡♡♡,5/3
digital,,Leisure Hour,...and to think,Counter Intuitive,3/3,pirate,"1, 6, 7, 11","2, 3, 4, 5,10","pop punk, emo-pop, power pop","The Front Bottoms, Gladie, Pool Kids, Tigers Jaw, Summerbruise, Sweet Pill, Joyce Manor",♡♡♡,5/3
digital,,Hunki Dori,Ciclo,Mint 400,3/3,pirate,clean,"3, 2, 1, 6","progressive electronic, ambient, new age","Nils Frahm, Max Richter, Jóhann Jóhannsson, Hammock, Ólafur Arnalds, Bing & Ruth",♡,5/3
digital,X,Nothing,a short history of decay,Run For Cover,3/3,pirate,clean,"1, 6, 2, 4, 9","shoegaze, dream pop, post-grunge, indie rock","DIIV, Narrow Head, Whirr, Superheaven, Fleshwater, Swervedriver, Greet Death",♡♡♡♡,7/3
digital,,Evann McIntosh,Fantasy Fuel,DVLPMNT,3/10,shine on,clean,"1, 2, 3, 6, 7","R&B, indie pop","Tegan and Sara, Sade, Alice Phoebe Lou, Laura Marling, Hannah Jadagu",♡♡♡,5/10
digital,,Hater,Mosquito ,Fire,3/10,shine on,"1, 4, 8","2, 3, 9, 10","indie pop, indie rock","Alvvays, Melody's Echo Chamber, Camera Obscura, The Radio Dept",♡♡♡,5/10
digital,,Zoumer,e.a.l. (euro arab lovergirl),The Big Oil Recording Company,3/10,shine on,clean,"3, 5, 11, 12","electronic, indietronica, indie pop","yeule, Magdalena Bay, Samia, SOPHIE, Kelly Lee Owens",♡♡♡,5/10
digital,,Elly Kace,The Seventh Gate,self released,3/10,shine on,clean,"1, 3, 6, 7, 8","baroque pop, contemporary folk","Bat for Lashes, Cassandra Jenkins, Fiona Apple, Feist",♡♡,5/10
digital,,waterbaby,Memory Be A Blade,Sub Pop,3/10,shine on,clean,"2, 3, 4, 7, 8","bedroom pop, chamber pop, art pop","Little Simz, SZA, FKA Twigs, Okay Kaya, Clairo",♡♡♡♡♡,5/10
digital,,Ages and Ages,Fine Thanks and You,Needle and Thread,3/10,terrorbomb,clean,"3, 5, 9","indie pop, synthpop, dream pop","TOPS, Parcels, Poolside, Tennis, San Fermin",♡♡♡,5/10
digital,,Natalie Jane Hill,Hopeful Woman,Dear Life,3/10,terrorbomb,clean,"2, 3, 4, 10","indie folk, singer songwriter, chamber pop","The Weather Station, Karen Dalton, Angel Olsen, Hope Sandoval, Anna St. Louis",♡♡♡,5/10
digital,,Surfbort,Reality Star,TODO,3/10,terrorbomb,"1*, 5, 7, 8, 9, 14*, ""bitch"" on 3 & 10","1, 3, 14","garage punk, heavy","Amyl and the Sniffers, Viagra Boys, Niis, Wimps, Upchuck",♡♡♡,5/10
digital,,EXEK,Prove The Mountain Move,DFA,3/10,terrorbomb,"4, 5, 6","1, 2, 3","post punk, neo psychedelia, art rock","Broadcast, Public Image Ltd., Tubeway Army, Spiritualized, TV On The Radio",♡♡♡,5/10
digital,,Flying Lotus,BIG MAMA [EP],Brainfeeder,3/10,co-sign,clean,"2, 4, 5","glitch hop, ambient, chiptune, mid","Floating Points, Kelly Lee Owens, Oneohtrix Point Never, Kaitlyn Aurelia Smith, Jlin",♡♡♡♡♡,5/10
digital,,Dagmar Zuniga,in filth your mystery is kingdom / far smile peasant in yellow music,AD93,3/10,co-sign,clean,"1, 2, 4, 10, 13","psych-folk, freak folk, ambient","Jessica Pratt, Cindy Lee, The Microphones, Nite Jewel, Mount Eerie, Bedouine",♡♡♡,5/10
digital,,Shabaka,Of The Earth,Shabaka Records,3/10,co-sign,clean,"1, 4, 6, 8, 12","spiritual jazz, electronic, ambient","Nala Sinephro, Nubya Garcia, Carlos Niño, Floating Points & Pharoah Sanders",♡♡♡♡,5/10
digital,,Various Artists (curated by Barry Can't Swim),Barry Can't Swim Late Night Tales,Late Night Tales,3/10,co-sign,clean,"9, 14, 19","house, electronic, indietronica","HAAi, The xx, Bonobo, Little Dragon, Apparat, Caribou",♡♡♡♡♡,5/10
digital,x,Full Body 2,"""turn so slow"" [single]",Self-released,3/10,co-sign,clean,single,"shoegaze, noise-pop, neo-psych","My Bloody Valentine, Sweet Trip, George Clanton, Panchiko, They Are Gutting A Body of Water, Feeble Little Horse",♡♡♡,5/10
digital,,villagerrr,"""Locket"" [single]",Winspear,3/10,planetary,dirty (clean edit available),single,"alt-country, folk, and slacker rock","Teethe, Joyer, Dutch Interior, Merce Lemon, Wednesday",♡♡♡♡,5/10
digital,,Lucky,"""Biting Heels"" [single]",Community Music / Unified Music Group,3/10,planetary,clean,single,"bubblegrunge, indie-pop, indie rock","Winter, Soccer Mommy, Momma, Wishy, beabadoobee",♡♡♡,5/10
digital,,Dutch Interior,It's Glass [EP],Fat Possum,3/10,planetary,2,"1, 4","freak americana, alt country-rock, lo-fi indie, slowcore","MJ Lenderman, Frog, Greg Freeman, Touching Ice, Friendship",♡♡♡♡,5/10
digital,,Various Artists,HELP (2),War Child,3/10,planetary,"12, 15","1, 2, 4, 8, 9, 12",indie-oriented; **BENEFITS CHILDREN LIVING THROUGH WAR,"Featuring: Arctic Monkeys, Cameron Winter, Depeche Mode, Wet Leg, and more!",♡♡♡♡♡,5/10
digital,,Tinlicker,Dreams of the Machine,[PIAS] Electronique,3/10,planetary,clean,"6, 2, 5","progressive house, deep house, and melodic house/techno","LP Giobbi, Kaskade, Teen Daze, CRi, Editors, Circa Waves",♡♡♡♡♡,5/10
digital,,Lou Oma,Enfold,self released,3/10,syndicate,clean,"3, 6, 10","folk, electronic, experimental, indie","Annie Leeth, Blue Cola, Dudley Benson, Teton, Wallgrin",♡,5/10
digital,,Bedelia,"Never change, love you always",self released,3/10,syndicate,clean,"3, 1","dream pop, indie pop, shoegaze","PONY, MX LONELY, Silver Liz, After Louise",♡♡♡,5/10
digital,,Solya,Queen of Texas,Version III,3/10,pirate,clean,"10, 4, 5, 2, 6","dream pop, alt-country, singer-songwriter, chamber pop","Lana Del Rey, Suki Waterhouse, Esha Tewari, ivri, she's green, Mitski, Laufey, Samia",♡♡♡♡,5/10
digital,,Endearments,An Always Open Door,Trash Casual,3/10,pirate,clean,"3, 1, 2, 6, 8","dream pop, indie rock","The Pains of Being Pure at Heart, Wild Nothing, Japandroids, Real Estate, The Joy Formidable, Silversun Pickups, Nada Surf",♡♡,5/10
digital,,Bermuda Search Party,SiDETRACK'D,Nettwerk,3/10,pirate,6,"2, 3, 4, 7","indie pop, power pop, indie rock","Ripe, Moon Taxi, Bad Suns, MisterWives, Juice, The Greeting Committee",♡♡♡,5/10
digital,,Morgan Nagler,"I've Got Nothing To Lose, And I'm Losing It",Little Operation,3/17,shine on,2,"1, 3, 6, 11","singer-songwriter, indie rock, indie folk","Courtney Barnett, J Mascis, Angel Olsen, Kurt Vile, King Tuff",♡♡♡,5/17
digital,,Quarters,I Hope This Isn't The End of the World,Sparta/WMG,3/17,shine on,clean,"4, 6, 8, 10","alt rock, indie rock, surf rock","new Turnstile, flipturn, Incubus, Peach Pit, Taking Back Sunday",♡♡♡♡,5/17
digital,,Bonnie Prince Billy,We Are Together Again,No Quarter,3/17,shine on,clean,"2, 4, 7","americana, chamber folk, singer songwriter","Andrew Bird, Iron & Wine, Angel Olsen, Kurt Vile, Jeff Tweedy",♡♡♡♡,5/17
digital,,untitled freak,7 Circles [EP],Pleasure Tapes,3/17,terrorbomb,clean,all,"slowcore, indie rock","Laveda, Teethe, Grouper, Sonic Youth, sign crushes motorist",♡,5/17
digital,,"Sophs, The",GOLDSTAR,Rough Trade,3/17,terrorbomb,use edits,"2, 4, 6, 7, 10","indie rock, surf rock","The Strokes, Inhaler, Weezer, Hippo Campus, Cardinals",♡♡♡,5/17
digital,,Sella,Well I Mean,Bar/None,3/17,terrorbomb,"3*, 7*","1, 2, 7","singer songwriter, emo","The Front Bottoms, Slaughter Beach Dog, Modern Baseball",♡♡♡,5/17
digital,,The Notwist,News from Planet Zombie,Morr Music,3/17,terrorbomb,clean,"2, 9, 10","indie rock, indie pop, indietronica","Belle and Sebastian, Broken Social Scene, múm, Lali Puna, 13 & God",♡♡♡♡,5/17
digital,,Ora Cogan,Hard Hearted Woman,Sacred Bones,3/17,terrorbomb,clean,"1, 2, 3","singer songwriter, contemporary folk","Cornelia Murr, Lael Neale, Hannah Cohen, Julee Cruise, Helena Deland",♡♡♡♡,5/17
digital,,Brigette Calls Me Baby,Irreversible,ATO,3/17,syndicate,clean,"2, 7, 8","indie rock, jangle pop, post-punk revival, new wave","Cardinals, The Sophs, Dead Dads Club, Friko, DEADLETTER",♡♡♡♡,5/17
digital,,Anjimile,You're Free to Go,4AD,3/17,pirate,"6, 9","2, 3, 4, 5, 7, 11","singer-songwriter, indie folk, art pop, chamber folk","Vagabon, Uwade, Flock of Dimes, Joy Oladokun, Lucy Dacus, Shamir",♡♡♡,5/17
digital,,The Band Solstice,The Band Solstice,Too Fine,3/17,pirate,clean,"7, 2, 4, 1, 8, 6","indie rock, garage rock, pop rock","Mt. Joy, Illiterate Light, Lord Huron, Whitehall, flipturn, New Translations, Delta Spirit",♡♡♡♡,5/17
digital,,Shop Talk,Shop Talk,One Track Mind / Revolver USA,3/17,pirate,clean,"5, 1, 2, 4, 7",punk rock,"Ty Segall, Plague Vendor, Jon Spencer, Black Lips, Mean Jeans, Osees",♡,5/17
digital,,Tiger Really,mayfly daydream,Counter Intuitive,3/17,pirate,clean,"3, 5, 2, 8","midwest emo, indie rock","Macseal, Algernon Cadwallader, Field Medic, American Football, Oso Oso, Greg Mendez, Advance Base",♡♡♡,5/17
digital,,underexposed,lean in close,self released,3/17,pirate,clean,"3, 2, 7, 10, 1","singer-songwriter, chamber folk, indie pop","Fleet Foxes, Hudson Freeman, Joe P, Bon Iver, Angelo De Augustine, Fruit Bats",♡,5/17
digital,,Kim Gordon,PLAY ME,Matador,3/17,shine on,9,"1, 5, 6, 12","trap, experimental hip-hop, industrial hip hop","Sonic Youth, Dry Cleaning, Jockstrap, Kim Deal, Body Meat",♡♡♡♡,5/17
digital,x,Sweet Pill,Still There's a Glow,Hopeless,3/17,pirate,clean,"1, 5, 13, 4, 6, 2","midwest emo, emo pop, pop punk","Pool Kids, Tigers Jaw, Oso Oso, Into It. Over It., Paramore, Home Is Where, Origami Angel",♡♡♡♡,7/17
digital,,Anna Calvi,Is This All There Is? [EP],Domino,3/24,shine on,clean,"1, 2, 4","art rock, singer songwriter, art pop","PJ Harvey, Nick Cave, Suicide, Savages, Interpol, Marissa Nadler",♡♡♡♡,5/24
digital,,Damaged Bug,ZUZAX,Deathgod,3/24,shine on,"1, 2, 3",8,"krautrock, synth punk, neo psychedelia","The Garden, Ought, Of Montreal, The Flaming Lips, Iceage",♡♡♡,5/24
digital,,Footballhead,Weight of The Truth,Tiny Engines,3/24,terrorbomb,11,"2, 3, 4, 5, 7","alt rock, emo pop, butt rock","Anxious, Superheaven, Neck Deep, Chevelle, Hum",♡♡♡♡,5/24
digital,,Otracami,Runoff,Figure & Ground,3/24,terrorbomb,6,"1, 2, 9, 10","indie pop, indie rock, bedroom pop","Nilüfer Yanya, Allegra Krieger, Tasha, Annahstasia, Sufjan Stevens",♡♡,5/24
digital,,Red PK,Horse Like Me,Storm Chasers,3/24,terrorbomb,clean,"1, 2, 3, 4, 5, 8","alt country, singer songwriter, folk rock","Ratboys, Free Range, Lomelda, hemlock, Field Medic",♡♡,5/24
digital,,Luke Norton,Resevoir,Halloween on Raspberry Hill,3/24,terrorbomb,clean,"1, 2, 6","singer songwriter, indie folk, alt country","Angelo De Augustine, Colin Miller, Sluice, Greg Mendez, 22° Halo",♡,5/24
digital,,Evil Twin,Upside Down We're Flying,self released,3/24,syndicate,"2, 9","3, 1, 8","indie rock, psychedelic","MYLO BYBEE, Tyle Beans, Thornbraver, Paul's Ribs, Obit 17",♡,5/24
digital,,Girl Group,Little Sticky Pictures [EP],slowplay,3/24,syndicate,"2, 5","3, 2, 6 5","pop, electronic","PUNCHBAG, Elise Elvira, Haute & Freddy, Gretel, Chloe Qisha, googly eyes",♡♡♡,5/24
digital,,Haute & Freddy,Big Disgrace,Runaway Carnie,3/24,syndicate,13,"2, 7, 4","dance-pop, synthpop","hemlocke springs, Grace Ives, Chloe Qisha, Danny L Harle, Cherry Bomb",♡♡♡♡,5/24
digital,,Telescreens,Body I Know You Well [EP],Plus 1,3/24,syndicate,1,"1, 2, 4","rock, alternative rock","alexsucks, Common People, Girl Tones, Wes Parker, Flycatcher",♡♡♡♡,5/24
digital,,Son Little,Cityfolk,Anti-,3/24,pirate,clean,"2, 5, 7, 1, 9","pop soul, alternative r&b, contemporary r&b","Gary Clark Jr., Leon Bridges, Curtis Harding, Nick Waterhouse, Lee Fields, Nathaniel Rateliff",♡♡♡♡♡,5/24
digital,,Wyatt Waddell,The Understudy,EMPIRE,3/24,pirate,7,"8, 6, 4, 5, 10","soul, funk, pop rock","Curtis Harding, Cautious Clay, Durand Jones & The Indications, Michael Kiwanuka, Nick Hakim, Christone Kingfish Ingram",♡♡♡♡,5/24
digital,,Gardenia,Gardenia,Mint 400,3/24,pirate,1,"2, 7, 5, 3","indie rock, alternative rock","Death From Above 1979, Cage The Elephant, Franz Ferdinand, Cold War Kids, Arctic Monkeys, Queens of the Stone Age",♡♡,5/24
digital,X,Gladie,No Need To Be Lonely,Get Better,3/24,terrorbomb,2,"3, 5, 10","indie rock, indie pop","Cayetana, Remember Sports, Swearin’, Hop Along, Speedy Ortiz",♡♡♡,7/24
digital,,MEMORIALS,All Clouds Bring Not Rain,Fire,3/31,shine on,clean,"2, 4, 5, 11","neo-psychedelia, krautrock, experiemental rock","Stereolab, Yoko Ono, Melody's Echo Chamber, Portishead, Broadcast",♡♡♡,5/31
digital,,Snail Mail,Ricochet,Matador,3/31,shine on,"6*, 11","1, 2, 6","indie rock, indie pop, dream pop, jangle pop","Soccer Mommy, beabadoobee, Bully, Smashing Pumpkins",♡♡♡♡,5/31
digital,,King Tuff,MOO,Thirty Tigers,3/31,shine on,5,"1, 2, 3","garage rock, power pop, neo-psychedelia","J Mascis, Kurt Vile, Ty Segall, King Gizzard, OSees, Morgan Nagler",♡♡♡♡,5/31
digital,,Lia Pappas-Kemps,Winged,Coalition,3/31,shine on,clean,"2, 3, 5, 8","singer songwriter, indie pop, indie folk","Phoebe Bridgers, Joni Mitchell, Soccer Mommy, Hannah Jadagu",♡♡♡,5/31
digital,,"Twilight Sad, The",IT'S THE LONG GOODBYE,Rock Action,3/31,shine on,6,"2, 3, 4, 8","post-punk revival, darkwave, shoegaze","The Cure, Mogwai, Parquet Courts, Deerhunter",♡♡♡♡,5/31
digital,,Charlotte Cornfield,Hurts Like Hell,Merge,3/31,terrorbomb,3*,"2, 3, 5, 8","singer-songwriter, indie folk","Big Thief, Lucinda Williams, Merce Lemon, Andy Shauf, Sadurn",♡♡♡♡,5/31
digital,,Tigers Jaw,Lost On You,Hopeless,3/31,terrorbomb,clean,"2, 3, 6, 7, 8","emo, indie rock","Joyce Manor, Macseal, Citizen, Rainer Maria, The World Is A Beautiful Place & I Am No Longer Afraid to Die",♡♡♡♡,5/31
digital,,Lauren Auder,Whole World As Vigil,untitled,3/31,terrorbomb,clean,"2, 3, 5, 7","art pop, ambient pop","ANOHNI, Vegyn, John Glacier, Christine and the Queens, Perfume Genius",♡♡♡,5/31
digital,,Sluice,Companion,Mtn. Laurel,3/31,terrorbomb,"3, 4, 6, 10 (censor manually)","1, 2, 9","alt-country, singer-songwriter, americana","Fust, Bill Callahan, Friendship, caroline, Hovvdy",♡♡♡,5/31
digital,,Këkht Aräkh,Morning Star,Sacred Bones,3/31,terrorbomb,11,"2, 7, 16","black metal, lofi, screamo, dark folk","Darkthrone, Xasthur, Mütiilation, Bathory, Ulver",♡♡♡♡,5/31
digital,,James Blake,Trying Times,Good Boy / Virgin,3/31,co-sign,clean,"2, 3, 4, 7","art pop, alt-R&B, electronic","Frank Ocean, Sampha, Nick Hakim, Jamie xx, Jamie Woon, serpentwithfeet",♡♡♡♡♡,5/31
digital,,Alexis Taylor,Paris In The Spring,Night Time Stories,3/31,co-sign,"6 (use edit), 7","2, 3, 6","indie pop, synth pop, indietronica","Hot Chip, Jungle, Wild Beasts, Durand Jones, Foals",♡♡♡,5/31
digital,,Operelly,*FLUTTERS AWAY* [EP],deadAir,3/31,co-sign,clean,"2, 3, 5","folktronica, indie folk, bedroom pop","Stereolab, Broadcast, ear, Quiet Light, villagerrr, Salami Rose Joe Louis, Cusp, Tenci",♡♡♡♡,5/31
digital,,Tinariwen,Hoggar,Wedge,3/31,co-sign,clean,"1, 2, 3, 6","Tishoumaren (""desert/Tuareg blues"")","Mdou Moctar, Imarhan, Bombino, Tamikrest",♡♡♡♡,5/31
digital,,Ana Tijoux,97 [EP],Victoria Producciones,3/31,co-sign,clean,"1, 3, 4","Latin rap, hip-hop","Makiza, Erykah Badu, Ibeyi, Sotomayor, iLe, Combo Chimbita, Xenia Rubinos",♡♡♡♡♡,5/31
digital,,Witch Post,Butterfly [EP],Partisan Records,3/31,co-sign,clean,"1, 2, 3, 4","indie folk, alt-country, slacker rock","Wednesday, Ratboys, Friko, Girlpool, MOMMA, Soccer Mommy, Palehound, Mannequin Pussy",♡♡♡,5/31
digital,,Moonchild,Waves,ONErpm,3/31,co-sign,use edits,"1, 2, 3, 4, 6, 10","jazz pop, ""neo-soul,"" alt-R&B","Robert Glasper, Hiatus Kaiyote, Jill Scott",♡♡♡♡,5/31
digital,,Selah Sue & The Gallands,Movin',Because Music,3/31,co-sign,clean,"2, 8","soul-pop, hip-hop, jazz","Tom Misch, Jordan Rakei, Yussef Dayes, Alfa Mist, Cleo Sol, Sault, Lianne La Havas",♡♡♡♡,5/31
digital,,ford.,Music Lights Color [EP],ecke,3/31,co-sign,clean,"1, 4, 5, 6","downtempo, electronic, indie","Caribou, Maribou State, Tame Impala, Quickly Quickly",♡♡♡♡,5/31
digital,,Robyn,Sexistential,Young,3/31,co-sign,use edits,"2, 3, 4, 6, 7","dance pop, synth pop, electropop","Jessie Ware, Charli xcx, Disclosure, Caroline Polachek, Caribou, Christine and the Queens",♡♡♡♡♡,5/31
digital,,José González,Against the Dying of the Light,Mute,3/31,co-sign,"3 (use edit), 5","1, 3, 6, 12","indie folk, singer/songwriter","Ben Howard, Whitney, Devendra Banhart, Fleet Foxes, Ray LaMontagne, Damien Jurado, Bon Iver",♡♡♡♡♡,5/31
digital,,The New Pornographers,The Former Site Of,Merge Records,3/31,co-sign,9,"2, 4, 6, 10","indie rock, pop rock, indie pop","Broken Social Scene, Wolf Parade, Destroyer, Spoon, Belle & Sebastian, Yo La Tengo",♡♡♡♡,5/31
digital,,"Fcukers (say ""F-ers"" on air)",Ö,Ninja Tune,3/31,co-sign,use edits,"1, 2, 4, 5, 7, 9","dance pop, electropop, alt-dance","Frost Children, The Dare, Shygirl, Sneaks, Grace Ives, Mura Masa, LCD Soundsystem",♡♡♡♡♡,5/31
digital,,Tom Misch,Full Circle,Beyond The Groove / AWAL,3/31,co-sign,use edits,"2, 3, 4, 5, 7, 8, 11","indie folk, jazz pop, soft rock","Fleetwood Mac, Joni Mitchell, Neil Young, Jordan Rakei, James Blake",♡♡♡♡♡,5/31
digital,,Gelli Haha,"""Klouds Will Carry Me To Sleep"" [single]",Innovative Leisure,3/31,co-sign,clean,single,"synth pop, electro disco","Magdalena Bay, The Knife, Blondie, Fabiana Palladino, Chromatics, Nourished By Time, Water From Your Eyes, Kassie Krut",♡♡♡♡,5/31
digital,,ZAINAB,"""Jadoo"" [single]",Technicolour,3/31,co-sign,clean,single,"electronic, club","Carlita, Sofia Kourtesis, Chloe Caillet, Dar Disku, Acid Arab, Sami Galbi, DJ Habibeats",♡♡,5/31
digital,,Cashier,The Weight [EP],Julia's War,3/31,planetary,clean,"2, 3","alt rock, indie rock, shoegaze, grunge","Wishy, Narrow Head, Joyer, Nothing, Rocket, Whirr, Momma, Hotline TNT",♡♡♡,5/31
digital,,Runo Plum,"""butterflies"" [single]",Winspear,3/31,planetary,clean,single,"indie, folk rock, singer songwriter","Alvvays, Florist, Soccer Mommy, Mali Velasquez, girlpuppy",♡♡♡♡,5/31
digital,,Frog,"""Je Ne Sais Pas"" [single]",Audio Antihero,3/31,planetary,dirty*,single,"indie folk, alt country, lofi rock","MJ Lenderman, Jonathan Richman, Horse Jumper of Love, Silver Jews, Wednesday",♡♡♡♡,5/31
digital,,Clarion,Blue Fairy [EP],Broke,3/31,planetary,clean,"1, 3, 7","shoegaze, post punk, rock","Julie, HUM, Wisp, They Are Gutting A Body of Water, Glixen, High.",♡♡♡♡♡,5/31
digital,,first president of japan,Your Recommended Daily Intake Of first president of japan [EP],self released,3/31,syndicate,"2, 4","1, 5, 9, 12","punk, hardcore","Andro Queen, Grub Lord, Debbie Dopamine, Molly Ringworm",♡,5/31
digital,,Monster Rally,Echoes of the Emerald Sands,Flowering Jungle,3/31,syndicate,clean,"1, 3, 6, 11, 12","instrumental hip hop, plunderphonics, chillwave","Dirty Art Club, The Olympians, DARGZ, El Michels Affair, Tommy Guerrero",♡♡♡♡,5/31
digital,,The Pretty Flowers,Never Felt Bitter,Forge Again,3/31,pirate,"4, 11","6, 2, 9, 5, 4","power pop, alternative rock","Japandroids, Teenage Fanclub, The Hold Steady, The Gaslight Anthem, Fountains of Wayne, The La's, Fontaines D.C.",♡♡,5/31
digital,,Krooked Kings,In Another Life,SoundOn,3/31,pirate,"5, 9","5, 9, 6, 3, 1, 8","indie rock, indie pop, dream pop","Day Wave, Local Natives, Rostam, Del Water Gap, flipturn, COIN, Vacation Manor",♡♡♡♡,5/31
digital,,Anna Smyrk,Spectacular Denial,Community,3/31,pirate,"2, 10","2, 10, 1, 5, 7, 9","indie folk, singer-songwriter, alternative rock","Maggie Rogers, Jenny Lewis, Courtney Marie Andrews, Miya Folick, Julia Jacklin, Kate Davis",♡♡,5/31
digital,,The Casualties,Detonate,Hellcat/Epitaph,3/31,pirate,"2, 3, 7, 10, 11, 12","2, 3, 5, 6","hardcore punk, street punk","The Unseen, GBH, Propagandhi, The Drowns, Rancid, Agnostic Front",♡♡♡♡,5/31
digital,,Yellow Pills,An Evening With Yellow Pills,Mint 400,3/31,pirate,"1, 2, 3, 5, 12, 14","8, 2, 3, 14","jazz, indie rock","Combustible Edison, Lettuce, The Limbos, Gogol Bordello, The Royal Arctic Institute",♡,5/31
digital,X,Hit Like a Girl,Burning at Both Ends,Cryptid,3/31,syndicate,"6, 7","2, 4, 3, 5","indie rock, indie pop, dream pop, jangle pop","Cape Crush, Gay Meat, Home Star, Gladie, Pretty Bitter, Local Weatherman",♡♡,7/31
digital,,Cancer House,The Moth,Motion Ward,4/3,n/a,clean,"3, 4, 6","Slowcore, Post-Rock, drone,","Jessica Bailif, Empress, Kranky, Grouper, Roy Montgomery",♡♡,3/27
digital,,SUNN O))),SUNN O))),Sub Pop,4/7,shine on,clean,"2, 3, 6","drone metal, dark ambient","Neurosis, Earth, Jesu, Boris, Explosions in the Sky, Mogwai",♡♡♡,6/7
digital,,Strange Fruit,Drips [EP],Gentle Tuesday,4/7,shine on,clean,"3, 4","indietronica, synth pop, dream pop","LCD Soundsystem, The Radio Dept, My bloody valentine",♡♡,6/7
digital,,A Place To Bury Strangers,Rare and Deadly,Dedstrange,4/7,shine on,"6, 11","9, 12","noise rock, shoegaze, post punk","Sonic Youth, Kim Gordon, The Cure, The Jesus and Mary Chain",♡♡♡,6/7
digital,,Hiding Places,The Secret to Good Living,Keeled Scales,4/7,terrorbomb,clean,"1, 2, 3, 4","alt country, noise rock, indie rock","Wednesday, Merce Lemon, Horse Jumper of Love, Palehound, Truth Club",♡♡♡,6/7
digital,,Robber Robber,Two Wheels Move the Soul,Fire Talk,4/7,terrorbomb,8*,"1, 3, 5, 7, 8","indie rock, post punk, art rock","Dari Bay, Water From Your Eyes, Bar Italia, Aunt Katrina, Horsegirl",♡♡♡,6/7
digital,,Exiter,Temporary Empty,Spirit Goth,4/7,terrorbomb,clean,"4, 5, 6","bedroom pop, alt rock, slowcore","Your Arms Are My Cocoon, Orchid, Vs Self, February, Jeromes Dream",♡♡,6/7
digital,,Spaceport,Cut The Cake,Aura Vortex,4/7,terrorbomb,clean,"2, 6, 7, 8","indie folk, singer songwriter, indie rock","Great Grandpa, Hand Habits, Land of Talk, Sun June",♡,6/7
digital,,Knumears,Directions,Run For Cover,4/7,terrorbomb,clean,"3, 4, 6, 8","screamo, hardcore","Touché Amoré, Jeromes Dream, Saetia, Vs Self, February, Your Arms Are My Cocoon, Orchid",♡♡♡,6/7
digital,,Wendy Eisenberg,Wendy Eisenberg,Joyful Noise,4/7,terrorbomb,clean,"2, 3, 5, 6, 9","singer songwriter, americana, folk rock","Joni Mitchell, The Roches, Allegra Krieger, Townes Van Zandt, Editrix",♡♡,6/7
digital,,Arlo Parks,Ambiguous Desire,Transgressive/[PIAS],4/7,planetary/syndicate,clean,"9, 3, 5, 6","indie pop, neo-soul, bedroom pop","PinkPantheress, Tinashe, Robyn, Jai Paul, Nilüfer Yanya, Jamila Woods, Portishead",♡♡♡♡♡,6/7
digital,,Lambrini Girls,"""Cult of Celebrity"" [single]",City Slang,4/7,planetary,clean,single,"punk rock, noise rock, garage punk","Amyl and The Sniffers, SPRINTS, Grrrl Gang, Gilla Band, Screaming Females, DITZ",♡♡♡♡,6/7
digital,,KNEECAP,"""FENIAN"" [single]",Heavenly,4/7,planetary,clean,single,"hard-core hip-hop, political hip-hop, Irish rap","Genesis Owusu, Sleaford Mods, Fontaines D.C., Fat Dog, IDLES",♡♡♡♡♡,6/7
digital,,Thundercat,Distracted,Brainfeeder,4/7,co-sign,use edits,"3, 4, 5, 7, 11","prog-soul, psych-soul, jazz-funk","Remi Wolf, The Internet, George Clinton, Hiatus Kaiyote, Louis Cole",♡♡♡♡♡,6/7
digital,,"Holy Fuck (SAY ""HOLY EFF"" ON AIR)",Event Beat,Satellite Services,4/7,co-sign,clean,"1, 3, 5, 7, 10","krautrock, experimental rock","Caribou, LCD Soundsystem, Battles, Horse Lords, Rattan, Tortoise, Public Service Broadcasting, Jon Hopkins, Metric",♡♡♡♡♡,6/7
digital,,Buzzy Lee,Shoulder To Shoulder,Future Classic,4/7,co-sign,clean,"1, 3, 4, 7, 9, 10","synthpop, indie pop, alt-R&B","Mitski, Perfume Genius, TV Girl, Clairo, Weyes Blood, Katy Kirby, Barrie",♡♡♡♡,6/7
digital,,Antonio Carlos e Jocafi,Antonio Carlos & Jocafi JID026,Jazz Is Dead,4/7,co-sign,clean,"1, 2, 4, 5, 6","MPB (música popular brasileira), jazz","Marcos Valle, Azymuth, Joyce Moreno, Dom Salvador, Ebo Taylor, Gilberto Gil, Caetano Veloso, Chico Buarque",♡♡♡♡,6/7
digital,,Good Kid,Good Kid,Good People Only,4/7,syndicate,clean,"10, 2, 4, 6, 9","indie rock, indie pop, post-punk revival","INOHA, The Vanished People, Phone Boy, Keanu Bicol, Kevin Walkman",♡♡♡♡♡,6/7
digital,,Calvin Love,Throw My Shadow To The Sun,Rare Form/Taxi Gauche Records,4/7,pirate,clean,"8, 2, 5, 6, 1","indie pop, singer-songwriter, indie rock","Father John Misty, Cut Worms, Spoon, Jeff Tweedy, Cass McCombs, Kevin Morby",♡♡♡,6/7
digital,,Thrillhouse,Smile,Spirit Of Spike Island,4/7,pirate,clean,"3, 2, 1, 6, 5","indie rock, indie pop","The National, The War On Drugs, The Cure, Arcade Fire, Editors, Broken Social Scene",♡♡,6/7
digital,,Coup Deville,Time Don't Change My Mind,CDV Records,4/7,pirate,"2, 9, 11","8, 1, 4, 6, 10","indie rock, alternative rock, R&B","Nathaniel Rateliff & The Night Sweats, Lord Huron, Lettuce, Kings of Leon, My Morning Jacket, Marcus King",♡,6/7
digital,,Grade 2,Talk About It,Hellcat/Epitaph,4/7,pirate,2,"10, 4, 3, 1, 5, 7","punk rock, oi!, street punk","Fontaines D.C., Rancid, Idles, Frank Turner, The Drowns, Teenage Bottlerocket",♡♡♡,6/7
digital,,Kumail,Mudbrown,Tru Thoughts,4/14,co-sign,"5, 6, 7, 9, 10","1, 3, 8","R&B, funk, soul","Ego Ella May, Nubiyan Twist, D’Angelo, Marvin Gaye, James Brown",♡♡♡,6/14
digital,,Bellaire,Born Funky,Le Plan,4/14,co-sign,clean,"2, 9, 11, 12, 13, 14","disco, jazz, funk","Jayda G, L'Imperatrice, Braxe + Falcon, Daft Punk",♡♡♡♡,6/14
digital,,Flore Laurentienne,Volume III,Secret City,4/14,co-sign,clean,"1, 2, 5, 8","ambient, neoclassical new age","Walt McClements, Duval Timothy, Macie Stewart, Mary Lattimore, Gia Margaret, Cole Pulice",♡♡♡,6/14
digital,,Thee Sacred Souls,"""Any Old Fool"" [single]",Daptone Records,4/14,co-sign,clean,single,"soul, funk, R&B","Khruangbin, Leon Bridges, Hermanos Gutierrez, JUNGLE, Durand Jones & The Indications, Al Green, Black Pumas",♡♡♡♡♡,6/14
digital,,Ben Sterling,"""Around The World (feat. Stevie Appleton)"" [single]",Counter,4/14,co-sign,clean,single,"house, tech-house, EDM","Justice, Tame Impala, Gorgon City, DRAMA, Jayda G",♡♡♡♡,6/14
digital,,Weird Nightmare,Hoopla,Sub Pop,4/14,shine on,clean,"2, 3, 4, 5, 6, 10","noise rock, indie rock","METZ, Bully, The Replacements, Cloud Nothings",♡♡♡,6/14
digital,,Pictish Trail,LIFE SLIME,Fire,4/14,shine on,clean,"2, 6, 7, 9","neo psychedelia, indie pop, indietronica","Hot Chip, Far Caspian, Animal Collective, Alex G, Wild Pink",♡♡♡,6/14
digital,,Marika Che,Bright Flame,self released,4/14,terrorbomb,"1*, 3*","6, 7, 9","singer songwriter, indie folk, indie rock","Jess Williamson, Jenny Lewis, Esther Rose, beabadoobee, TANGERINE",♡♡,6/14
digital,,Makthaverskan,Glass and Bones,Wellfare Sounds & Records,4/14,terrorbomb,9,"1, 5, 6","indie rock, post punk","Hater, The Organ, Björk/The Sugarcubes, Westkust, Pinkshinyultrablast, Siouxsie and the Banshees",♡♡♡,6/14
digital,,Robot Slide,CHIMPS,Aura Vortex,4/14,terrorbomb,clean,"1, 2, 4, 6","bedroom pop, hypnagogic pop, alternative r&b","Homeshake, King Krule, Triathalon, The Notwist, Boards of Canada",♡,6/14
digital,,Mei Semones,Kurage [EP],Bayonet,4/14,terrorbomb,clean,"1, 2","jazz pop, chamber pop, bossa nova","Luna Li, Pearl & The Oysters, Phoebe Rings, Fievel Is Glauque, Astrud Gilberto",♡♡♡♡,6/14
digital,,Grocery Bag,Deadvolt Sampler [EP],self released,4/14,syndicate,clean,"4, 2, 1, 3","garage rock, alternative rock","Pink Fuzz, Forty Feet Tall, Pancho and the Wizards, Native Sun",♡♡♡,6/14
digital,,PUNCHBAG,I Am Obsessed,Mute,4/14,pirate,"1, 4","3, 2, 5, 1, 4","post-punk, synthpop","Charli xcx, Icona Pop, Fcukers, Magdalena Bay, SOPHIE, Robyn, IDER, Romy",♡♡♡,6/14
digital,,The Props,Arrow [EP],Blue Grape,4/14,pirate,clean,"2, 1, 3","indie rock, power pop","Edgehill, Jimmy Eat World, The Backfires, Kings of Leon, The Bends, The Backseat Lovers",♡♡,6/14
digital,,Sweat,Tear It On Down,Vitriol,4/14,pirate,"3, 5, 8, 9, 10","11, 1, 2, 4, 6, 7","hardcore punk, garage punk","Sheer Mag, Mannequin Pussy, Pinkshift, Gel, Surfbort, Amyl and The Sniffers, Hot Snakes",♡♡,6/14
digital,,Box Elder,Box Elder,Steadfast/Sweet Cheetah,4/14,pirate,2,"3, 6, 5, 4, 7","alternative rock, emo, power pop","Citizen, Tigers Jaw, Footballhead, Balance and Composure, Joyce Manor, TWIABP",♡♡,6/14
digital,X,Webb Chapel,Vernon Manner,Strange Mono,4/14,pirate,clean,"6, 4, 1, 7, 9","Art rock, shoegaze, noise pop, slacker rock","Hotline TNT, Knifeplay, They Are Gutting A Body of Water, Horse Jumper of Love, Duster, Teen Suicide",♡,8/14
CD,,Newcastle Anchorman,Proudly Miserable,self released,4/21/2026,N/A,clean,"1, 3","grunge, punk, shoegaze","Electric Condor, Paranoid Pictures, The Pink Eye And Grave Danger",♡,10/31/2025
CD,,American Nomad,Tired of Goodbyes,self released,4/21/2026,N/A,clean,"2, 12, 6","blues, folk, r&b","Bill Withers, James Taylor, John Prine",♡,1/15/2026
CD,,alone-a,"a veil, a prism",Bumpy,4/21/2026,Bumpy,clean,"1, 2, 5","electronic, ambient choral, electroacoustic","Julianna Barwick, Lyra Pramuk, Holly Herndon, Grouper",♡,4/3/2026
CD,,Les Louanges,Alouette!,Bonsound,4/21/2026,planetary,"4, 14","1, 5, 7","indie contemporary R&B, jazz, funk, electronic","BadBadNotGood, Phoenix, FKJ, La Femme, Gorillaz, Air",♡♡♡♡,4/10/2026
CD,,Souled American,Sanctions,Jealous Butcher,4/21/2026,Jealous Butcher,clean,"3, 4","slowcore, alternative country","Cracker, Califone, the Mountain Goats, Fruit Bats, Jeff Tweedy",♡♡,4/17/2026
CD,,Friko,Something Worth Waiting For,ATO,4/21/2026,Pirate,"7, 9","2, 3, 7","indie rock, indie folk, art rock","Victoryland, This Is Lorelei, Ratboys, Swapmeet, youbet",♡♡♡♡,4/24/2026
digital,,This Is Lorelei,"Box For Buddy, Box For Star (Super Deluxe)",Double Double Whammy,4/21,shine on,"1, 3, 4","2, 6","indie pop, indie folk, neo psychedelia","Water From Your Eyes, Hayley Williams, Snail Mail, MJ Lenderman",♡♡♡♡,6/21
digital,,Eaves Wilder,Little Miss Sunshine,Secretly Canadian,4/21,secretly,4*,"1, 3, 4","indie rock, dream pop, shoegaze","Wolf Alice, Wet Leg, The Killers, Metric, Hatchie",♡♡♡,6/21
digital,,beaming,horseshoe,Rose Garden,4/21,terrorbomb,clean,"2, 3, 4","indie pop, indie folk","Field Medic, The Districts, Alex G, Hovvdy, villagerrr, Runnner",♡♡,6/21
digital,,Accessory,Dust,ACX,4/21,terrorbomb,clean,"5, 6, 7, 9","indie folk, singer songwriter, indie rock","Elias Rønnenfelt, ML Buch, Chanel Beads, Deerhunter, Elliot Smith",♡♡♡,6/21
digital,,Quiet Light,Blue Angel Sparkling Silver 2,True Panther,4/21,terrorbomb,"4*, 5*, 8*","4, 7, 8, 12","indietronica, synthpop, alt pop","Grace Ives, Maria Somerville, Oklou, Smerz, Imogen Heap",♡♡♡♡,6/21
digital,,Gem Club,Emerald Press,self released,4/21,terrorbomb,clean,"3, 5,7","dream pop, chamber pop","James Blake, Rufus Wainwright, Jamie Lidell, Perfume Genius, Nils Frahm",♡♡♡,6/21
digital,,Blood Wizard,Lucky Life [EP],Sad Club,4/21,terrorbomb,clean,"2, 3, 5","indie rock, dream pop, slacker rock","Slow Pulp, Fontaines DC, Truth Club, Bleary Eyed",♡♡,6/21
digital,,Lucky,Biting Heels [EP],Community / Unified,4/21,planetary,clean,"1, 4, 6","indie rock, alt rock","Winter, Soccer Mommy, Momma, Wishy, beabadoobee",♡♡♡♡,6/21
digital,,Les Louanges,Alouette!,Bonsound,4/21,planetary,"4, 14","1, 5, 7","indie contemporary R&B, jazz, funk, electronic","BadBadNotGood, Phoenix, FKJ, La Femme, Gorillaz, Air",♡♡♡♡,6/21
digital,,Lime Garden,Maybe Not Tonight,So Young,4/21,planetary,9,"1, 4, 5","indie rock, surf rock, pop","Billy Nomates, Mary and The Junkyard, Pip Blom, Sorry, English Teacher, Yeah Yeah Yeahs, Automatic",♡♡♡♡,6/21
digital,,Frog,Frog For Sale,Audio Antihero,4/21,planetary,"2, 3, 4, 7, 8, 10","2, 3, 9, 10","indie rock, alt-country, indie folk","This Is Lorelei, Silver Jews, Jonathan Richman, MJ Lenderman, Dutch Interior",♡♡♡♡,6/21
digital,,Adrian Younge,Younge,Linear Labs,4/21,co-sign,clean,"1, 5, 6, 7","jazz, fusion, hip-hop","David Axelrod, Lalo Schifrin, Ennio Morricone, Portishead",♡♡♡♡,6/21
digital,,lovetempo,There Is A Light,self-released,4/21,co-sign,clean,"2, 3, 4, 5, 8","soul-pop, disco, house","Sade, Roy Ayers, Close Counters, Metro Area, Mr. Fingers, Musclecars, SAULT",♡♡♡,6/21
digital,,Honey Dijon,The Nightlife,SOS,4/21,co-sign,"2 (use club edit), 4, 10 (use edit), 12","1, 2, 3, 6, 10","diva house, garage house, dance","Jayda G, Beyonce, TSHA, The Blessed Madonna, bad tuner, Cakes Da Killa, Channel Tres, Kaytranada",♡♡♡♡,6/21
digital,,Allison Russell,"""No Springtime (feat. Joy Oladokun & Julie Williams)"" [single]",Concord Records,4/21,co-sign,clean,single,"folk, singer-songwriter","Valerie June, Joy Oladokun, Brandi Carlile, Amythyst Kiah, Madison Cunningham, Lizzie No",♡♡♡♡,6/21
digital,,tofusmell,All My Time,Hardly Art,4/21,syndicate,clean,"5, 6, 11, 12","indie folk, singer-songwriter","Fairhazel, ash tuesday, Frail Talk, Pleasure Systems, Mali Velasquez",♡♡♡,6/21
digital,,Teen Suicide,Nude descending staircase headless,Run For Cover,4/21,pirate,clean,"3, 4, 2, 7, 11","slacker rock, emo, indie rock, noise pop","Mannequin Pussy, Liquid Mike, Duster, Teethe, Horse Jumper of Love, Pile",♡♡♡♡,6/21
digital,,Sean Solomon,The World Is Not Good Enough,Anti-,4/21,pirate,clean,"5, 1, 7, 2, 3","singer-songwriter, indie pop, alt-country","Runnner, Field Medic, Greg Freeman, Pedro The Lion, Christian Lee Hutson, Pinegrove, The Shins",♡♡♡,6/21
digital,,Shaky,Kinda Wild II,Shaky Records,4/21,pirate,clean,"4,11, 5, 6, 2","indie rock, garage rock, new wave","The Strokes, Arctic Monkeys, Spoon, Circa Waves, White Reaper, Rolling Blackouts Coastal Fever",♡♡♡,6/21
digital,,Otoliths,Lithos,self released,4/21,pirate,clean,"3, 1, 4, 2, 7","post-punk, jangle pop, pop rock","Sharp Pins, Peel Dream Magazine, Beachwood Sparks, Dummy, Horsegirl, Woods",♡,6/21
digital,,AyoDylan,Knuckle Head [EP],self released,4/21,pirate,1,"4, 2, 1","pop punk, alternative rock, punk rock","Green Day, The Paradox, Loveless, KennyHoopla, NOFX, Beauty School Dropout",♡♡♡,6/21
digital,,CAVS,Sojourn,p(doom),4/28,shine on,clean,"3, 8","neo-psychedelia, jazz funk, jazz fusion","King Gizzard, Khruangbin, José James, Herbie Hancock, Alice Coltrane",not on spotify,6/28
digital,,youbet,youbet,Hardly Art,4/28,terrorbomb,5*,"1, 2, 3, 4, 5","indie rock, neo-psychedelia","Water From Your Eyes, Spirit of the Beehive, feeble little horse",♡♡♡,6/28
digital,,Mikaela Davis,Graceland Way,Kill Rock Stars,4/28,terrorbomb,7,"1, 2, 3, 6","folk rock, americana, indie rock, indie folk","Waxahatchee, Angel Olsen, Hurray for The Riff Raff, Wednesday, Lily Seabird",♡♡♡,6/28
digital,,TV Star,Music For Heads,Father/Daughter,4/28,terrorbomb,clean,"1, 2, 4, 7, 9","shoegaze, dream pop, noise pop","The Stone Roses, Mojave 3, Teenage Fanclub, DAIISTAR, Color Green",♡♡♡,6/28
digital,,Angelo De Augustine,Angel in Plainclothes,Asthmatic Kitty,4/28,terrorbomb,clean,"1, 4, 5","indie folk, singer-songwriter, chamber folk","Sufjan Stevens, Andy Shauf, Jose Gonzalez, Nick Drake, Aldous Harding",♡♡♡♡,6/28
digital,,Las Cruxes,Las Cruxes,Million Stars,4/28,terrorbomb,clean,"1, 3, 5, 7","neo-psychedelia, psych rock, indie rock","Brian Jonestown Massacre, The Black Angels, LA Witch, Mint Field, Los Punsetes",♡,6/28
digital,,Failure,Location Lost,Arduous/Virgin,4/28,syndicate,clean,"6, 5, 8","alternative rock, space rock revival, grunge","Hum, Sunny Day Real Estate, Nothing, Quicksand, Team Sleep, Helmet",♡♡♡♡,6/28
digital,,Grace Ives,Girlfriend,True Panther,4/28,syndicate,"4, 9, 11","2,  6, 8, 11","indietronica, synthpop, alt-pop, bedroom pop","Lala Lala, Avalon Emerson, Haute & Freddy, Snail Mail, Arlo Parks",♡♡♡♡,6/28
digital,,Nine Inch Noize,Nine Inch Noize,Interscope,4/28,syndicate,8,"8, 4, 2, 11, 10","electro-industrial, ebm, industrial techno","Nine Inch Nails, Boys Noize, Fcuckers, Tom Rowlands, A Perfect Circle",♡♡♡♡♡,6/28
digital,,Friko,Something Worth Waiting For,ATO,4/28,pirate,"7, 9","8, 3, 2, 7","indie rock, indie folk, art rock","Car Seat Headrest, Conor Oberst, This Is Lorelei, Racing Mount Pleasant, Been Stellar, Dehd, MJ Lenderman",♡♡♡♡,6/28
digital,,Bummer Camp,Fake My Death,Trash Casual,4/28,pirate,"2, 3","1, 4, 5, 7, 8","indie rock, shoegaze, slacker rock","Hotline TNT, They Are Gutting A Body of Water, Nothing, Alex G, Sainthood Reps, Superheaven",♡♡,6/28
digital,,Caroline Carter,Fetch! [EP],Too Fine,4/28,pirate,"2, 5","4, 1, 3, 2, 5","indie rock, folk, synthpop","mercury, The Japanese House, Indigo De Souza, Clairo, Jensen McRae, Snail Mail",♡♡♡,6/28
digital,,Bad Operation,Everything Must Go,Bad Time,4/28,pirate,clean,"3, 4, 7","ska punk, new tone, reggae","The Slackers, Catbite, Mustard Plug, Kill Lincoln, The Interrupters, Less Than Jake",♡♡,6/28
digital,,American Football,American Football (LP4),Polyvinyl/Syndicate,5/5,terrorbomb,"3*, 6*, 10*","2, 4, 7","post-rock, midwest emo, math rock","Cap’n Jazz, Owen, Tortoise, The Appleseed Cast, Duster",♡♡♡♡♡,7/5
digital,,Sub*T,How My Own Voice Sounds,self released,5/5,terrorbomb,10,"1, 3, 4, 5, 6","indie rock, alt rock","Momma, Sonic Youth, Bully, Rocket, Fake Fruit",♡♡,7/5
digital,,Toadies,The Charmer,Spaceflight,5/5,terrorbomb,10,"3, 8","alt rock, grunge, stoner rock","Pixies, Mudhoney, Meat Puppets, Local H",♡♡♡♡♡,7/5
digital,,Jesca Hoop,Long Way Home,Last Laugh,5/5,terrorbomb,5,"3, 4, 6, 10","indie folk, singer songwriter","Joanna Newsom, Julia Holter, Laura Veirs, Vashti Bunyan, Fiona Apple",♡♡♡,7/5
digital,,Pope,BFM,Rite Field,5/5,terrorbomb,13,"1, 3, 5, 7, 10, 13","shoegaze, noise pop, indie rock","Ovlov, Hotline TNT, Dinosaur Jr., Pile, Yuck",♡♡,7/5
digital,,villagerrr,"""Carousel"" (single)",Winspear,5/5,planetary,clean,single,"alt-country, folk, and slacker rock","Teethe, Joyer, Dutch Interior, Merce Lemon, Wednesday",♡♡♡♡,7/5
digital,,KNEECAP,FENIAN,[PIAS],5/5,planetary,"all; edits for 5*, 2*, 6*, 11*, 9*",clean edits,"irish rap, punk, hardcore hip-hop, EDM","Genesis Owusu, Sleaford Mods, Fontaines D.C., Fat Dog, IDLES",♡♡♡♡♡,7/5
digital,,The Claypool Lennon Delirium,The Great Parrot-Ox and the Golden Egg Of Empathy,ATO,5/5,syndicate,clean,"2, 4, 10","psychedelic rock, progressive rock, funk rock","Les Claypool, Sean Ono Lennon, HENGE, Angine de Poitrine, Flea, The Beatles",♡♡♡♡,7/5
digital,,Easy Honey,Plaid [EP],Third Brother,5/5,syndicate,1*,"2, 5, 1","indie rock, singer-songwriter, indie folk, surf rock","The Back Alley, Ray and Paul, Dipsea Flower, Subtle Orange, hallpass",♡♡♡,7/5
digital,,The High Curbs,HIGH SPEED,Lauren,5/5,pirate,"2, 3, 9, 10","5, 8, 4, 1, 6","skate punk, alternative rock","Together Pangea, Vundabar, The Frights, White Reaper, FIDLAR, Slow Joy, M.A.G.S.",♡♡♡,7/5
digital,,Gottlieb,The Far Fallen Fruit,Quiet Panic,5/5,pirate,"2, 5","1, 6, 9, 8, 3",hardcore punk,"mclusky, Pile, M.U.T.T., Angel Du$t, Dead Pioneers, The Bobby Lees",♡♡♡,7/5
digital,,Truthpaste,I Don't Know Either [EP],Dirty Hit,5/5,pirate,1,"3, 4","indie rock, indietronica","Wet Leg, Black Country New Road, mary in the junkyard, Dry Cleaning, Swapmeet, Water From Your Eyes",♡♡♡,7/5
digital,,The Saddest Landscape,Alone With Heaven,Iodine,5/5,pirate,clean,"8, 16, 2, 4, 6, 9","screamo, post-rock","Pianos Become The Teeth, La Dispute, Touche Amore, Mannequin Pussy, One Step Closer",♡♡♡,7/5
digital,,Tori Amos,In Times Of Dragons,Fontana / Warner,5/5,co-sign,clean,"1, 2, 5, 16","piano rock, singer-songwriter","Kate Bush, Fiona Apple, PJ Harvey, Ani DiFranco",♡♡♡♡♡,7/5
digital,,The You in I,The I in You,Self-released,5/5,co-sign,clean,"2, 4, 10, 18","hip-hop, boom bap","Joey Bada$$, Run the Jewels, The Fugees, Blackstar, Common",♡,7/5
digital,,DDK,Verona: Prelude [EP],The Media Music,5/5,co-sign,use edits,"2, 4, 5","hip-hop, rap","Mac Miller, Kendrick Lamar, JPEGMAFIA, McKinley Dixon, femdot., .idk.",♡♡♡,7/5
digital,,Mexican Institute of Sound & Meridian Brothers,"""El campeon (Bienes funerarios)"" [single]",Ansonia Records,5/5,co-sign,clean,single,"latin electronic, latin alternative","Combo Chimbita, Sotomayor, Bomba Estereo, Pachyman, Cochemea",♡♡♡♡,7/5
digital,,Cola,Cost of Living Adjustment,Fire Talk,5/12,co-sign,5,"2, 4, 9, 11","art punk, post punk revival, art rock","Ought, Deeper, Disq, Stuck, Preoccupations",♡♡♡,7/12
digital,,Sunforger,Weight,Cooked Raw/Julia's War,5/12,terrorbomb,"4*, 6*, 7*","1, 3, 7","shoegaze, noise pop, noise rock","They Are Gutting A Body of Water, Hum, Pinback, Bleary Eyed, Women",♡♡,7/12
digital,,sadie,Better Angels,bloody knuckles,5/12,terrorbomb,clean,"1, 2, 3, 8","indie pop, dream pop, electronic","A.G. Cook, Chanel Beads, True Blue, Shygirl, Quiet Light",♡♡♡,7/12
digital,,Serafima and The Shakedowns,Ride Easy,BWGiBWGAN,5/12,terrorbomb,clean,"3, 4, 5, 10","russian folk, honky tonk, circus","Heavenly, The Moldy Peaches, Kimya Dawson, The Softies, Tullycraft",♡,7/12
digital,,Slow Leaves,The Ruins of Things,Unfinished,5/12,terrorbomb,clean,"2, 3, 6 ,8","indie folk, singer songwriter","Bonny “Prince” Billy, Bedouine, Bill Callahan, Hiss Golden Messenger, Andy Shauf",♡♡♡,7/12
digital,,runo plum,Bloom Again,Winspear,5/12,planetary,clean,"1, 2, 4","indie folk, indie rock, singer songwriter","Alvvays, Florist, Soccer Mommy, Mali Velasquez, girlpuppy",♡♡♡♡,7/12
digital,,Yard Act,"""Redeemer"" [single]",Republic,5/12,planetary,clean edit available*,single,"post punk, dance punk","shame, Queens of The Stone Age, IDLES, Viagra Boys, Fat Dog, The Fall",♡♡♡♡,7/12
digital,,Violet Grohl,"""Cool Buzz"" [single]",Republic,5/12,planetary,clean,single,"alternative rock, indie rock, grunge-pop","Scowl, Snail Mail, Destroy Boys, Sir Chloe, Wilt",♡♡♡♡,7/12
digital,,The Lemon Twigs,Look For Your Mind!,Captured Tracks,5/12,syndicate,clean,"1, 3, 8, 13","pop rock, jangle pop, psychedelic pop","Friko, This is Lorelei, Sean Ono Lennon, My New Band Believe, Snail Mail",♡♡♡♡,7/12
digital,,Croz Boyce,Croz Boyce,Domino,5/12,syndicate,clean,"1, 2, 7","psychedelic folk, experimental, ambient","Bonner Kramer, Setting, Billy Fuller, Index For Working Musik, Patrick Shiroishi",♡♡,7/12
digital,,Villanelle,Measly Means [EP],FAE,5/12,syndicate,3*,"3, 5, 1","grunge, alternative rock, punk rock","Tooth, Cardinals, Violet Grohl, Bleech 9:3, The Molotovs, the north",♡♡♡,7/12
digital,,Broken Social Scene,Remember The Humans,Arts & Crafts,5/12,pirate,clean,"9, 4, 1, 2, 5, 10","indie rock, chamber pop, art rock","Feist, Stars, The New Pornographers, Wolf Parade, Dirty Projectors, Nation of Language, The War On Drugs",♡♡♡♡♡,7/12
digital,,Basement,WIRED,Run For Cover,5/12,pirate,clean,"9, 1, 10, 2, 4, 8","emo, alternative rock, post-hardcore","Jimmy Eat World, Citizen, Joyce Manor, Fiddlehead, Turnstile, Superheaven, Title Fight",♡♡♡♡♡,7/12
digital,,The Flatliners,Cold World,Equal Vision/Dine Alone,5/12,pirate,"4, 5","1, 2, 3, 8, 4","punk rock, pop punk, alternative rock","PUP, Against Me!, Joyce Manor, Hot Water Music, Spanish Love Songs, The Menzingers, The Dirty Nil",♡♡♡♡,7/12
digital,,Brother Wallace,Electric Love,ATO,5/12,co-sign,clean,"1, 2, 3, 4, 7","soul, blues, R&B","Black Pumas, Thee Sacred Souls, Alabama Shakes, Leon Bridges, Michael Kiwanuka",♡♡♡,7/12
digital,,Chinese American Bear,Dim Sum and Then Some,Moshi Moshi,5/12,co-sign,clean,"2, 3, 4, 5, 7, 10","indie pop, pop punk, psych-pop","Saya Gray, Melody's Echo Chamber, Gelli Haha, Sunset Rollercoaster, Sycco, HONEYMOAN, TOPS, Caroline Rose",♡♡♡♡,7/12
digital,,Josiah and the Bonnevilles,As Is,Rounder / Concord,5/12,co-sign,clean,"2, 3, 4, 8","folk, americana, singer/songwriter","Nathaniel Rateliff, Ruston Kelly, Mt. Joy, The Lone Bellow, Wild Child",♡♡♡♡♡,7/12
digital,,Adekunle Gold,Fuji Xtra,Believe UK,5/12,co-sign,clean,"1, 2, 3, 4","afrobeats, contemporary R&B","Davido, 6lack, Tiwa Savage, Olamide, Rema, Wizkid, Tayla, Omah Lay, Ayra Starr, Burna Boy",♡♡♡♡♡,7/12
digital,,RIP Magic,"""Screwdark"" [single]",section1,5/12,co-sign,clean,single,"electronic, alt-rock","bar italia, Holy Fuck, Kim Gordon, PVA, Fcukers, Water From Your Eyes",♡♡♡,7/12
Vinyl,X,Aunt Dracula,Bum Hands,self released,5/12,N/A,clean,"2, 3","electronic, experimental, avant garde","Skyler Skjelset, Enor D, Teeth of the Sea, Aa, Purple Vellocet",♡♡♡,9/12
CD,,American Football,American Football (LP4),Polyvinyl,5/12,Syndicate,"3, 6, 10","7, 2, 4, 3","post-rock, midwest emo, math rock","The Cure, Mogwai, Wisp, Slowdive, My Bloody Valentine, Hayley Williams, The Sea and Cake",♡♡♡♡♡,9/12
CD,,Archaic Faces,you are more alive than you think,self released,5/12,N/A,clean,"1, 5","alternative rock, shoegaze, emo, grunge","Hollow Suns, Dikembe, we set sail, Entropy, Plight",♡,9/12
CD,,Car Seat Headrest,Teen Of Denial (Joe's Story),Matador,5/12,Matador,"1, 3, 4, 6, 9, 10, 11, 12","1, 6, 3, all new","indie rock, power pop, art rock","Neutral Milk Hotel, Pavement, BC,NR, Modern Baseball",♡♡♡♡♡,9/12
digital,,Kuru,Backstage hologram,deadAir,5/19,co-sign,use edits,"2, 5, 6, 7, 10, 12","cloud rap, trap, digicore","Xaviersobased, Lucy Bedroque, Jane Remover, Snow Strippers, Bladee",♡♡♡♡,7/19
digital,,Brooklyn Funk Essentials,Black Butterfly,Dorado Records,5/19,co-sign,clean,"2, 3, 5, 7, 9","acid funk, jazz-funk, soul","Chic, Chaka Khan, Marvin Gaye, Durand Jones, Adi Oasis, Silk Sonic, Thundercat",♡♡♡♡,7/19
digital,,Jump Source,Fold,NAFF,5/19,co-sign,clean,"2, 3, 6, 9, 11","tech house, dance, ambient techno","Patrick Holland, Priori, Skee Mask, HAAi, james K, Ayesha, CFCF",♡♡♡♡,7/19
digital,,ear,"""Ne Plus Ultra"" [single]",A24 Music/Virgin,5/19,co-sign,clean,single,"glitch pop, alt-pop, indietronica","Chanel Beads, james K, RIP Magic, Holy Fuck, caroline, oklou, Eartheater, Quiet Light",♡♡♡♡,7/19
digital,,Gawshock,Leaves to the Sun,Patchwork,5/19,shine on,clean,"3, 4, 6, 9","slowcore, slacker rock, lo fi","Wild Pink, Alex G, This Is Lorelei, Yo La Tengo, Hovvdy",♡♡♡,7/19
digital,,Nara's Room,"Tearless, thoughtless",Mtn. Laurel,5/19,terrorbomb,4,"2, 4, 9","indie rock, neo psychedelia, indietronica","Sword II, Frou Frou, Massive Attack, fantasy of a broken heart, youbet",♡♡,7/19
digital,,Junior Varsity,Ready,Key,5/19,terrorbomb,clean,"2, 3","indie pop, alt pop","Inner Wave, Glom, Lime Garden, New Order, Metric",♡♡♡♡,7/19
digital,,Touch Girl Apple Blossom,Graceful,K/Perennial,5/19,terrorbomb,clean,"2, 3, 4, 6, 9","indie pop, twee pop, jangle pop","Good Flying Birds, cootie catcher, Tiger Trap, Velocity Girl, Beat Happening",♡♡♡,7/19
digital,,Ramsey Thornton,I Called It!,Gar Hole,5/19,terrorbomb,clean,"1, 2, 4, 7, 8, 13","folk rock, indie rock, indie folk","Hudson Freeman, Buck Meek, Twain, Ken Pomeroy, Pinegrove",♡♡♡,7/19
digital,,Sam Gelband,That's All,self released,5/19,terrorbomb,9,"1, 2, 3, 4, 5","acoustic, indie folk, singer songwriter","Dean Johnston, Chris Acker, Esther Rose, Sam Doores, The Deslondes",♡♡,7/19
digital,,Towa Bird,Gentleman,Interscope,5/19,syndicate,"2*, 4*","1, 9, 4, 2","pop rock, indie pop","FIGHTMASTER, Devon Again, The Beaches, Carol Ades, Sophie Truax",♡♡♡♡,7/19
digital,,Bleech 9:3,Bleech 9:3 [EP],Interscope,5/19,syndicate,clean,"1, 2, 4","grunge, alternative rock, noise rock","Basht.,  Tooth,  the north, Keo, Esmerelda Road, overpass, Saint Clair",♡♡♡♡,7/19
digital,,Neo Dimes,Alone,self released,5/19,syndicate,3,"4, 1, 2","alternative, neo-industrial, darkwave","Siren Section, Paper Foxes, ZYkR, EELIAD, Nooar, Hex Formes",♡♡,7/19
digital,,Lawrence Kim,The Hours and Time,self released,5/19,syndicate,clean,"8, 2, 3","acoustic pop, singer-songwriter, acoustic rock","Scam Avenue, Yo La Tengo, car colors, Ivan Kadey Band, Oneida",♡,7/19
digital,,Aldous Harding,Train On The Island,4AD,5/19,pirate,clean,"2, 5, 10, 4, 3","indie folk, singer-songwriter","Big Thief, Cindy Lee, Jessica Pratt, REA, Eliza Noxon",♡♡♡♡,7/19
digital,,Olof Dreijer,Rosa Rugosa,dh2/Dirty Hit,5/19,pirate,clean,"5, 8, 1, 4, 7,14","electronic, experimental, techno","The Knife, Royksopp, Stromae, Avalon Emerson, Two Shell, Arca",♡♡♡♡,7/19
digital,,Happy Just to See You,Last Week's Horse,self released,5/19,pirate,"2, 6","5, 11, 1, 3, 8","alternative country, indie rock, emo","MJ Lenderman, Wilco, Ratboys, Deer Tick, The Gaslight Anthem, Futurebirds",♡,7/19
digital,,Tongues of Fire,Tongues of Fire,Godless America,5/19,pirate,clean,"1, 2, 3, 6, 8","post-punk, alternative rock","Ceremony, Nothing, Turnstile, Narrow Head, Basement, Death Lens",♡♡,7/19
digital,,Korean Boyfriend,Not About Space,Flowers,5/19,pirate,"1, 4","1, 4","psychedelic pop, experimental, synthpop, new wave","King Krule, Mac DeMarco, Alex G, Ginger Root, Of Montreal, Geese",♡♡,7/19
digital,,Vacations,"""Holy Grail"" [single]",Nettwerk,5/19,planetary,clean,single,"jangle pop, dream pop, surf rock, lo-fi","Rolling Blackouts Coastal Fever, Inner Wave, Ducks Ltd., Surf Curse, Her's, Vundabar",♡♡♡♡♡,7/19
digital,,Fat Dog,"""Go Love Urself"" [single]",Domino,5/19,planetary,clean edit available,single,"dance-punk, indie electronic","Model/Actriz, Mandy, Indiana, HMLTD, Gilla Band, HEALTH, Xiu Xiu",♡♡♡♡,7/19
digital,,Ebony Omar,"""Better Than Nothing"" [single]",self released,5/19,planetary,clean,single,"R&B, modern soul, gospel ","Brent Faiyaz, Kevin Abstract, Frank Ocean, Daniel Caeser",♡♡♡,7/19
digital,,E Lundquist,"""My Wings"" (ft. India Blue)",KingUnderground,5/19,planetary,clean,single,"modern jazz-funk, sci-fi jazz fusion, cosmic soul","Charlotte Day Wilson, SAULT, Cleo Sol, Terrace Martin, El Michels Affair, BADBADNOTGOOD",♡♡,7/19
digital,X,Various Artists,Mint 400 Records Presents 8 Track KnickKnacks,Mint 400,5/19,pirate,clean,"1, 2, 3, 6, 7, 11, 17","covers of 70s songs, indie","Big Star, Squeeze, Cheap Trick, The Cure, Patti Smith",♡,8/19
digital,X,Various Artists,Please Stand By: A Bad TV Presentation ,Bad TV,5/19,-,4,"1, 2, 3, 11, 12","Melodic House, Tech House, Dubstep, Indie Dance, EDM","KAYTRANADA,  Kobosil, Toro Y Moi, Blood Orange, ZHU, Oppidan, Diffrent, Pocket",not on spotify,8/19
digital,,Hammock,The Second Coming was a Moonrise,self released,5/26,shine on,clean,"2, 3, 5, 6, 7","ambient, post-rock, shoegaze, dream pop","Mogwai, Explosions In the Sky, Sigur Ros, Tim Hecker, Jon Hopkins",♡♡♡♡,7/26
digital,,Kevin Morby,Little Wide Open,Dead Oceans,5/26,secretly,7*,"1, 2, 3, 6, 7","americana, singer songwriter, folk rock","Big Thief, Lucinda Williams",♡♡♡♡,7/26
digital,X,Greg Mendez,Beauty Land,Dead Oceans,5/26,secretly,2*,"1, 5, 9, 13","singer-songwriter, indie folk","Wednesday, Alex G, Elliott Smith, This Is Lorelei",♡♡♡,7/26
digital,,April + VISTA,Traditional Noise,Third & Hayden,5/26,terrorbomb,clean,"2, 5, 7, 8, 9","alternative r&b, neo soul, neo psychedelia","Little Dragon, Kelela, Sault, Hiatus Kaiyote, Kadhja Bonet",♡♡♡,7/26
digital,,Thomas Dollbaum,Birds of Paradise,Dear Life,5/26,terrorbomb,"3, ""goddamn"" on 6","2, 4, 7, 10","folk rock, singer songwriter, alt country","Jason Molina, MJ Lenderman, Friendship, Colin Miller, Merce Lemon",♡♡♡,7/26
digital,,Gently Tender,This Was Once Fields [EP],TODO,5/26,terrorbomb,clean,"1, 2, 3","indie rock, BRITISH, post punk","Palma Violets, Nick Cave, shame, The New Eves, Bambara",♡♡♡,7/26
digital,,Shye,The Doves Came Home,self released,5/26,terrorbomb,clean,"5, 7, 9, 11, 12","dream pop, shoegaze","Slowdive, Wisp, Glixen, Softcult, she’s green",♡♡♡♡,7/26
digital,,Little Barrie,Gravity Freeze,Easy Eye Sound/Concord,5/26,co-sign,clean,"1, 2, 4","blues rock, garage rock, noise pop","The Black Keys, Ty Segall, Allah-Las, Oh Sees, Foxygen, The Mystery Lights",♡♡♡♡,7/26
digital,,aja monet,the color of rain,drink sum wtr,5/26,co-sign,use edits,"2, 4, 6, 13","jazz poetry, spoken word, jazz","Gil Scott Heron, Annahstasia, Mustafa, Moor Mother, Georgia Anne Muldrow, Noname",♡♡♡♡,7/26
digital,,Ecca Vandal,LOOKING FOR PEOPLE TO UNFOLLOW!,Loma Vista/Concord,5/26,co-sign,"2, 4*, 5, 6*, 8, 9, 12*, 13, 14, 16, 17","3, 4, 6, 7, 12","punk rock, alt-rap, dance-punk","Amyl & the Sniffers, Turnstile, Lambrini Girls, Snooper, Gurriers, SPRINTS, PJ Harvey, Nirvana",♡♡♡♡,7/26
digital,,Mexican Institute of Sound & Meridian Brothers,Ruido Tovar,Ansonia Records,5/26,co-sign,clean,"2, 4, 5, 9","cumbia, electronic, latin alt-pop","Combo Chimbita, Sotomayor, Bomba Estereo, Pachyman, Cochemea",♡♡♡♡,7/26
digital,,Angel Davanport & Bionik,Free Angel,Move Like An Angel,5/26,co-sign,"8*, 11*, 12","1, 2, 6, 7, 8","R&B, soul, singer/songwriter","Sasha Keable, Ella Mai, Nao, Kirby, Elijah Blake, Janine, Cleo Sol",♡,7/26
digital,,Blondshell,"""Heart Has To Work So Hard"" [single]",Partisan,5/26,co-sign,clean,single,"indie rock, alt-rock, pop rock","Liz Phair, Momma, Girlpool, Lush, Snail Mail, Samia, Squirrel Flower, Bully",♡♡♡♡,7/26
digital,,Christian Taylor,"""trust (you)"" [single]",BannerYeer,5/26,co-sign,clean,single,"indie rock, bedroom pop, .geeslop","Mk.gee, Mac Demarco, Alex G, Porches",♡♡,7/26
digital,,"Bug Club, The",Every Single Muscle,Sub Pop,6/2,shine on,use edits,"2, 6, 13, 24, 15","indie rock, alt rock, post punk","Wet Leg, SPRINTS, Modern Lovers, Parquet Courts, The Fall",♡♡♡♡,8/2
digital,,Chassol,Funny How?,Ludi Magister/Creature,6/2,shine on,"3, 6, 7, 9, 12, 13, 14","1, 2, 4, 10","nu jazz, avant garde jazz","Sam Gendel, Solange, Alabaster DePlume, Moondog, Joseph Shabason",♡♡♡,8/2
digital,,Iceage,For the Love of Grace & Hereafter,Mexican Summer,6/2,terrorbomb,"1*, 6, 11","1, 3, 4, 9","post-punk revival, indie rock, jangle pop","Pavement, Dean Blunt, Preoccupations, Fontaines D.C., Gang of Four",♡♡♡♡,8/2
digital,,feeble little horse,bitknot,Saddle Creek,6/2,terrorbomb,"8, 10, 11","2, 3, 4, 5, 7","indie pop, indietronica, noise pop","They Are Gutting A Body Of Water, Bassvictim, Chanel Beads, Sword II, SPIRIT OF THE BEEHIVE",♡♡♡♡,8/2
digital,,Tory Silver,In Through the Front with Lasers,Michi Tapes,6/2,terrorbomb,"""goddamn"" on 2","2, 3, 4, 5","indie folk, singer songwriter, indie pop","Katy Kirby, Samia, Palehound, Jay Som, Courtney Barnett",♡♡,8/2
digital,,Chaepter,Dragon of Shame,Flesh & Bone,6/2,terrorbomb,"2*, 3*, 9","2, 3, 4, 13","post punk, art punk, garage punk","Stuck, Protomartyr, Ulrika Spacek, Gilla Band",not on streaming,8/2
digital,,Widemouth,No Gasoline,Urban Scandal,6/2,terrorbomb,clean,"3, 7, 8, 11","alt country, singer songwriter, indie folk","Julien Baker, Big Thief, Wednesday, Ratboys, Gillian Welch",♡♡,8/2
digital,,Gigi Masin,Movement,Sacred Bones,6/2,terrorbomb,clean,"2, 4, 6, 7","ambient, house","Gaussian Curve, Alvedon, Nils Frahm, Lionmilk, C418, Harold Budd",♡♡♡♡,8/2
digital,,villagerrr,Carousel,Winspear,6/2,planetary,"1*, 6*","6, 2, 1, 3, 9","alt-country, folk, slacker rock","Teethe, Joyer, Dutch Interior, Merce Lemon, Wednesday",♡♡♡♡,8/2
digital,,Violet Grohl,Be Sweet To Me,Republic,6/2,planetary,3,"1, 2, 8, 9","alternative rock, indie rock, grunge-pop","Scowl, Snail Mail, Destroy Boys, Sir Chloe, Wilt",♡♡♡♡,8/2
digital,,Arcy Drive,one'n a million [single],Atlantic,6/2,syndicate,clean,single,"indie rock, garage rock revival","The Moss, Winyah, Racoma, moondoggy, Pretty Jane, flipturn",♡♡♡♡,8/2
digital,,Lila Drew,Same Old Song [single],self released,6/2,syndicate,clean,single,"indie pop, indie rock, singer-songwriter","Juliana Madrid, Beauty Queen, STYE, SISTRA, The Yves, Fauness",♡♡♡,8/2
digital,,Ed O'Brien,Blue Morpho,Transgressive,6/2,syndicate,clean,"2, 1, 4","art rock, psychedelic folk, ambient","Flea, Aldous Harding, Iceage, My New Band Believe, Friko",♡♡♡♡,8/2
digital,,All Them Witches,House of Mirros,BMG,6/2,syndicate,4,"9, 1, 6","blues rock, stoner rock, heavy psych","King Buffalo, Mars Red Sky, GAUPA, Elephant Tree, Truckfighters",♡♡♡♡,8/2
digital,,Phoenix James,Teeth [EP],Plus 1,6/2,syndicate,5*,"1, 3, 4","alternative r&b, soul, drum & bass","Khal!l, nomi., Casper Sage, Romeo + Juliet, Malaya, CARI, April + VISTA",♡♡♡,8/2
digital,,Stella Crest,Megalith,self released,6/2,syndicate,clean,"1, 3, 9, 8","alternative rock, indie rock","goldenstar, Julez and the Rollerz, Little Barrie, Filth is Eternal",♡,8/2
digital,,Lowertown,Ugly Duckling Union,Summer Shade,6/2,syndicate,"7*, 9, 11","1, 2, 5, 8, 7","indie rock, slacker rock, indie folk","Girlpool, Wet Leg, Feeble Little Horse, Pip Blom, Forth Wanderers, Sorry, Snail Mail",♡♡♡♡,8/2
digital,,Sungaze,I'm No Longer Afraid of Heights,Candlepin/Softseed,6/2,pirate,clean,"4, 2, 5, 6, 10","dream pop, shoegaze","Mazzy Star, she's green, Slowdive, Beach House, Softcult, Fazerdaze, Cocteau Twins",♡♡♡,8/2
digital,,HummusVacuum,x,Smartpunk,6/2,pirate,"1, 5, 7, 8, 9, 10","6, 3, 2, 4, 11","pop punk, emo-pop, post-hardcore","Jeff Rosenstock, Ben Quad, Origami Angel, Motion City Soundtrack, Joyce Manor, Home Is Where",♡♡♡,8/2
digital,,Deer Tick,Coin-O-Matic,ATO,6/2,pirate,"1, 11","2, 6, 4, 7, 5","folk rock, americana, alternative rock","Dawes, Delta Spirit, Fruit Bats, My Morning Jacket, The Decemberists, Wilco",♡♡♡♡,8/2
digital,,Sparta,Cut A Silhouette,Equal Vision/Dine Alone,6/2,pirate,clean,"2, 6, 1, 4, 7","post-hardcore, alternative rock, emo","Thrice, Cursive, At The Drive In, Quicksand, Basement, Militarie Gun",♡♡♡♡,8/2
digital,,Turnover,Down On Earth,Community,6/2,pirate,clean,"2, 3, 7, 1, 5","dream pop, indie rock, indie pop","Nothing, DIIV, The Cure, Day Wave, Wild Nothing, Post Animal, Glare",♡♡♡♡,8/2
digital,,Oakwood,Blurred Away,Memory,6/2,pirate,clean,"2, 3, 10, 4, 9","post-hardcore, midwest emo, screamo","Title Fight, Algernon Cadwallader, Tigers Jaw, Basement, Modern Baseball, Macseal",♡♡♡♡,8/2
digital,,Sharkswimmer,Course Correcting [EP],Trash Casual,6/2,pirate,clean,"4, 3, 1","post-hardcore, indie rock","Pope, Death Lens, Piebald, Footballhead, Dazy, Liquid Mike",♡,8/2
digital,,Carly Hann,Alone [EP],Dirty Hit,6/2,pirate,clean,"4, 1, 3","dream pop, indie folk","Mazzy Star, Babygirl, Lizzy McAlpine, Beabadoobee, Samia, Holly Humberstone",♡♡♡,8/2
digital,,of Montreal,aethermead,Polyvinyl,6/9,shine on,"4, 6, 8","1, 2, 5, 12","indie pop, psych pop, indie rock","MGMT, Animal Collective, Superorganism. Beck, Phoenix, Foxygen",♡♡♡♡,8/9
digital,,SLIFT,Fantasia ,Sub Pop,6/9,shine on,clean,"1, 4, 7, 8","heavy psych, space rock, stoner metal","King Gizzard, Ty Segall, Mogwai, Flaming Lips, Pink Floyd",♡♡♡♡,8/9
digital,,"Lee ""Scratch"" Perry & Mouse on Mars ","Spatial, No Problem.",Domino,6/9,shine on,clean,"1, 2, 7","electronic, reggae, experimental","George Clinton, Aphex Twin, Tortoise, Squarepusher, Bob Marley",♡♡♡♡,8/9
digital,,Widowspeak,Roses,Captured Tracks,6/9,terrorbomb,clean,"2, 4, 7, 9","indie rock, indie folk, dream pop","Mazzy Star, The Sundays, Yo La Tengo, Big Thief, Cat Power, The La’s",♡♡♡♡,8/9
digital,,Boards of Canada,Inferno,Warp,6/9,terrorbomb,clean,"2, 7, 10, 12","downtempo, IDM, ambient, hauntology","Aphex Twin, Autechre, Oneohtrix Point Never, Vegyn, Floating Points",♡♡♡♡♡,8/9
digital,,Rosa Walton,Tell Me It's A Dream,Transgressive,6/9,terrorbomb,4,"1, 2, 6, 7","indie pop, new wave, pop rock","Let’s Eat Grandma, Jenny on Holiday, The Last Dinner Party, illuminati hotties, Magdalena Bay, Gelli Haha",♡♡♡♡♡,8/9
digital,,FIGHTMASTER,Tolerance,self released,6/9,terrorbomb,6,"2, 3, 7, 8","dance pop, pop rock, singer songwriter","MUNA, TORRES, Becca Mancari, Julien Baker, Sharon Van Etten",♡♡♡♡,8/9
digital,,Slippers,Slippers 08,Perennial/K,6/9,terrorbomb,clean,"2, 3, 6, 10","jangle pop, slacker rock, twee","Dear Nora, The Apples In Stereo, Yucky Duster, Good Flying Birds, Tiger Trap",♡♡♡,8/9
digital,,Vansire,Taking Solace,self released,6/9,terrorbomb,6,"2, 9, 10","dream pop, bedroom pop, indie pop","Men I Trust, Her’s, Kings of Convenience, Triathalon, Drugdealer, Washed Out",♡♡♡♡♡,8/9
digital,,Lukka,Wendekind,self released,6/9,syndicate,clean,"7, 1, 3, 5","psychedelic pop, dream pop","Plant Dad, Moon Machine, Orbit 17, GIFT, Modern Stars, The Dandelion",♡♡♡,8/9
digital,,madfolk,madfolk,Royal Mountain Records,6/9,syndicate,7,"8, 2, 6","pop punk, power punk, alternative rock","Lake Rana, Blind Boxing, Joybomb, Conservatives, reb fountain, old amica",♡♡♡,8/9
digital,,Death Cab for Cutie,I Built You A Tower,Anti-,6/9,pirate,clean,"9, 2, 6, 3, 4","indie rock, post-punk revival, indie pop","Broken Social Scene, Modest Mouse, Vampire Weekend, Bombay Bicycle Club, The Shins, Wolf Parade",♡♡♡♡♡,8/9
digital,,Zoh Amba,Eyes Full,Matador,6/9,pirate,clean,"3, 2, 6, 4, 7, 9","slacker rock, alt-country, noise rock","Waxahatchee, Big Thief, Courtney Barnett, Yoko Ono, Ratboys, Jessica Pratt, Joanna Newsom, Cate Le Bon",♡♡♡,8/9
digital,,The Creem,Taste of Cherry,CMN,6/9,pirate,clean,"1, 2, 7, 3, 6","classic rock, indie rock","Of Montreal, Dr. Dog, The Lemon Twigs, Cameron Winter, The Voidz, Dirty Projectors",♡♡,8/9
digital,,Hammok,When Does This Become Our Scene,Sargent House,6/9,pirate,"1, 2, 3, 9, 10, 11, 12","7, 5, 4, 1, 3, 9","post-hardcore, screamo, noise rock","Chat Pile, mclusky, Angel Dust, The Armed, Metz, Soul Glo, Drug Church",♡♡♡,8/9
digital,,The Aggrolites,Super Atomic,Pirates Press,6/9,pirate,clean,"7, 10, 6","dirty reggae, reggae, ska","The Clash, The Slackers, Madness, Toots & The Maytals, The Specials",♡♡♡,8/9
digital,,Edging,Unload Your Shame,Hex,6/9,planetary,"3, 7, 11, 12","5, 10",,"Jeff Rosenstock, Amyl and the Sniffers, Upchuck, Snooper, Les Savy Fav, Die Spitz, Lambrini Girls",,8/9
digital,,Vince Staples,Cry Baby,Loma Vista / Concord,6/9,co-sign,use edits,"1, 3, 6, 8, 9","alt-rock, hip-hop, ...post-punk?","Kendrick Lamar, Earl Sweatshirt, Danny Brown, Denzel Curry, Pink Siifu",♡♡♡♡♡,8/9
digital,,Jalen Ngonda,Doctrine of Love,Daptone,6/9,co-sign,clean,"2, 3, 4, 9","soul, like straight out of the 60s ","Curtis Harding, Thee Sacred Souls, Durand Jones, Marvin Gaye, Allen Stone, Sharon Jones",♡♡♡♡♡,8/9
digital,,zzzahara,Distant Lands,Lex Records,6/9,co-sign,clean,"3, 4, 5, 13","dream pop, bedroom pop, indie pop","spill tab, Winter, girl in red, Jay Som, Hannah Jadagu, Indigo De Souza",♡♡♡♡,8/9
digital,,DJ Seinfeld,If This Is It,Ninja Tune,6/9,co-sign,use edits,"1, 2, 3, 4, 6, 7, 9","progressive house, future garage","Disclosure, Sammy Virji, Disco Lines, Jayda G, Romy, salute",♡♡♡♡♡,8/9
digital,,Satya,Yellow House,Checker Print,6/9,co-sign,clean,"1, 2, 3, 7","R&B, folk, soul, indie rock","Lianne La Havas, Adrianne Lenker, Corinne Bailey Rae, Cleo Sol",♡♡♡,8/9
digital,,Tatyana Jane,Discordia - EP,Ed Banger / Because Music,6/9,co-sign,"1, 2","2, 3, 4","electronic, techno, ""Afroclash""","Sudan Archives, MIA, Nia Archives, Two Shell, Shygirl, SHERELLE, Y U QT",♡♡,8/9
digital,,Debo Ray,Echoes & Embers,Debo Ray Unlimited,6/16,planetary,clean,4,"R&B, funk, jazz, rock, world beat, metal, opera","Doja Cat, Estelle, Janelle Monáe, Dua Lipa, Gavin Turek",♡♡,8/16
digital,,Chelsea Days,Something,Vero Labs ,6/16,planetary,clean,single,"indie rock, lo-fi, indie pop, dreampop, psych-rock","Day Wave, Hippo Campus, Vacations, Ducks Ltd, Famous Friend, Video Age, Double Wish",♡♡♡,8/16
digital,,Mixol,bibiboobiboo,self released,6/16,planetary,clean,single,"art-pop, alt-pop, singer-songwriter","Bjork, Kate Bush, Cocteau Twins, Caroline Polacheck, Grimes",♡,8/16
digital,,Funkwrench Blues,THIS IS THE ONE! (raison d'être),Need to Know Music,6/16,planetary,clean (instrumental),"3, 7, 1","fusion, jazz, funk, blues, rock","Miles Davis, Frank Zappa, Casiopea, Steely Dan, Herbie Hancock",♡♡♡,8/16
digital,,La Sécurité,Bingo!,Mothland,6/16,planetary,"1*, 4","1, 2, 3, 6","no wave, noise rock, shoegaze, post-punk, art punk, new wave ","Dry Cleaning, Le Tigre, PyPy, Snõõper",♡♡♡,8/16
digital,,Cherry Pick,:3,Light Organ Records,6/16,planetary,clean,1,"grunge-gaze, shoegaze, DIY punk, modern alternative rock","Alvvays, Swirlies, Swapmeet, feeble little horse, Winter, Weatherday",♡♡♡,8/16
digital,,Myth Math,Lift,Illegal Art,6/16,planetary,clean,"1, 2","indie pop, experimental, electronic, alternative, singer-songwriter, avant-garde","Girl Talk, Jockstrap, Floating Points, Sufjan Stevens, Eddie Chacon, Animal Collective",♡,8/16
digital,,Ecca Vandal,LOOKING FOR PEOPLE TO UNFOLLOW,Loma Vista/Concord,6/16,planetary,use edits,"6, 4, 7, 12","riotgrrrl, punk rock, hip-hop, and electronic","Die Spitz, Mannequin Pussy, Lambrini Girls, Amyl and The Sniffers, Scowl, Waax",♡♡♡♡,8/16
digital,,Ghinzu,W.O.W.A.,Play It Again Sam,6/16,planetary,"1*, 11*","2, 3, 4","art rock, alt rock, prog rock, electronic","Pulp, The Strokes, The National, Dear Boy, Cashier, MX Lonely, Archive",♡♡♡♡,8/16
digital,,girli,it's just my opinion,Believe UK,6/16,co-sign,"1, 2, 3, 8, 11","11, 2, 7, 8, 6","alt-pop, bubble-punk, indie sleaze, contemporary pop","Tegan and Sara, Muna, G-Flip, Maude Latour, Hayley Kiyoko, Chapell Roan, Ashnikko",♡♡♡♡,8/16
digital,,Sosyete '25,Yaygara,Tru Thoughts,6/16,co-sign,clean,"1, 3, 5, 2","disco pop, funk, Turkish poeticism","Kit Sebastian, Altin Gun, Yin Yin, Vanishing Twin, L'Eclair, Los Bitchos, Rupa, Gaye Su Akyol, Rogér Fakhr",♡♡♡,8/16
digital,,Sylvan Esso,Hot Slob,Psychic Hotline,6/16,co-sign,clean version,single,"alternative, electropop, indie, indie pop","Tune-Yards, Feist, Perfume Genius, Maggie Rogers, Vagabon, Little Dragon, Rostam, Jon Hopkins",♡♡♡♡,8/16
digital,,L'Rain,soulless cycle,Mexican Summer,6/16,co-sign,clean,single,"experimental pop, neo-psychedelia, psychedelic soul, art pop, gospel, jazz","Yves Tumor, keiyaA, Kelsey Lu, Spirit of the Beehive, Nilüfer Yanya",♡♡♡,8/16
digital,,Nick Hakim,I Can See,Earseed Records,6/16,co-sign,clean,"1, 5, 12","neo-soul, psychedelic soul, indie, R&B","Moses Sumney, duendita, Charlotte Day Wilson, Orion Sun, Kadhja Bonet",♡♡♡♡,8/16
digital,,"DESIREE, Emmanuel Jal",Macho,Ninja Tune,6/16,co-sign,clean,Macho,"house, electronic","Yamil, Kitty Amor, Nitefreak, &ME",♡♡♡♡,8/16
digital,,Orange Doors,Corn Planet [EP],self released,6/16,syndicate,clean,"3, 4, 5","psychedelic pop, marching band, psychedelic pop","Hank Johannes, July Morning, The Chalks, Fast Trains, Montgomery Night",♡♡,8/16
digital,,Telescreens,Why The Lights Flicker,Plus 1,6/16,syndicate,10*,"19, 3, 11, 18","alternative rock, indie pop","alexsucks, The Dead Bolts, Common People, Wes Parker, Dumb Crush",♡♡♡,8/16
digital,,Kelsey Lu,So Help Me God,Dirty Hit,6/16,pirate,9*,"4, 10, 5, 2, 9","art pop, chamber folk, singer-songwriter","FKA Twigs, Tei Shi, Tirzah, Kelela, Saya Gray, Caroline Polachek, Arlo Parks",♡♡♡♡,8/16
digital,,Piebald,Tales for the Rages,Iodine,6/16,pirate,4*,"7, 1, 2, 9, 4","alternative rock, emo-pop, post-hardcore","Jimmy Eat World, The Get Up Kids, Motion City Soundtrack, Jeff Rosenstock, Joyce Manor",♡♡♡,8/16
digital,,Sports Boyfriend,Slice of Life,Body Rust,6/16,pirate,4*,"2, 8, 9, 5, 4","indie rock, alt-country","Ratboys, Waxahatchee, Jenny Lewis, Bnny, Courtney Barnett, Remember Sports, Wednesday",♡♡,8/16
digital,,Big D and the Kids Table,The Good Ole American Saturday Night,SideOneDummy,6/16,pirate,"2, 3, 5, 10, 11, 13, 14","7, 4, 6, 12, 9","ska punk, reggae","Rancid, Less Than Jake, The Mighty Mighty BossToneS, The Suicide Machines, Mad Caddies, Jeff Rosenstock",♡♡♡♡,8/16
digital,,Kit Major,Miss Ego [EP],Futureless,6/16,pirate,"3, 5","2, 4, 1","pop punk, alternative rock","Joan Jett, Amyl and The Sniffers, The Linda Lindas, Be Your Own Pet, Pom Pom Squad, Death Valley Girls, Garbage, VIAL",♡♡,8/16
digital,,Teen Blush,2019,Spirit Goth Records,6/16,pirate,clean,"2, 3, 6, 8, 10","dreampop, shoegaze, and alternative rock","Current Joys, Beach Fossils, The Drums, Deerhunter, Launder",♡♡♡,8/16
digital,,Ismay,Half Truth,Fossil Records,6/16,terrorbomb,clean,"1, 2, 3, 4, 8","alt-country, alternative folk, ","Esther Rose, The Weather Station, Hurray for the Riff Raff, Bonny Light Horseman, Odie Leigh",♡♡,8/16
digital,,mary in the junkyard,Mouse,AMF Records,6/16,terrorbomb,single,single,"art rock, indie rock, experimental rock","Black Country New Road, English Teacher, Man/Woman/Chainsaw, Honeyglaze, Lime Garden",♡♡♡♡,8/16
digital,,Clarion,Blue Fairy [EP] ,Broke Records,6/16,shine on ,clean,"1, 4, 5, 3","shoegaze, post-punk","Rocket, Alvvays, Wednesday, Slow Pulp",♡♡♡♡♡,8/16
digital,,Fly Anakin,(The) Forever Dream ,Lex Records,6/23,co-sign,USE EDITS,"5, 2, 3","hip hop, jazz rap, abstract hip hop, boom bap","Pink Siifu, Freddie Gibbs",♡♡♡♡,8/23
digital,,The Limiñanas,Live at Beaubourg,Berreto Music under exclusive license to Because Music license,6/23,co-sign,instrumental,N/A,"garage rock, neo-psychedelia,1960s French pop (yé-yé)","Vega Voga, Baxter Dury, Tess Parks, Fat White Family",♡♡♡♡,8/23
digital,,District Five,GLUT,Stone Pixel Records,6/23,co-sign,clean,N/A,"art-rock, experimental jazz, math-rock, post-punk","Gideon Black, Saudi Oil, Sunglaciers, WIDGET",♡♡,8/23
digital,,"Saul Williams, Moor Mother",Conspiracy [single],Big Dada,6/23,co-sign,clean,single,"avant-garde hip-hop, spoken word poetry, jazz","Open Mike Eagle, Kenny Segal, Black Thought, clipping.",♡♡♡♡,8/23
digital,,Zoon,Happy Thought School,Paper Bag,6/23,planetary,clean,"2, 4, 6","shoegaze, dreampop, neo-psychedelia","Pale Saints, Slowdive, Mogwai, Widowspeak, Bodywash",♡♡♡,8/23
digital,,Guitar Wolf ,More Jet,Guitar Wolf,6/23,planetary,clean,"2, 5"," garage rock, hard rock, noise rock, punk blues","Hi-Standard, Descendents, Black Flag, Bad Brains",♡♡♡,8/23
digital,,Virg,Thisworldisyours [single],Self Released,6/23,planetary,clean,single,"synth pop, indie pop, electronic","Jessie Ware, Born at Midnite, Say She She, Marci",♡♡♡,8/23
digital,,Margo Mann,Shapeshifter,PIAS Australia,6/23,planetary,clean,single,"indie pop, indie folk, chamber pop","Angel Olsen, Faye Webster, Clairo, Mitski, Sarah Kinsley, Weyes Blood",♡♡,8/23
digital,,Elephant Stone,Fascists Killed Yer Rock 'N' Roll,Elephants on Parade,6/23,planetary,clean,"1, 2","neo-psychedelia, psychedelic pop, psychedelic rock","The Black Angels, Pond, Temples, Tame Impala, White Fence, GUM, Levitation Room, The Warlocks",♡♡♡,8/23
digital,,Born At Midnite,Every Single Time,Arbutus Records,6/23,planetary,clean,"2, 4, 9, 12","punk, techno, house, new wave","Gelli Haha, Amery, Tops, Magdalena Bay, strongboi",♡♡♡♡,8/23
digital,,Bye Parula,Something Of Nothing,Secret City Records,6/23,planetary,clean,"2, 1, 4, 7","progressive indie pop, art-pop, orchestral funk","Jungle, Parcels, Snarky Puppy, KAYTRANADA",♡♡♡♡,8/23
digital,,Sook-Yin Lee,72RHR,Hand Drawn Dracula,6/23,planetary,clean,"1, 6","electronic, avant-folk, art-punk, singer-songwriter","Faye Wong, Bob's Your Uncle, Thom Yorke, Trent Reznor, Massive Attack, Portishead",♡♡,8/23
digital,,Brockhoff,Easy Peeler,PIAS Recordings,6/23,planetary,clean,"1, 4, 6","indie rock, dreampop, art rock","mary in the junkyard, Momma, Samia, Soccer Mommy, Alvvays, Sorry, Bully",♡♡♡,8/23
digital,,Jordan Burchel,With Everything Going On,self released,6/23,syndicate,"4, 9","10, 1, 2","indie pop, indie rock, folk","Field Trip, Eastern Souvenirs, Jackson Roy, Olle Schelin, Dylan Pham",♡♡,8/23
digital,,Snarls,In Heaven There's Rainbows,Take This To Heart,6/23,syndicate,2*,"2, 3, 5","indie rock, power pop, grunge","Lucky, Kid Sistr, Janelane, Francis of Delirium, After Louise, Slow Fiction",♡♡♡♡,8/23
digital,,King Ropes,The Unknown,Big and Just Little,6/23,pirate,clean,"1, 2, 3, 10, 8, 13","psychedelic rock, americana","Kurt Vile, Lambchop, Built To Spill, Purple Mountains, King Gizzard, Grandaddy",♡♡♡,8/23
digital,,Tremolo Fields,red birds on a branch [EP],Ready Sky,6/23,pirate,clean,"3, 1, 2","alt-folk, singer-songwriter, electronic","Bon Iver, The National, Loma, S. Carey, The Antlers, Field Report, Wild Pink",♡♡,8/23
digital,,Gilt,I Saw Myself In The Black Screen,Smartpunk,6/23,pirate,3,"2, 12, 9, 4, 10","emo, post-hardcore, pop punk","Gouge Away, Touche Amore, Scowl, Thursday, Jivebomb, Pinkshift",♡♡,8/23
digital,,Atta Boy,Silt,Diamond City,6/30,syndicate,"1, 8","4, 6, 7","indie rock, alt-country, indie pop","The Wild Reeds, Odie Leigh, The Greeting Committee, Bendigo Fletcher, Field Medic",♡♡♡♡,8/30
digital,,ill peach,EAVESDROPPING,Handwritten,6/30,pirate,"5, 10","2, 8, 7, 6, 3","alt-pop, dreampop, pop rock","Beabadoobee, spill tab, Lykke Li, Phantogram, Soccer Mommy, Blondshell, Holly Humberstone",♡♡♡,8/30
digital,,Sincere Engineer,Probable Claws,Hopeless,6/30,pirate,clean,"2, 6, 1, 3, 9","emo, pop punk, folk punk","Bully, Laura Jane Grace, Alex Lahey, Ratboys, Winona Fighter, Gladie, Remember Sports, The Menzingers",♡♡♡,8/30
digital,,Bike Routes,Prairie,Blue Grape,6/30,pirate,"1*, 2*, 3*, 7*, 8*","9, 3, 2, 1","pop rock, emo-pop, indie rock","The Wonder Years, The Menzingers, The Gaslight Anthem, Bleachers, Sam Fender, The Hold Steady, The National, Front Bottoms",♡♡♡♡,8/30
digital,,Fiddlehead,Baby I'll Change [EP],Run For Cover,6/30,pirate,clean,"3, 1, 2","emo, post-hardcore, alternative rock","Basement, Turnstile, Title Fight, Glitterer, Drug Church, Militarie Gun, Angel Du$t, Tigers Jaw, Anxious",♡♡♡♡,8/30
digital,,Beth Orton,The Ground Above,Partisan Records,6/30,co-sign,"clean (radio edit here) - if you are denied access, text carter @ 8569123851","4, 1, 8, 3","folktronica, singer songwriter, triphop, folk rock","Sharon Van Etten, PJ Harvey, Lucinda Williams, Cate Le Bon, Julia Jacklin, Ada Lea, Angel Olsen",♡♡♡♡,8/30
digital,,Devon Gilfillian,Time Will Tell,Fantasy,6/30,co-sign,8,"3, 5, 2, 4","soul, gospel blues, R&B, country","Yola, St. Paul & The Broken Bones, Aida Victoria, Allen Stone",♡♡♡♡,8/30
digital,,Alewya,Zero,LDN Records,6/30,co-sign,clean edits,"7, 2, 14, 9, 4, 12","alternative R&B, electronic, afro-swing, global soul","Crystal Murray, Greentea Peng, Lava La Rue, Dua Saleh, Ibeyi, Sampa the Great",♡♡♡♡,8/30
digital,,"E. VAX, Ratatat",Just Like Fire,Perfect Branch,6/30,co-sign,clean,"2, 1, 5","experimental, hip hop, electronic rock, indietronica","Vegyn, Tycho, Bonobo, Moby, Maribou State, Four Tet, HAAi",♡♡♡♡,8/30
digital,,Christian Taylor,precious,BannerYeer Recordings,6/30,co-sign,clean,"2, 4, 5","singer-songwriter, alternative, dream pop, indie folk","Mk.gee, Mac Demarco, Alex G, Porches",♡♡,8/30
digital,,"corto.alto, Vector",GO,Ninja Tune,6/30,co-sign,clean edit for track 1,"1, 2, 3, 4","contemporary jazz, broken beat, electronica, dub, punk","BadBadNotGood, Alfa Mist, Robert Glasper, Kamasi Washington",♡♡♡♡,8/30
digital,,Orquesta Akokán,América!,Daptone,6/30,co-sign,clean,"1, 2","mambo, latin jazz, son Cubano, Afro-Cuban jazz","Benny More, Combo Chimbita, Irakere, Willie Rosario, Buena Vista Social Club, Fania All-stars",♡♡♡,8/30
digital,,Y U QT,Call My Name / Really Works,Technicolour,6/30,co-sign,clean,"1, 2","house, garage rock, electronic, techno","Sammy Virji, Overmono, Disclosure, I.JORDAN, Surusinghe, Myd, Aluna",♡♡♡♡,8/30
digital,,Latroit House Ensemble,Beautiful People,House of Latroit,6/30,co-sign,clean,single,"house, soul, jazz, disco","Jamiroquai, Chaka Khan, Barbara Tucker, Daft Punk, Bellaire",♡♡,8/30
digital,,knitting,Souvenir,Mint,6/30,planetary,8,"5, 1, 3","indie rock, grunge, shoegaze","Wednesday, Sonic Youth, Pixies, Pavement, Slow Pulp, Hole, Nirvana",♡♡,8/30
digital,,Georgia Gets By,Heavy Meadow,Georgia Gets By,6/30,planetary,clean,"3, 2, 4, 8","dream pop, synthpop, psychedelic pop, folk","BROODS, Lucy Dacus, PACKS, Hatchie, Winter, boygenius",♡♡♡♡,8/30
digital,,Yard Act,New Beginnings,Republic,6/30,planetary,clean edit,"1, 2","post punk, art punk, indie rock","shame, Queens of The Stone Age, IDLES, Viagra Boys, Fat Dog, The Fall",♡♡♡♡,8/30
digital,,Flytrap,Weapon of Mass Creation,Flytrap,6/30,planetary,clean,"8, 7, 2","funk, acid jazz, soul, hip hop","Raye, Erykah Badu, Hiatus Kaiyote, Kadhja Bonet",♡♡,8/30
digital,,C.O.F.F.I.N.,Sleep In It,pdoomrecords,6/30,planetary,clean,single,"surf rock, thrash, skate punk, hard rock","The Chats, Idles, White Reaper, Fucked Up, Viagra Boys",♡♡♡,8/30
digital,,Empanadas Ilegales,Elbis Cresli (la cajita feliz de),We Are Time Records,6/30,planetary,clean,single,"salsa, surf rock, free jazz, psychedelic","Combo Tezeta, Los Baby Jaguars, Hotel De Nova, Mambo Negro, Mestizo Music Collective",DF,8/30
digital,,Gizmo,Gift Shop,Victory Pool,6/30,planetary,clean,"1, 2","grunge pop, shoegaze, power pop","Sunny Day Real Estate, Jets To Brazil, Pavement, Silver Jews, Dinosaur Jr., Built to Spill, Origami Angel",♡♡,8/30
digital,,Total Tommy,Winona Forever,Play It Again Sam,6/30,planetary,clean,"1, 2","alternative, indie rock, grunge pop","Wishy, Georgia Gets By, Lutalo, zzzahara, Momma, Beach Vacation, CASTLEBEAT, flipturn, Junior Varsity, Porches",♡♡♡,8/30
digital,,Blue Umbrella,Reckessly Yours,Self-Released,7/7,planetary,11,1,"folk rock, rock","The Gun Club, Television, Gang of Four, Kurt Vile",♡,9/7
digital,,Teilz,17,Self-Released,7/7,planetary,clean,single,"disco, funk, dance, electronic","The Slits, Lizzy Mercier Descloux, ESG, The Raincoats",♡♡♡,9/7
digital,,Ladaniva,Yasaman,PIAS Recordings France,7/7,planetary,clean,single,"global fusion, reggae, jazz, maloya","Antena, Saada Bonare, Tinariwen, Deradoorian, Natalia Lafourcade, Silvana Estrada, Lizzy Mercier Descloux",♡♡♡♡,9/7
digital,,Hovvdy,Big World ,Arts & Crafts,7/7,co-sign,clean,singles!,"indie rock, indie folk, bedroom pop, slowcore","Whitney, Wilco, Wishy, Real Estate, Alex G, MJ Lenderman",♡♡♡♡,9/7
digital,,Allison Russell,In the Hour of Chaos,Fantasy,7/14,co-sign,clean,"4, 3, 2, 1, 9","americana, folk, soul, R&B","Valerie June, Joy Oladokun, Brandi Carlile, Amythyst Kiah, Madison Cunningham, Lizzie No",♡♡♡♡,9/14
digital,,Chuck Strangers,Glory of the King's Hand,Lex Records,7/14,co-sign,edits,"3, 8, 16, 10","hip hop, east coast hip hop, boom bap, abstract hip hop","billy woods, Armand Hammer, Ka, The Alchemist, Pink Siifu, Mach Hommy, Navy Blue",♡♡♡♡,9/14
digital,,Ezra Collective,Well Organised,Partisan Records,7/14,co-sign,clean,"1, 2","modern jazz, reggae, hip hop","SAULT, Nubiyan Twist, Makaya McCraven, Ego Ella May, Nubya Garcia, Hiatus Kaiyote",♡♡♡♡♡,9/14
digital,,"Joyce Moreno, Tutty Moreno, Adrian Younge",Jazz Is Dead,Jazz Is Dead,7/14,co-sign,clean,three singles (so far),"jazz, samba, bossa nova","Gal Costa, Rogê, Bruno Berle, Marcos Valle, Milton Nascimento",♡♡,9/14
digital,,ear,Rumspringa,ear,7/14,co-sign,"2, 4","3, 1, 8, 10","indietronica, glitch pop, electronic pop","Chanel Beads, james K, RIP Magic, Holy Fuck, caroline, oklou, Eartheater, Quiet Light, The Books",♡♡♡♡,9/14
digital,,Brian Jackson,Now More Than Ever,BBE Music,7/14,co-sign,3,"2, 12, 8, 4, 15","2, 12, 8, 4, 15","Gil Scott-Heron, Butcher Brown, Nubiyan Twist, Anderson .Paak",♡♡♡,9/14
digital,,sundayclub,SUNDAYCLUB,Paper Bag Records,7/14,planetary,8,"7, 2, 3, 4","dream pop, indie pop, indie rock","Day Wave, Hippo Campus, Vacations, Ducks Ltd, Famous Friend, Video Age, Double",♡♡♡,9/14
digital,,Truck Violence,The weathervane is my body,The Flenser,7/14,planetary,"4, 9","5, 6, 1","post-hardcore, noise rock, sludge metal","Chatpile, Acid Bath, The Jesus Lizard, Prostitute, Daughters, Palehorse",♡♡♡,9/14
digital,,Magi Merlin,POWER HOUSE,ONErpm,7/14,planetary,edits,"8, 2, 4, 11","R&B, neo-soul, hip-hop, indie pop, electronic ","Joyce Wrice, AlunaGeorge, Anderson .Paak, KAYTRANADA",♡♡♡♡,9/14
digital,,Adult DVD,Cowboy On Aisle Three,Fat Possum Records,7/14,planetary,clean,"1, 2"," dance-punk, post-punk, electronic, acid house","Sextile, The Dare, LCD Soundsystem, The Hellp, Fcukers",♡♡♡,9/14
digital,,Winter,hollow (mixtape version),Winspear,7/14,planetary,clean,single,"dream pop, shoegaze, indie rock, indie pop","Tanukichan, Horse Jumper of Love, Wombo, Wishy, Melody's Echo Chamber",♡♡♡♡,9/14
digital,,Allah-Las,Pt. Conception,Mexican Summer,7/14,planetary,clean,"1, 2","psychedelic rock, indie surf, garage rock","Ty Segall, Wand, The Babe Rainbow, Real Estate, Night Moves, Foxygen",♡♡♡♡,9/14
digital,,god of war,molly picture,Julia's War Recording,7/14,planetary,clean,"4, 7","instrumental Hhp hop, neo-psychedelia, indietronica","villagerrr, Teethe, @, untitled (halo)",♡♡,9/14
digital,,Absolute Lilt,Dreaming in Lilt,Heavenly Recordings ,7/14,planetary,clean,"1, 2","Irish folk, R&B","Jessica Hoop, Sammy Rae & The Friends, Daisy the Great, Lisa O’Neill, The A's",♡♡,9/14
digital,,Martha Reeves,To Know You is to Love You,Martha Reeves,7/14,planetary,clean,single,"R&B, soul, pop, motown","Martha Reeves & The Vandellas, The Supremes, The Marvelettes, The Temptations, The Spinners",♡♡♡,9/14
digital,,Panda Bear & Sonic Boom,A ? of WHEN,Domino,7/14,syndicate,clean,"5, 10, 9, 2","neo-psychedelia, art pop, baroque pop","Tonstartssbandht, Spacemen 3, Avey Tare, Cate Le Bon, Spectrum",♡♡♡,9/14
digital,,Show Me The Body,Alone Together,Loma Vista/Concord,7/14,syndicate,"2, 5, 8, 10","6, 5, 2, 3","post-hardcore, noise rock, rap rock","Black Dresses, Indigo De Souza, Self, yeule, Susannah Joffe, Dazey and the Scouts",♡♡♡♡♡,9/14
digital,,The Garden,Bootleg,Epitaph,7/14,pirate,"1, 4, 7, 8, 9, 10, 13","5, 2, 3, 11, 14","art punk, post-punk, experimental rock","Mac DeMarco, Tijuana Panthers, Ty Segall, Snooper, Preoccupations, The Drums",♡♡♡♡,9/14
digital,,Will Scheff,Extra Mile,Solid Ghost,7/14,pirate,"5, 7","6, 3, 2, 4, 9","singer-songwriter, indie folk, folk rock","Father John Misty, The Antlers, Matt Berninger, Destroyer, Christian Lee Hutson, David Berman",♡♡♡,9/14
digital,,Bashful,Til It Makes You Sick,Smartpunk,7/14,pirate,"3, 4, 6, 10","1, 7, 9, 2, 5","pop punk, power pop","Green Day, Joyce Manor, New Found Glory, Prince Daddy & The Hyena, Jeff Rosenstock",♡,9/14
digital,,Adrian Younge,Afro-Disco Makossa,Linear Labs,7/14,co-sign,clean,"2, 5, 6, 1","jazz, highlife, afro-beat","Fela Kuti, Tony Allen, Ebo Taylor, Manu Dibango, William Onyeabor, Mulatu Astatke, Cymande, Antibalas, Budos Band",♡♡♡♡,9/14
digital,,Bade,eta [single],DOLA,7/21,syndicate,clean,single,"pop, foreign language","KARDELEN, Alaca, Kaan Arslan, Berika, Polen, Ediz Aksay, zei",♡♡,9/21
digital,,The Menzingers,Everything I Ever Saw,Epitaph,7/21,pirate,"3, 5, 7, 8","11, 1, 2, 6, 7","punk, alternative rock, pop punk","The Hold Steady, The Gaslight Anthem, Joyce Manor, Jeff Rosenstock, Spanish Love Songs, Pup",♡♡♡♡,9/21
digital,,obli,Soft Speak,Anjunachill,7/21,co-sign,clean,"9, 3, 1, 2","electronic, lo-fi, downtempo, indie and dance ","Vegyn, Tycho, Bonobo, Moby, Maribou State, LCD Soundsystem",♡♡♡♡,9/21
digital,,Tricky,Different When It's Silent,False Idols,7/21,co-sign,"3, 6, 10","14, 8, 1, 2, 11","electronic, trip hop, indie","Bjork, Massive Attack, Burial, Roots Manuva, James Blake",♡♡♡♡♡,9/21
digital,X,Mic King,Hallelujah EP,Firm Language,7/21,co-sign,clean (edits for airplay available),"1, 2, 3","hip hop, rap, experimental, ambient","DR. Moriarity, Ghetto-T., True2kali, Scoop Deville",♡♡♡,9/21
digital,,Psychedelic Porn Crumpets,Okarena,What Reality?,7/21,co-sign,clean,single,"psychedelic rock, rock, garage punk","The Murlocs, Fontaines DC, King Gizzard & The Lizard Wizard, Tropical Fuck Storm, The Chats",♡♡♡♡,9/21
digital,,Actress,Overchord,Ninja Tune,7/21,co-sign,2,"1, 3, 4","electronic, experimental techno, neopsychedelia","Jump Source, Loraine James",♡♡♡♡,9/21
digital,,The Wheel Workers,Spreading The Fire,Lethargic Records,7/21,planetary,clean,single,"indie, psychedelic rock","Alice In Chains, Deftones, Tool, Jane’s Addiction, Best Coast",♡♡,9/21
digital,,Swapmeet,Mount Zero,Winspear,7/21,planetary,"7, 9 ","1, 4, 5, 7","indie rock, slacker rock, grunge","Wet Leg, Elastica, Mannequin Pussy, Slow Pulp, Momma",♡♡♡,9/21
digital,,Josaleigh Pollett,If I Let It Quiet,Audio Antihero,7/21,planetary,clean,"3, 4, 5","indietronica, indie rock, rock, folk","Indigo de Souza, Flock of Dimes, Torres , Lala Lala, Julia-Sophie, Half Waif, Magana, Low",♡♡,9/21
digital,,Mixol,The Fool,Self Released,7/21,planetary,clean (not yet released),"2, 4, 6","art pop, alternative, experimental pop","Bjork, Kate Bush, Cocteau Twins, Caroline Polacheck, Grimes",♡,9/21
digital,,Humane,Kill Time,Unpopular Recordings,7/21,planetary,clean,single,"synth pop, psychedelic, rock","Been Stellar, dust, CDSM, HighSchool",♡♡♡,9/21
digital,,Humane,South California Blues,Mexican Summer,7/21,planetary,clean,"1, 2","chamber pop, psychedelic pop, alternative, singer-songwriter","Drugdealer, Cut Worms, Andy Shauf, Midnight Sister",♡♡♡,9/21