CD + digital,LOCAL,ARTIST,ALBUM,Label,ADDED,promoter,FCC Warnings,Rec. Tracks,GENRE,RIYL,Rating/predicted popularity,approx. REMOVE DATE,
,,Dezron Douglas & Brandee Younger,Force Majeure,International Anthem,1/12/2021,Co-Sign,,"6, 5, 4","Spiritual Jazz, Experimental Folk","Alice Coltrane, Dorothy Ashby, Pharaoh Sanders, Kate Bush, Joel Ross",★★★,3/12/2021,
,,Gelax,Dreamonic (EP),Mint 400,1/12/2021,Pirate!,,"4, 5, 1","Indie Pop, Dance Rock","Phantogram, Warpaint, Cults, Polica, Caroline Polachek",★★★,3/12/2021,
,,"Avataria (Local, Philly)",Head Over Heels (EP),voidvast,1/12/2021,Planetary,,"1, 4, 2","Grunge, Alternative Rock","Times New Viking, The Velvet Underground, Lydia Lunch, The Breeders",★★★,3/12/2021,
,,Landshapes,Contact,Bella Union / PIAS,1/12/2021,Planetary,,"4, 1, 8, 3",Indie Pop,"Warpaint, Cate Le Bon, Stereolab, I Break Horses, otta",★★★,3/12/2021,
,,Babe Club,Remember This Feeling,Self-Released,1/12/2021,Shine On,4 (clean edit avail.),"2, 3, 4","Indie Pop, Indie Rock","Alvvays, The Pains Of Being Pure At heart, Dead Swells, Bully,",★★★★,3/12/2021,
,,Osees,Panther Rotate,Castle Face,1/12/2021,Shine On,,"2, 1, 5","Psychedelic Rock, Experimental Rock","CAN, Sonic Youth, Faust, King Gizzard & The Lizard Wizard, Ty Segall, White Fence, The Fall, Suicide, The Kinks",★★★★,3/12/2021,
,,"Slaughter Beach, Dog (Local, Philly)",At the Moonbase,Lame-O Records,1/12/2021,Terrorbird,3 (clean edit avail.),"1, 2, 4, 5","Indie Pop, Indie Folk","Bright Eyes, Modern Baseball, Field Medic, Kevin Devine",★★★★,3/12/2021,
,,Viagra Boys,Welfare Jazz,YEAR0001,1/12/2021,The Syndicate,,"1, 11 (Clean Edit Avail for 1)",Post-Punk,"Shame, Protomartyr",★★★★★,3/12/2021,
,,Easter Island,Take All The Time You Think You Need,Frightened Records,1/12/2021,Tiger Bomb,8,"1, 2, 7, 5","Indie Rock, Jangle Pop, Dream Pop","Explosions In The Sky, Sigur Rós, DIIV",★★★★,3/12/2021,
,,R.A.P. Ferreira & Scallops Hotel,Bob's Son,Ruby Yacht,1/12/2021,,,,"Abstract Hip-Hop, Jazz Rap",,★★★★,3/12/2021,
,,Badge Époque Ensemble,Self Help,Telephone Explosion,1/19/2021,Co-Sign,,"2, 1, 5, 4","Funk, Jazz-Funk","U.S. Girls, Yves Jarvis, Steely Dan, Khruangbin, Azymuth, Kikagaku Moyo",★★★,3/19/2021,
,,NANCY,The Seven Foot Tall Post-Suicidal Feel Good Blues,B3SCI,1/19/2021,Co-Sign,use clean edits,"1, 7, 5","Indie Pop, Experimental Rock","Beck, Mac DeMarco, T. Rex, SWMRS",★★★★,3/19/2021,
,,Weatherday,Come In,Topshelf,1/19/2021,Pirate!,8,"1, 11, 2, 3","Noise Pop, Emo","Glass Beach, Xiu Xiu, Anamanaguchi, The Spirit of the Beehive, No Joy",★★★★,3/19/2021,
,,Eternal Drag,Hovering,Homing Instinct,1/19/2021,Planetary,,"2, 4, 6, 8, 11","Indie Rock, Psychedelic Rock","The Dodos, Smith Westerns, Gum Country, Pure X, Stephen Malkmus, Mikal Cronin, Luna",★★★,3/19/2021,
,,Jordana,Something to Say to You,Grand Jury,1/19/2021,Planetary,9,"1, 4, 8, 11, 12",Indie Pop,"Hana Vu, Soccer Mommy, Jay Som, Frankie Cosmos",★★★,3/19/2021,
,,Elizabeth,The Wonderful World of Nature,Anti,1/19/2021,Shine On,6,"4, 1, 2, 7, 8","Chamber Pop, Dream Pop","Weyes Blood, Hatchie, Beach House, Julia Jacklin, Anna Calvi, Bat For Lashes, Austra & Alvvays",★★★★,3/19/2021,
,,M. Caye Castagnetto,Leap Second,Castle Face,1/19/2021,Shine On,,,"Experimental Rock, Psychedelic Rock","Nico, Sun City Girls, Woods, Os Mutantes, Women / Viet Cong / Preoccupations, Chad VanGaalen",★★★★,3/19/2021,
,,Here Lies Man,Ritual Divination,Riding Easy,1/19/2021,Terrorbird,,"2, 4, 9, 10","Art Rock, Heavy Psych, Afrobeat","King Tuff, Meatbodies, OSees, Fuzz",★★★,3/19/2021,
,,Buck Meek,Two Saviors,Keeld Scales,1/19/2021,Tiger Bomb,,"1, 2, 3, 8","Singer-Songwriter, Indie Folk","Big Thief, Adrianne Lenker, Lomelda, Twain, Christian Lee Hutson",★★★,3/19/2021,
,,The Body,I've Seen All I Need to See,Thrill Jockey,1/25/2021,--,,"1, 2","Power Electronics, Drone Metal","Thou, Uniform, Full of Hell",★★★★,3/25/2021,
,,Anna B Savage,A Common Turn,City Slang,1/25/2021,Co-Sign,10,"7, 2,","Art Pop, Indie Folk","Aldous Harding, ANOHNI, Circuit Des Yeux, Joanna Newsom, Big Thief",★★★★,3/25/2021,
,,Logic1000,You've Got the Whole Night to Go (EP),Therapy / Because Music,1/25/2021,Co-Sign,,"2, 3, 1",Deep House,"India Jordan, Jayda G, Four Tet, Octo Octa, Isola, Ross From Friends",★★★,3/25/2021,
,,Crooked Spires,Crooked Spires,Self-Released,1/25/2021,Pirate!,2,"3, 5, 4",Heavy Psych,"White Denim, King Tuff, Night Beats, Ty Segall",★★★,3/25/2021,
,,Pom Poko,Cheater,Bella Union / PIAS,1/25/2021,Planetary,,"3, 4, 2","Noise Pop, Indie Rock, Math Rock","Crying, Superorganism, Let’s Eat Grandma, U.S. Girls",★★★★,3/25/2021,
,,Midnight Sister,Painting The Roses,Jagjaguwar,1/25/2021,Secretly,,"3, 4, 12",Art Pop,"Loma, Mamalarky, Deradoorian",★★★★,3/25/2021,
,,Shame,Drunk Tank Pink,Dead Oceans,1/25/2021,Secretly,,"7, 3, 5, 2, 1","Post-Punk, Art Punk, Post-Hardcore","Fontaines D.C., Squid, Viagra Boys",★★★★★,3/25/2021,
,,"Cigarettes for Breakfast (Local, Philly)",Wait (EP),Self-Released,1/25/2021,Shine On,,2,"Shoegaze, Neo-Psychedelia","Explosions In The Sky, Nothing, My Bloody Valentine",★★★,3/25/2021,
,,Kiwi Jr.,Cooler Returns,Sub Pop,1/25/2021,Shine On,,"6, 13, 2, 3, 10","Indie Rock, Jangle Pop","Parquet Courts, Rolling Blackouts Coastal Fever, Nap Eyes, No Age",★★★★,3/25/2021,
,,Still Corners,The Last Exit,Wrecking Light,1/25/2021,Shine On,,"9, 7, 1, 2, 3","Dream Pop, Jangle Pop","Tennis, Beach House, Mr Twin Sister, Memoryhouse",★★★,3/25/2021,
,,Babehoven,Yellow Has A Pretty Good Reputation (EP),Self-Released,1/25/2021,Terrorbird,,"1, 2, 3",Indie Folk,"Squirrel Flower, Tomberlin, Gia Margaret, Lily Konigsberg",★★★,3/25/2021,
,,Faintlife,Faintlife,Self-Released,1/25/2021,Terrorbird,,"2, 3, 5, 8","Psychedelic Rock, Dream Pop","Vinyl Williams, Triathlon, Unknown Mortal Orchestra",★★★,3/25/2021,
,,Widowspeak,Honeychurch (EP),Captured Tracks,1/25/2021,Terrorbird,,"1, 2, 3, 5","Dream Pop, Indie Rock","Barrie, Wild Nothing, Beach House, Mazzy Star",★★★★,3/25/2021,
,,Fana Hues,Hues,Bright Antenna,1/25/2021,The Syndicate,"3, 4, 7, 10 (clean edits avail)","3*, 9, 10, 4*, 6, 7",Neo-Soul,"Liv.e, keiyaA",★★★,3/25/2021,
,,Bill Jr. Jr.,Homebody,Bush League,1/25/2021,Tiger Bomb,,"1, 2, 5",Indie Folk,"Cass McCombs, Michael Nau, Cut Worms",★★★,3/25/2021,
,,"Ghoul Friends (Local, Philly)",I Was Hungry So I Ate,Self-Released,1/25/2021,,1,"8, 9","Anti-Folk, Indie Punk, Art Rock","Moldy Peaches, Neutral Milk Hotel, Velvet Underground",★★★★,3/25/2021,
,,Goat Girl,On All Fours,Rough Trade,2/2/2021,Beggars Group,1,"2, 6, 7","Art Rock, Neo-Psychedelia","Sorry, Hotel Lux, Squid, Dream Wife",★★★★★,4/2/2021,
,,Sleaford Mods,Spare Ribs,Rough Trade,2/2/2021,Beggars Group,"ALL except *6, 10, 13*","6, 10, 13, 3*, 8*","Post-Punk, UK Hip Hop, Synth Punk","Fat White Family, Viagra Boys, Billy Nomates",★★★,4/2/2021,
,,Albertine Sarges,The Sticky Fingers,Moshi Moshi,2/2/2021,Co-Sign,,"2, 1, 4","Progressive Pop, Art Pop","Cate Le Bon, Katy J Pearson, This Is The Kit, Kate Bush",★★★,4/2/2021,
,,Bicep,Isles,Ninja Tune,2/2/2021,Co-Sign,,"8, 4, 3, 1",Future Garage,"Jamie xx, Leon Vynehall, Daniel Avery",★★★★,4/2/2021,
,,Tobe Nwigwe,CINCORIGINALS,Self-Released,2/2/2021,Co-Sign,use clean edits!,"1, 4, 7, 2",Hip-Hop,"EARTHGANG, Big K.R.I.T., Black Thought, Saba, Buddy, Run The Jewels",★★★,4/2/2021,
,,Cheekface,Emphatically No.,New Professor,2/2/2021,Pirate!,,"1, 9, 2, 13, 8","Indie Rock, Post-Punk","Parquet Courts, AJJ, The Front Bottoms, Bad Moves",★★★★★,4/2/2021,
,,Brodka & Scottibrains,"""Wrong Party"" [single]",Speedy Wunderground,2/2/2021,Planetary,,,"Dance-Punk, Experimental Rock","Squid, The Lounge Society",★★★★,4/2/2021,
,,Tamar Aphek,All Bets Are Off,Kill Rock Stars,2/2/2021,Planetary,,"1, 6","Experimental Rock, Noise Rock, Art Rock","PJ Harvey, Deerhoof, Shellac, The Kills, Lightning Bolt",★★★,4/2/2021,
,,The Weather Station,Ignorance,Fat Possum,2/2/2021,Planetary,,"1, 3, 2",Art Pop,"Julia Holter, Jessica Pratt, Aldous Harding, Weyes Blood",★★★★,4/2/2021,
,,Arlo Parks,Collapsed in Sunbeams,Transgressive / PIAS,2/2/2021,Planetary / Terrorbird,10 (clean edit avail.),"2, 5, 6, 7, 10","Bedroom Pop, Neo-Soul","Nilüfer Yanya, Soccer Mommy, Jamila Woods, Helena Deland",★★★,4/2/2021,
,,Snake,WIND,Freaks / Tears of Joy,2/2/2021,Shine On,,"2, 1, 3, 6","Experimental Rock, Alternative Rock","Woods, White Fence, early Sonic Youth, Wolf Eyes,",★★★,4/2/2021,
,,TV Priest,Uppers,Sub Pop,2/2/2021,Shine On,,"11, 6, 2, 7, 12",Post-Punk,"Fontaines DC, IDLES, Protomartyr, LIFE",★★★★,4/2/2021,
,,Waltzer,Time Traveler,Self-Released,2/2/2021,Syndicate,,"2, 3, 6, 7, 8",Garage Rock,,★★★,4/2/2021,
,,Divide and Dissolve,Gas Lit,INVIDA,2/2/2021,Terrorbird,,"2, 3, 4, 8","Drone Metal, Sludge Metal","The Body, Primitive Man, Big Brave, SUNN O)), Thou",★★★,4/2/2021,
,,Xiu Xiu,"""A Bottle of Rum"" [single]",Polyvinyl,2/2/2021,Terrorbird,,,Dream Pop,,★★★★,4/2/2021,
,,Peace Chord (member of Crack Cloud),Peace Chord,Unheard of Hope,2/9/2021,--,,"2, 6, 7",Ambient,"Ólafur Arnalds, Nils Frahm, Sufjan Stevens, Ian William Craig",★★★,4/9/2021,
,,Femi Kuti,Stop the Hate,Partisan,2/9/2021,Co-Sign,,"1, 2, 3",Afrobeat,"Fela Kuti, Antibalas, Tony Allen, Hugh Masekela, Baaba Maal, Manu Dibango",★★★★,4/9/2021,
,,Made Kuti,For(e)word,Partisan,2/9/2021,Co-Sign,,"1, 2, 5",Afrobeat,"Fela Kuti, Femi Kuti, Manu Dibango, Antibalas",★★★★,4/9/2021,
,,Virginia Wing,private LIFE,Fire Records,2/9/2021,Fire Records,,"7, 1, 8","Art Pop, Neo-Psychedelia","The Stroppies, Porridge Radio, Goat Girl",★★★★,4/9/2021,
,,Antagonizers ATL,Kings,Pirates Press,2/9/2021,Pirate!,"1, 4 (clean edits avail.)","4*, 7, 2",Punk Rock,"Street Dogs, Dropkick Murphys, Rancid, Agnostic Front, Cock Sparrer",★★★,4/9/2021,
,,Poggy,Woman,Mint 400,2/9/2021,Pirate!,,"2, 1, 3","Singer-Songwriter, Jazz Pop???","Norah Jones, Wye Oak, Thanya Iyer, Deradoorian",★★★,4/9/2021,
,,The Staves,Good Woman,Nonesuch,2/9/2021,Pirate!,"3, 8, 9","1, 10, 4, 2, 11","Indie Pop, Indie Folk","Laura Marling, First Aid Kit, Jenny Lewis, Joseph, Neko Case, Sharon Van Etten",★★★★,4/9/2021,
,,Hello Cosmos,Dream Harder,Cosmic Glue,2/9/2021,Planetary,"2, 3, 7, 8, 9, 10 (clean edits avail.)","2, 3, 4, 8",Post-Punk,"Fontaines DC, Lanterns on the Lake, Idles, Shame",★★★★,4/9/2021,
,,Iceage,The Holding Hand [single],Mexican Summer,2/9/2021,Planetary,,,Art Rock,"The Men, Ought, Priests, Shame, METZ, Savages, Ceremony",★★★★★,4/9/2021,
,,Psychedelic Porn Crumpets,SHYGA! The Sunlight Mound,Marathon Artists,2/9/2021,Planetary,"3, 6","2, 5, 10, 11","Heavy Psych, Psychedelic Rock","King Gizzard & the Lizard Wizard, White Denim, Thee Oh Sees, Ty Segall",★★★★,4/9/2021,
,,Brisa Roché & Frédéric Fortuny,Freeze Where U R,Black Ash / Art Breaker,2/9/2021,Shine On,,"3, 1, 8, 10",Art Pop,"Lana Del Rey, Cate Le Bon, Melody’s Echo Chamber",★★★,4/9/2021,
,,Lavender Diamond,Now Is the Time,Petaluma,2/9/2021,Shine On,,"2, 1, 4, 8",Art Pop,"Sufjan Stevens, Joanna Newsom, Neko Case, Vetiver, Feist,",★★★★,4/9/2021,
,,Miss Grit,Impostor (EP),Self-Released,2/9/2021,Terrorbird,,"3, 5, 6",Noise Pop,"St. Vincent, Cat Power, Xiu Xiu",★★★,4/9/2021,
,,Sun June,Somewhere,Run For Cover,2/9/2021,Terrorbird,,"2, 3, 4, 5, 7",Indie Pop,"Lomelda, Girlpool, Tomberlin, Madeline Kenney",★★★,4/9/2021,
,,God Is An Astronaut,Ghost Tapes #10,Napalm,2/9/2021,The Syndicate,,"5, 2, 1, 4","Post-Rock, Noise Rock, Post-Metal, Exp. Rock","Caspian, If These Trees Could Talk, pg.lost",★★★★,4/9/2021,
,,Clap Your Hands Say Yeah,New Fragility,Self-Released,2/9/2021,Tiger Bomb,9,"1, 2, 7, 8","Indie Pop, Indie Folk","Wolf Parade, Destroyer, Neutral Milk Hotel",★★★,4/9/2021,
,,Aerial East,Try Harder,Partisan,2/16/2021,Co-Sign,5 (title only - track is clean),"2, 11, 8, 3, 1, 7","Dream Pop, Indie Pop","Bedouine, Faye Webster, Helena Deland, Molly Burch, Aldous Harding",★★★,4/16/2021,
,,"Black Country, New Road",For the first time,Ninja Tune,2/16/2021,Co-Sign,5 (clean edit avail.),ALL OF THEM,"Post-Punk, Experimental Rock, Post-Rock","black midi, Squid, PVA, Ought, Slint, Jockstrap",★★★★★,4/16/2021,
,,CHAI,Action [single],Sub Pop,2/16/2021,Co-Sign,,,Electropop,"Little Dragon, Superorganism, Sylvan Esso, Toro Y Moi, Caribou",★★★★,4/16/2021,
,,Various Artists,Wick Records Presents: Battle Of The Bands Vol. 1,Wick Records,2/16/2021,Co-Sign,,"1, 4, 5, 3, 7","Garage Rock, Psychedelic Rock","Ty Segall, Death Valley Girls, Levitation Room, King Tuff, The Nude Party",★★★★,4/16/2021,
,,Death By Unga Bunga,Heavy Male Insecurity,Jansen,2/16/2021,Distiller + Planetary,"5, 7* (edit avail.), 10","4, 8, 2, 7*",Power Pop,"DMZ, The Mad Doctors",★★★,4/16/2021,
,,Teethe,Teeth,Self-Released,2/16/2021,n/a - shared by artist,"4, 9 (fucks)","1, 7, 8, 10","Indie Rock, Slowcore","Duster, Dead Sullivan, Waveform, MAH KEE OH",★★★★,4/16/2021,
,,Baby FuzZ,Welcome To The Future (Season 1),Blanket Fort,2/16/2021,Pirate + Shine On,use clean edits,"3, 4, 6, 1","Art Rock, Art Pop, Glam Rock, Indie Pop","Of Montreal, fun., Grouplove, FIDLAR, White Reaper",★★★★,4/16/2021,
,,Blessed,iii (EP),Flemish Eye,2/16/2021,Planetary,,"2, 3",Post-Punk,"Liars, IDLES, Holy Fuck, Tortoise, Ought, Protomartyr, Priests, Metz, Shmu",★★★,4/16/2021,
,,The Fleshtones,Face of the Screaming Werewolf,Yep Roc,2/16/2021,Planetary,,"1, 2, 7, 8","Garage Rock, Power Pop","The Fuzztones, The Flamin’ Groovies, The Cramps, Exploding Flowers, The Plimsouls",★★★,4/16/2021,
,,Claud,Super Monster,Saddest Factory,2/16/2021,Secretly,"7 (edit avail.), 10, 11","3, 5, 2","Indie Pop, Bedroom Pop","Samia, Clairo, King Princess",★★★,4/16/2021,
,,Applesauce Tears,Departure,Black Cottage,2/16/2021,Shine On,,"1, 2, 4, 5, 3","Trip Hop, Funk Rock, Ambient","The Flaming Lips, Boards Of Canada, Black Mother Super Rainbow, Brian Eno",★★★★,4/16/2021,
,,The Fall,Live At St Helens Technical College '81,Castle Face,2/16/2021,Shine On,"3, 5, 8, 9, 12, 13","11, 7, 4, 6, 2",Post-Punk,"Protomartyr, Fontaines DC, early Sonic Youth, Preoccupations, Wire",★★★★,4/16/2021,
,,Django Django,Glowing in the Dark,Because Music,2/16/2021,Terrorbird,,"1, 5, 7, 12, 13","Neo-Psychedelia, Indie Pop","Yeasayer, Hot Chip, Foals",★★★,4/16/2021,
,,Lauren Auder,Five Songs For The Dysphoric (EP),Harvest,2/16/2021,The Syndicate,,"5, 3, 2",Art Pop,"Caroline Polachek, Zsela, Eartheater",★★★,4/16/2021,
,,TOLEDO,Jockeys of Love,Telefono,2/16/2021,Tiger Bomb + Terrorbird,,"1, 2, 3, 5","Dream Pop, Art Pop","Hovvdy, Bonny Doon, Tomberlin, Trace Mountains",★★★,4/16/2021,
,,Adrian Younge,The American Negro,Jazz Is Dead,2/23/2021,Co-Sign,,,,"Georgia Anne Muldrow, Robert Glasper, The Roots, Raphael Saadiq",★★★★,4/23/2021,
,,Hand Habits,dirt (EP),Saddle Creek,2/23/2021,Co-Sign,,"1, 2",Indie Folk,"Phoebe Bridgers, Angel Olsen, Julien Baker, Tomberlin",★★★,4/23/2021,
,,Lava La Rue,Butter-Fly (EP),Marathon Artists,2/23/2021,Co-Sign,use clean edits,"2, 5, 1, 4","Alt. R&B, UK Hip-Hop, Synthpop","Arlo Parks, Biig Piig, Blood Orange, Madison McFerrin, Jamila Woods, Little Simz",★★★★,4/23/2021,
,,Cameron Graves,Seven,Mack Avenue,2/23/2021,Distiller,,"4, 7, 3, 8","Jazz Fusion, Jazz-Rock","Kamasi Washington, Takuya Kuroda, The Comet Is Coming",★★★★,4/23/2021,
,,MAH KEE OH,Dogfood,Self-Released,2/23/2021,n/a - shared by artist,"3, 4","2, 9, 12","Rock, Lo Fi","Teethe, Alex G, Crisman, Joyer",★★★★,4/23/2021,
,,Rubber (local),Vitamin E [single],Self-Released,2/23/2021,n/a - shared by artist,Track is clean,,"Alt R&B, Exp.Pop","James Blake, Vegyn",★★★,4/23/2021,
,,Test Tones,And We Were All Holding Hands,Self-Released,2/23/2021,n/a - shared by artist,,"2, 3, 4","Psych Rock, Post-Rock","Valium Aggelein, Blue Tile Lounge, Acetone, Horse Jumper of Love",★★★,4/23/2021,
,,Silicone Prairie,My Life on the Silicone Prairie,Computer Human,2/23/2021,n/a - shoutout Kirby,should be clean,"2, 6, 3","Garage Rock, Synth Punk","Smarts, Alien Nosejob, Urochromes, Public Eye",★★★★,4/23/2021,
,,slowthai,"TYRON [select tracks, clean edits]",Method,2/23/2021,Orienteer,all BUT all tracks on server are edited,the ones on server,"UK Hip Hop, Trap","Skepta, Denzel Curry, JPEGMAFIA, BROCKHAMPTON",★★★★,4/23/2021,
,,Deap Valley,Digital Dream (EP),Cooking Vinyl,2/23/2021,Pirate!,3 (clean edit avail.),"3*, 2, 1","Psychedelic Rock, Psychedelic Pop","The Kills, Sleater-Kinney, Bully, Chastity Belt, The Pack AD, Karen O",★★★,4/23/2021,
,,Quiet Canyons,Quiet Canyons,Trash Casual,2/23/2021,Pirate!,,"1, 2, 7","Indie Folk, Singer-Songwriter","Fruit Bats, Iron & Wine, Vetiver, Andy Shauf, Pete Yorn",★★★,4/23/2021,
,,Lael Neale,Acquainted With Night,Sub Pop,2/23/2021,Shine On,,"1, 2, 3, 6, 8",Indie Folk,"Faye Webster, Angel Olsen, Vashti Bunyan, Julia Holter, Mazzy Star",★★★★,4/23/2021,
,,Rare Monk,Never Really Over,B3SCI,2/23/2021,Shine On,"4, 7 (clean edits avail.)","8, 2, 4*","Indie Rock, Indie Pop","Beach House, Cigarettes After Sex, Band of Horses, Washed Out, Local Natives",★★★,4/23/2021,
,,The Hold Steady,Open Door Policy,Positive Jams,2/23/2021,Shine On,,"4, 6, 2",Indie Rock,"Japandroids, PUP, Titus Andronicus, Mountain Goats, Wolf Parade",★★★,4/23/2021,
,,Katy Kirby,Cool Dry Place,Keeled Scales,2/23/2021,Terrorbird,,"2, 4, 8","Indie Pop, Singer-Songwriter","Christian Lee Hutson, Waxahatchee, Skullcrusher",★★★,4/23/2021,
,,Cassandra Jenkins,An Overview on Phenomenal Nature,Ba Da Bing!,2/23/2021,Tiger Bomb,,"1, 3, 4","Indie Folk, Folk Rock","Adrienne Lenker, David Berman, Gia Margaret, Destroyer",★★★★,4/23/2021,
,,Sloping,Completed Songs,sound as language,2/23/2021,Tiger Bomb,,"2, 4, 6, 8","Indie Rock, Indie Folk, Slowcore","Elliott Smith, Florist, Duster, The Radio Dept.",★★★★,4/23/2021,
,,Julien Baker,Little Oblivions,Matador,3/2/2021,Beggars Group,,"3, 8, 1","Singer/Songwriter, Indie Rock","Boygenius, Phoebe Bridgers, Sharon Van Etten",★★★★,5/2/2021,
,,Smerz,Believer,XL Recordings,3/2/2021,Beggars Group,,"8, 3, 15, 9","Art Pop, Electronic, Deconstructed Club","Arca, Yaeji, FKA Twigs, Eartheater",★★★★,5/2/2021,
,,Altin Gün,Yol,ATO,3/2/2021,Co-Sign,,"5, 2, 3, 11, 8","Synthpop, Anatolian Rock","Khruangbin, Erkin Koray, Selda, Goat, Kit Sebastian, Kikagaku Moyo",★★★★,5/2/2021,
,,Jimmy Edgar,CHEETAH BEND,Innovative Leisue,3/2/2021,Co-Sign,"7, 2*, 11* (clean edits avail.), likely others","2, 4, 13, 9","Deconstructed Club, Wonky, Experimental Hip-Hop","Machinedrum, Danny Brown, J-E-T-S, Hudson Mohawke",★★★★,5/2/2021,
,,Menahan Street Band,The Exciting Sounds of Menahan Street Band,Daptone,3/2/2021,Co-Sign,,"11, 1, 13, 9",Instrumental Soul/R&B,"The Budos Band, Antibalas, El Michels Affair, Sharon Jones & The Dap Kings",★★★,5/2/2021,
,,Glitterer,Life Is Not A Lesson,Anti-,3/2/2021,Pirate!,,"2, 7, 12","Indie Rock, Power Pop","Title Fight, Basement, Angel Du$t, Car Seat Headrest, Wavves",★★★★,5/2/2021,
,,NOFX,Single Album,Fat Wreck Chords,3/2/2021,Pirate!,"1, 2, 3, 5, 6, 8, 9","4, 7, 10, & 6*",Punk Rock,"Bad Religion, Pennywise, Millencolin, Rancid",★★★,5/2/2021,
,,Sydney Sprague,maybe i will see you at the end of the world,Rude,3/2/2021,Pirate!,6,"3, 2, 1, 10, 5","Indie Rock, Indie Pop, Pop Punk","Paramore, Beabadoobee, Ratboys, Rilo Kiley, Chloe Moriondo, Soccer Mommy",★★★,5/2/2021,
,,Mia Doi Todd,Music Life,City Zen,3/2/2021,Planetary,,"1, 6, 7","Singer-Songwriter, Chamber Jazz","Kadhja Bonet, Jessica Pratt, Vashti Bunyan, Joan Baez, Grouper",★★★,5/2/2021,
,,The Lounge Society,Cain's Heresy [single],Speedy Wunderground/[PIAS],3/2/2021,Planetary,,,"Dance-Punk, Post-Punk","Crack Cloud, Drahla, Corridor, Snapped Ankles, Television, Wire",★★★★,5/2/2021,
,,Club Intl,Never Be The Same [single],Italians Do It Better,3/2/2021,Shine On,,,Psychedelic Pop,"Cults, MGMT, Chromatics, Johnny Jewel",★★★★,5/2/2021,
,,Mogwai,As the Love Continues,Temporary Residence,3/2/2021,Shine On,,"4, 3",Post-Rock,"Explosions In The Sky, Nothing, This Will Destroy You, The Twilight Sad",★★★,5/2/2021,
,,Cal Fish,Plastic Flag,Fire Talk,3/2/2021,Terrorbird,,"1, 5, 6, 2, 7","Experimental Pop, Bedroom Pop","Animal Collective, Dirty Projectors, Palberta",★★★,5/2/2021,
,,Cloud Nothings,The Shadow I Remember,Carpark,3/2/2021,Terrorbird,,"1, 3, 4, 8","Indie Rock, Power Pop","Japandroids, No Age, Cymbals Eat Guitars",★★★★,5/2/2021,
,,Dameer,For We Are Distant (EP),Majestic Casual,3/2/2021,Terrorbird,,"1, 2","Indie Pop, Bedroom Pop","Mild High Club, HOMESHAKE, Drugdealer, Tom Misch",★★★★,5/2/2021,
,,Kero Kero Bonito,The Princess and the Clock [single],Polyvinyl,3/2/2021,Terrorbird,,,"Synthpop, Electropop","A.G. Cook, SOPHIE, 100 gecs",★★★★,5/2/2021,
,,Kyle Edward Connolly,On Arrival,Hand Drawn Dracula,3/2/2021,Terrorbird,,"1, 2, 4","Indie Rock, Indie Pop, Alt-Country","Orville Peck, Margo Price, Cut Worms",★★★,5/2/2021,
,,Joni,Orchid Room (EP),Olive Eyes,3/2/2021,Tiger Bomb,,"2, 3, 4","Singer-Songwriter, Indie Pop","Cat Power, Feist, Charlotte Gainsbourg",★★★,5/2/2021,
,,Nick Cave & Warren Ellis,Carnage,Goliath Enterprises/AWAL,3/2/2021,Vitriol,"4, 7","3, 5, 6","Chamber Pop, Art Pop","Leonard Cohen, Bob Dylan, PJ Harvey",★★★,5/2/2021,
,,Conor Lynch,Fake,Devel Town Tapes,3/2/2021,,"5, 8","1, 2, 3","Indie Rock, Alternative Rock","Wyatt Smith, Waveform*, Dead Sullivan, Shelf Life",★★★★,5/2/2021,
,,Palberta,Palberta 5000,Wharf Cat Records,3/2/2021,,,"2, 5, 11, 16","Post Punk, Dream Pop","Pom Poko, Magik Markers, Mamalarky",★★★★,5/2/2021,
,,Terminal Bliss,Brute Err/ata,Relapse,3/2/2021,,,"1, 5, 3",Hardcore Punk,"Iron Reagan, Disrupt, Gauze, Void",★★★★,5/2/2021,
,,Wren Kitz,Early Worm,Sophomore Lounge Records / Feeding Tube Records,3/2/2021,,,"1, 3, 8","Art Rock, Psych Rock, Experimental","Chronophage, The Cradle, Lithics, Sleeping Promises",★★★,5/2/2021,
,,"Denzel Curry, Kenny Beats",UNLOCKED 1.5,Loma Vista,3/9/2021,Co-Sign,use clean edits!,"1, 3, 7, 2","Hardcore Hip-Hop, Jazz Rap","Robert Glasper, Smino, The Alchemist, ASAP Ferg, Joey Bada$$, Benny The Butcher",★★★★,5/9/2021,
,,Genesis Owusu,Smiling With No Teeth,House Anxiety / Ourness,3/9/2021,Co-Sign,"2, 5, 6, 11, 12 - clean edits avail.","7, 6, 10, 12","Neo-Soul, Funk, Experimental Hip-Hop, Post-Punk","Slowthai, Tkay Maidza, The Free Nationals, Gorillaz",★★★★,5/9/2021,
,,Jane Weaver,Flock,Fire Records,3/9/2021,Fire Records,,"2, 1","Psychedelic Pop, Art Pop","Field Music, Rozi Plain, Virginia Wing",★★★★,5/9/2021,
,,King Yosef & Youth Code,A Skeleton Key in the Doors of Depression,Self-Released,3/9/2021,Force Field,TBD,"2, 3","Electro-Industrial, EBM, Digital Hardcore, Industrial Hip-Hop","3TEETH, Uniform, Sybyr, Machine Girl",★★★,5/9/2021,
,,Thirdface,Do It With A Smile,Exploding In Sound,3/9/2021,n/a,TBD,"7, 9","Hardcore Punk, Powerviolence","Soul Glo, exhalants",★★★★,5/9/2021,
,,Adult Mom,Driver,Epitath,3/9/2021,Pirate!,"5*, 7, 8, 9","2, 4, 5*, 3",Indie Pop,"Girlpool, Frankie Cosmos, Mitski, Soccer Mommy, Diet Cig",★★★,5/9/2021,
,x,Tigers Jaw (Scranton),I Won't Care How You Remember Me,Hopeless,3/9/2021,Pirate!,,"3, 2, 6, 8, 4","Emo-Pop, Indie Rock, Power Pop","The Menzingers, Ratboys, illuminati hotties, Citizen, Basement",★★★★,7/9/2021,
,,America Part Two,Price of a Nation,Revival Recordings,3/9/2021,Planetary,"1, 5, 6, 7, 8","2, 4, 9","Post-Hardcore, Pop Punk, Alternative Rock","The Dirty Nil, Sego, Metz, PUP, Pkew Pkew Pkew",★★★,5/9/2021,
,,Billy Nomates,Emergency Telephone (EP),Invada,3/9/2021,Planetary,,3,"Post-Punk, Synthpop, Minimal Synth, Synth Punk","Sleaford Mods, Dry Cleaning, Working Men's Club, Crack Cloud, Porridge Radio",★★★★,5/9/2021,
,,Found People,Anhedonia,Self-Released,3/9/2021,Planetary,,"9, 2, 7","Alternative Rock, Power Pop","Hole, Garbage, Pale Waves, Poppy, Veruca Salt, PJ Harvey, The Cardigans",★★★,5/9/2021,
,,Jordi,Escape Route / Standing in the Back [single],Dangerbird,3/9/2021,Planetary,,,"Indie Pop, Alternative Rock","Cherry Glazerr, Sunflower Bean, Silversun Pickups, Slothrust",★★★,5/9/2021,
,,Snowpoet,Wait for Me,Edition,3/9/2021,Planetary,,"1, 4, 3","Indie Folk, Jazz Pop, Art Pop","Julia Holter, Frou Frou, Bjork, Kate Bush, Cate Le Bon",★★★,5/9/2021,
,,EXEK,Biased Advice [reissue],Castle Face,3/9/2021,Shine On,,"3, 2, 1","Post-Punk, Krautrock","Women, Total Control, BEAK>, Can, Magazine, ESG",★★★★★,5/9/2021,
,,Russell Louder,Humor,Lisbon Lux,3/9/2021,Shine On,,"8, 1, 3, 2","Art Pop, Dance Pop, Experimental Pop","Christine And The Queens, Austra, Le Couleur, DIANA,",★★★★,5/9/2021,
,,Spirit Award,Lunatic House,Share It,3/9/2021,Shine On,6,"2, 4, 8, 3","Psychedelic Rock, Garage Rock","Death Valley Girls, TV Priest, Corridor, Versing, Desert Mountain Tribe",★★★★,5/9/2021,
,,Glass Beach / Various Artists,Alchemist Rats Beg Bashful [remixes],Run For Cover,3/9/2021,Terrorbird,"2, 6, 8, 14","1, 7, 11","Indie Rock, Indietronica","American Pleasure Club, Katie Dey, The Brave Little Abacus",★★★,5/9/2021,
,,IAN SWEET,Show Me How You Disappear,Polyvinyl,3/9/2021,Terrorbird,1,"2, 3, 8","Indie Rock, Dream Pop","Xiu Xiu, Lala Lala, Cherry Glazerr",★★★★,5/9/2021,
,,Ola Sweet,Carnation,Younger Dryas,3/9/2021,Tiger Bomb,5 (clean edit avail.),"2, 4, 5*","Indie Rock, Dream Pop","Local Natives, Fleet Foxes, Damien Jurado",★★★★,5/9/2021,
,,Martha’s Vineyard Ferries,Suns Out Guns Out,Ernest Jenning,3/9/2021,Vitriol,,"2, 4, 3, 6","Alternative Rock, Post-Hardcore, Post-Punk","Shellac, Sonic Youth, Mission of Burma, Superchunk, Wire",★★★,5/9/2021,
,,Collate,Medicine / Genesis Fatigue [single],Domestic Departure,3/9/2021,,,,Post-Punk,,★★★★★,5/9/2021,
,x,Heavenly Bodies (Philly!),OBSURE SAD TERRIBLE,Self-Released,3/9/2021,,,,"Noise Rock, Drone, Ambient",,★★★★,7/9/2021,
,x,Sparrow Steeple (Philly!),Illogical Emotional Outbursts (EP),Self-Released,3/9/2021,,TBD,,"Folk Rock, Indie Folk",,★★★★,7/9/2021,
,x,WASNT WISNT (Philly),Disassembling,Self-Released,3/9/2021,,TBD,,,,★★★★,7/9/2021,
,,Various Artists,BILLS & ACHES & BLUES EP1,4AD,3/16/2021,Beggars,,"1, 2",,"Tkay Maidza, U.S. Girls, Aldous Harding, The Breeders",★★★,5/16/2021,
,,Bernice,Eau De Bonjourno,Telephone Explosion,3/16/2021,Co-Sign,,"1, 2, 9, 5, 7",Art Pop,"Helena Deland, Madeline Kenney, Midnight Sister, Julia Holter, Loma",★★★★,5/16/2021,
,,The Paper Kites,Roses,Nettwerk,3/16/2021,Pirate + Planetary,,"5, 9, 10, 1, 2",Indie Folk,"Fleet Foxes, Grizzly Bear, Iron & Wine, Matt Berninger, Bon Iver",★★★,5/16/2021,
,,Black Cat Revue,Fortune Favours The Strange (EP),Mint 400,3/16/2021,Pirate!,1 (clean edit avail.),"2, 3, 1*","Garage Rock, Garage Punk, Psychedelic Rock","Black Lips, Fuzz, Tijuana Panthers, Allah-Las",★★★,5/16/2021,
,,Deecracks,Serious Issues,Pirates Press,3/16/2021,Pirate!,,"5, 16, 3",Punk Rock,"Ramones, Screeching Weasel, Bouncing Souls, Teenage Bottlerocket",★★★,5/16/2021,
,,Really From,Really From,Topshelf,3/16/2021,Pirate!,3 (clean edit avail.),"2, 4, 7, 3*","Jazz-Rock, Math Rock, Emo","Jeff Rosenstock, toe, The World Is A Beautiful Place, Gulfer, Great Grandpa, TTNG, Deerhoof",★★★,5/16/2021,
,,Citrus Clouds,Collider,Lolipop,3/16/2021,Planetary,,"2, 1, 6, 4","Shoegaze, Dreampop","Brian Jonestown Massacre. Spacemen 3, Spiritualized, Wooden Shjips",★★★★,5/16/2021,
,,The Quiet Stars,Rebirth (EP),Belvilus,3/16/2021,Planetary,,"1, 2, 3, 5","Hip-Hop, Jazz Rap, Neo-Soul","Smino, Chance The Rapper, The Internet, Björk, Saba",★★★,5/16/2021,
,,King Gizzard & The Lizard Wizard,L.W.,KGLW,3/16/2021,Shine On,"4, 7","3, 2, 1",Psychedelic Rock,"OSees, Ty Segall, White Fence, Cate Le Bon",★★★★★,5/16/2021,
,,Sad Night Dynamite,Sad Night Dynamite,Elektra,3/16/2021,Shine On,"3, 5, 6, 8","2, 4","Neo-Psychedelia, Alt. R&B","Gorillaz, King Krule, FKA Twigs, Glass Animals",★★★,5/16/2021,
,,Allie Crow Buckley,Moonlit and Devious,Self-Released,3/16/2021,Terrorbird,,"1, 3, 6","Art Pop, Art Rock","Sharon Van Etten, Helena Deland, Gia Margaret",★★★,5/16/2021,
,,Doohickey Cubicle,Don’t Fix Anything ;),Self-Released,3/16/2021,Terrorbird,,"1, 2, 3, 8","Dream Pop, Chillwave, Indie Pop","Crumb, Mild High Club, Homeshake",★★★★,5/16/2021,
,,Linda Smith,Till Another Time: 1988-1996,Captured Tracks,3/16/2021,Terrorbird,,"2, 3, 7, 11, 12","Indie Pop, Indie Rock, Lo-Fi","Beat Happening, Liz Phair, Margo Guryan, The Cleaners From Venus",★★★★,5/16/2021,
,,Vallens,In Era,Hand Drawn Dracula,3/16/2021,Terrorbird,,"2, 3, 8, 10","Gothic Rock, Dream Pop, Dream Punk (?)","Slowdive, Zola Jesus, Purity Ring, SRSQ",★★★★,5/16/2021,
,,Tash Neal,Charge It To The Game,Black Hill,3/16/2021,The Syndicate,3,"1, 2, 5, 7, 10","Alt. R&B, Alt. Rock","The London Souls, Garcia Peoples",★★★,5/16/2021,
,,USERx,USERx (EP),Atlantic,3/16/2021,The Syndicate,,"7, 2, 3, 4","Alt. R&B, Hip-Hop","Matt Maeson, Rozwell, Pusha T, Masego",★★★,5/16/2021,
,,Corvair,Corvair,Paper Walls,3/16/2021,Tiger Bomb,,"3, 5, 6, 9","Indie Rock, Art Rock","Deep Sea Diver, The Rosebuds, Mates of State",★★★★,5/16/2021,
,,Landlady,Landlady,Landladyland,3/16/2021,Tiger Bomb,,"1, 4, 6, 7, 9","Art Pop, Indie Pop, Indie Rock","Dirty Projectors, Tune-Yards, Yeasayer",★★★,5/16/2021,
,,Perfume Genius,IMMEDIATELY REMIXES,Matador,3/23/2021,4AD,,"7, 3, 2","Electronic, Ambient, Experimental","A.G. Cook, Boy Harsher, U.S. Girls",★★★★,5/23/2021,
,,Noga Erez,KIDS,City Slang,3/23/2021,Co-Sign,use clean edits,"8, 5, 10, 3, 4","Trip Hop, Electropop","M.I.A., Phantogram, Billie Eilish",★★★,5/23/2021,
,,Show Me the Body,Survive (EP),Loma Vista,3/23/2021,Orienteer,use clean edits,all of them,"Post-Hardcore, Noise Rock","Girl Band, Uniform, black midi, Dope Body",★★★★★,5/23/2021,
,,Dream Home,Dream Home,Mint 400,3/23/2021,Pirate!,"4, 9","7, 1, 3","Indie Rock, Alt-Country","Pavement, Grandaddy, Guided By Voices",★★★★,5/23/2021,
,,Palm Ghosts,Lifeboat Candidate,Ice Queen,3/23/2021,Pirate!,,"1, 5, 8","Alternative Rock, Post-Punk","Gang of Four, The Faint, The Cure, Joy Division",★★★,5/23/2021,
,x,Ron Gallo,Peacemeal,New West,3/23/2021,Pirate!,"2*, 7, 9*, 10, 11*","2*, 9*, 11*, 3, 6","Psychedelic Pop, Psychedelic Rock","Mac DeMarco, Twin Peaks, Rex Orange County, Naked Giants",★★★,5/23/2021,
,,Adult Books,Grecian Urn,Taxi Gauche,3/23/2021,Planetary,,"1, 4, 5, 3","Indie Rock, Garage Rock","Orange Juice, Cleaners From Venus, Ty Segall, Wild Nothing",★★★★,5/23/2021,
,,dad sports,I AM JUST A BOY LEAVE ME ALONE !!! (EP),Grand Jury,3/23/2021,Planetary,,"1, 3, 4, 6",Indie Pop,"Turnover, Day Wave, Hazel English, Jordana, Beabadoobee",★★★,5/23/2021,
,,Arab Strap,As Days Get Dark,Rock Action,3/23/2021,Shine On,"1, 2, 4, 7, 8 (maybe more? maybe all?)","edits of 1, 2, 4, 7, 8","Indietronica, Alternative Rock, Post-Punk","The National, Interpol, Mogwai, Twilight Sad, Frightened Rabbit",★★★★,5/23/2021,
,,Chad VanGaalen,World's Most Stressed Out Gardener,Sub Pop,3/23/2021,Shine On,9,"12, 6, 3, 1, 7","Neo-Psychedelia, Indie Folk","Cass McCombs, Women / Viet Cong / Preoccupations, NOV3L",★★★★,5/23/2021,
,,CLAMM,Keystone Pols [single],Meat Machine,3/23/2021,Shine On,,,Post-Punk,"Crack Cloud, NOV3L, Osees, EXEK",★★★★,5/23/2021,
,,Forty Feet Tall,A Good Distraction,Magnetic Moon,3/23/2021,Shine On,"6, 12","11, 4, 7, 8","Indie Rock, Dance-Punk, Post-Punk","The Strokes, King Gizzard, Ty Segall",★★★★,5/23/2021,
,,Various Artists,Endless Garbage,Castle Face,3/23/2021,Shine On,,1,"Jazz Fusion, Experimental Rock","Osees, Albert Ayler, Can, Gong, Bent Arcana",★★★★,5/23/2021,
,,Amiture,The Beach,Dots Per Inch,3/23/2021,Terrorbird,,"3, 5, 1","EBM, Synthpop","Cold Cave, Boy Harsher, Drab Majesty",★★★,5/23/2021,
,,Becca Mancari,Juniata (EP),Captured Tracks,3/23/2021,Terrorbird,,"1, 2, 3, 4","Indie Folk, Indie Pop","Big Thief, Lucy Dacus, Julia Holter, Mount Eerie",★★★,5/23/2021,
,,Michael Beach,Dream Violence,Goner,3/23/2021,Terrorbird,,"1, 2, 4, 8","Indie Rock, Alt. Rock","Minutemen, Cloud Nothings, The Velvet Underground",★★★,5/23/2021,
,,Middle Kids,Today We're the Greatest,Domino,3/23/2021,Terrorbird,"5,10","2, 3, 4, 7",Indie Rock,"Courtney Barnett, Alex Fahey, The Head and the Heart, Wolf Alice",★★★★,5/23/2021,
,,Nisa,Guilt Trip (EP),Self-Released,3/23/2021,Terrorbird,,"1, 2, 5, 6",Indie Rock,"Maggie Rogers, Phoebe Bridgers, PJ Harvey",★★★,5/23/2021,
,,Squid,Bright Green Field [advance tracks],Warp,3/23/2021,Terrorbird,,bofadem,"Art Punk, Post-Punk, Krautrock","Black Country, New Road, Viagra Boys, black midi",★★★★★,5/23/2021,
,,Dani Nash,Dani Nash,Self-Released,3/23/2021,The Syndicate,,"1, 2, 6, 9, 10","Indie Pop, Indie Rock","Sharon Van Etten, U.S. Girls, Mitski",★★★,5/23/2021,
,,Manslaughter 777,World Vision Perfect Harmony,Thrill Jockey,3/23/2021,Thrill Jockey,,"8, 3, 5","Post-Industrial, Breakbeat","The Body, Braveyoung, MSC",★★★★,5/23/2021,
,,Space Cadet,Lion on a Leash,Wiretap,3/30/2021,Earshot,"1, 6","2, 6*, 1*","Post-Punk, Indie Rock, Jangle Pop","The Loved Ones, Mission of Burma",★★★,5/30/2021,
,,NERVOUS SS / RAT CAGE,Skopje Vs Sheffield LP,La Vida Es Un Mus,3/30/2021,La Vida Es Un Mus,TBD - largely indistinguishable if any,,Hardcore Punk,"Bib, SOAKIE, Trash Talk, Impalers",★★★★,5/30/2021,
,,Lunarette,Clair de Lunarette (EP),Topshelf,3/30/2021,Pirate!,,"1, 3, 4","Dream Pop, Indie Pop","Cocteau Twins, The Radio Dept., Yumi Zouma, Hatchie",★★★,5/30/2021,
,,The Antlers,Green To Gold,Anti-,3/30/2021,Pirate!,,"2, 3, 5, 6","Indie Folk, Dream Pop","Beach House, Grizzly Bear, Bon Iver, Fleet Foxes, Wolf Parade, Destroyer, Sigur Ros",★★★★,5/30/2021,
,,The Mighty Project,Total Football,Self-Released,3/30/2021,Pirate!,,"10, 11, 8","Indie Rock, Indie Pop, Lo-Fi","Beach Fossils, Real Estate, Woods, Vundabar",★★★★,5/30/2021,
,,Antonioni,Antonioni,Lauren,3/30/2021,Planetary,,"2, 5","Indie Rock, Indie Pop","Great Grandpa, TOPS, Oceanator, Soccer Mommy",★★★★,5/30/2021,
,,Blanketman,National Trust (EP),PIAS,3/30/2021,Planetary,2,"1, 2*, 6","Indie Rock, Post-Punk","Kiwi jr, Parquet Courts, Los Campesinos!, Art Brut",★★★★,5/30/2021,
,,Iceage,Seek Shelter [advance tracks],Mexican Summer,3/30/2021,Planetary,"2 - ""Vendetta"" (clean edit avail.)",all of them,"Alternative Rock, Punk Blues","The Men, Ought, Priests, Shame, METZ, Savages, Ceremony",★★★★,5/30/2021,
,,serpentwithfeet,DEACON,Secretly Canadian,3/30/2021,Secretly,"2, 3, 8","11, 4","Art Pop, Alternative R&B","Yves Tumor, Smerz, Blood Orange",★★★★,5/30/2021,
,,Alice Phoebe Lou,Glow,Self-Released,3/30/2021,Shine On,,"3, 7, 12","Indie Pop, Soft Rock","strongboi, Angel Olsen, Laura Marling, Julia Jacklin, Big Thief",★★★,5/30/2021,
,,Cathal Coughlan,Song of Co-Aklan,Dimple Discs,3/30/2021,Shine On,4,"1, 6, 7, 10","Singer-Songwriter, Alt. Rock, Art Pop","Nick Cave & The Bad Seeds, The National, Protomartyr, Scott Walker",★★★,5/30/2021,
,,Island,Everyone's the Same [single],Frenchkiss,3/30/2021,Shine On,,,"Indie Rock, Alternative Rock","Foals, DIIV, Omni, YUCK",★★★,5/30/2021,
,,Citizen,Life In Your Glass World,Run For Cover,3/30/2021,Terrorbird,6,"2, 3, 8","Post-Punk Revival, Alternative Rock","Turnover, The Hotelier, Tigers Jaw",★★★,5/30/2021,
,,For Those I Love,For Those I Love,September Recordings,3/30/2021,Terrorbird,"1, 2, 4, 5, 7 (use clean edits)","1*, 3, 6, 7*","Spoken Word, Art Pop, Alternative House","Mount Kimbie, Shlohmo, Autechre, King Krule",★★★★,5/30/2021,
,,Xiu Xiu,OH NO,Polyvinyl,3/30/2021,Terrorbird,,"1, 6, 14","Experimental Rock, Art Pop","Deerhoof, Chelsea Wolfe, Grouper, Liars",★★★★★,5/30/2021,
,,Real Estate,Half A Human (EP),Domino,3/30/2021,The Syndicate,,"2, 4, 5","Indie Pop, Neo-Psychedelia","Beach Fossils, Deerhunter, Best Coast, Grizzly Bear",★★★,5/30/2021,
,,SKEGSS,Rehearsal,Loma Vista,3/30/2021,The Syndicate,,"2, 3, 4, 5, 7","Indie Rock, Surf Rock","Dune Rats, Hockey Dad, Vundabar, The Chats",★★★★,5/30/2021,
,,Haunted Shed,Faltering Light,New West,3/30/2021,Tiger Bomb,,"3, 5, 7","Indie Rock, Jangle Pop","Fruit Bats, The War On Drugs, Steve Gunn",★★★,5/30/2021,
,,Kishi Bashi,Emigrant (EP),Joyful Noise,3/30/2021,Tiger Bomb,,"2, 3, 4","Indie Folk, Chamber Pop","Andrew Bird, Sufjan Stevens, Iron & Wine",★★★,5/30/2021,
,,Boise Cover Band,Unoriginal Artists,Ernest Jenning,3/30/2021,Vitriol,,"2, 3, 1, 6",Indie Rock,"Built to Spill, Modest Mouse, Sandy Alex G, Stephen Malkmus",★★★,5/30/2021,
,,Endlings,Human Form,Self-Released,3/30/2021,,,,"Experimental Electronic, Ambient, Noise","Deerhoof, XIU XIU",★★★★,5/30/2021,
,,Sex Tide,Ohio,Feeding Tube,3/30/2021,,TBD,"1, 8","Post-Punk, Noise Rock, No Wave, Garage Punk","Germs, Taiwan Housing Project, Special Interest",★★★★★,5/30/2021,
,x,Writhing Squares (Philly),Chart for the Solution,Trouble In Mind,3/30/2021,,,"1, 7, 11","Space Rock, Experimental Rock, Jazz Punk","Osees, EXEK, King Gizzard & the Lizard Wizard",★★★★★,7/30/2021,
,,Dry Cleaning,New Long Leg,4AD,4/6/2021,Beggars Group,"4, 5, 6, 7, 10","3, 2, 1","Post-Punk, Art Punk","Do Nothing, Goat Girl, Squid, Yard Act, Crack Cloud",★★★★★,6/6/2021,
,,"Floating Points, Pharoah Sanders & The London Symphony Orchestra",Promises,Luaka Bop,4/6/2021,Co-Sign,,"6, 5, 2, 3","Third Stream Jazz, Modern Classical","Ornette Coleman, Four Tet, Alice Coltrane, Leon Vynehall, Flying Lotus",★★★,6/6/2021,
,,"Gary Bartz, Adrian Younge & Ali Shaheed Muhammad",Gary Bartz JID006,Jazz Is Dead,4/6/2021,Co-Sign,,"3, 2, 1, 5","Jazz Fusion, Jazz-Funk","Kamasi Washington, Terrace Martin, Robert Glasper, Pharoah Sanders",★★★★,6/6/2021,
,,"R&B, Pop Soul, Doo Wop",Promenade Blue,Innovative Leisure,4/6/2021,Co-Sign,,"10, 1, 6, 8","R&B, Pop Soul, Doo Wop ","JD McPherson, Allah-Las, Mayer Hawthorne, Leon Bridges, Black Pumas",★★★,6/6/2021,
,,Death From Above 1979,Is 4 Lovers,Spinefarm,4/6/2021,Pirate!,9,"2, 1, 3, 8","Dance-Punk, Alternative Dance","The Faint, TV On The Radio, Tokyo Police Club, LCD Soundsystem,",★★★,6/6/2021,
,,Ratboys,"Happy Birthday, Ratboy",Topshelf,4/6/2021,Pirate!,,"11, 2, 7, 6","Indie Rock, Power Pop","Land of Talk, Wye Oak, PUP, Rilo Kiley, Soccer Mommy, Hop Along",★★★★,6/6/2021,
,,The Royal Arctic Institute,Sodium Light [EP],Rhyme & Reason,4/6/2021,Pirate!,,"1, 4, 5","Jazz Rock, Post-Punk","CHON, Tortoise, Solar Motel Band, LITE, Elephant Gym",★★★,6/6/2021,
,,Major Murphy,Access,Winspear,4/6/2021,Planetary,1 (clean edit avail.),"1, 3, 4, 5","Indie Rock, Jangle Pop","LVL Up, Guided By Voices, Great Grandpa, Strange Ranger, Cende",★★★★,6/6/2021,
,,The Orielles,La Vita Olistica,Heavenly[PIAS],4/6/2021,Planetary,,"1, 4, 6","Indie Pop, Psychedelic Pop","Stereolab, Anemone, Sunflower Bean",★★★,6/6/2021,
,,Wavves,Sinking Feeling [single],Fat Possum,4/6/2021,Planetary,,,"Indie Rock, Jangle Pop","Cloud Nothings, King Tuff, Ty Segall, Japandroids",★★★★,6/6/2021,
,,Working Men's Club,X [single],Heavenly[PIAS],4/6/2021,Planetary,use clean edit,,"Post-Punk, Synth Punk","New Order, Hot Chip, LCD Soundsystem, Simian Mobile Disco",★★★★,6/6/2021,
,,Fake Fruit,Fake Fruit,Rocks In Your Head,4/6/2021,Shine On,,"1, 3, 8, 10",Post-Punk,"Death Valley Girls, Amyl & The Sniffers, Chastity Belt, Bully, Protomartyr",★★★★,6/6/2021,
,,Flock of Dimes,Head of Roses,Sub Pop,4/6/2021,Shine On,,"3, 2, 4, 1, 5, 9","Dream Pop, Indie Pop","Wye Oak, Jay Som, Sharon Van Etten, Wild Ones, Sylvan Esso",★★★★,6/6/2021,
,,Mansell,Big Chandelier [EP],Self-Released,4/6/2021,Terrorbird,,,"Dream Pop, Indie Pop","Spendtime Palace, Deerhunter, The Regrettes",★★★,6/6/2021,
,,Moontype,Bodies of Water,Born Yesterday,4/6/2021,Terrorbird,1 (clean edit avail.),"2, 3, 5, 7",Indie Rock,"Miss Grit, Katy Kirby, Another Michael",★★★★,6/6/2021,
,,LAPECHE,Blood in the Water,New Granada,4/6/2021,The Syndicate,,"1, 4, 8, 5, 10",Post-Punk,"Protomartyr, Shame, FACS, Metz",★★★★,6/6/2021,
,,Figueroa,The World As We Know It,NOMARK,4/6/2021,Tiger Bomb,8,"1, 2, 4, 5","Experimental Folk, Psychedelic Folk","Caribou, Jack Rose, King Gizzard & The Wizard Lizard",★★★,6/6/2021,
,,No-No Boy,1975,Smithsonian Folkways,4/6/2021,Tiger Bomb,"2, 3*, 9* (* = clean edit avail.)","2, 3, 5, 8, 9",Folk Rock,"Kishi Bashi, Okkervil River, Pete Seeger",★★★,6/6/2021,
,,Alex Little and the Suspicious Minds,Waiting to Get Paid,Light Organ,4/6/2021,Vitriol,,"1, 2, 3, 4","Garage Pop(?), Dream Pop, Alternative Rock","Best Coast, Alvvays, Twin River, The Beths",★★★,6/6/2021,
,,Preening,Dragged Through the Garden,ever/never,4/6/2021,,,,"No Wave, Post-Punk","dissonant and noisy punk, kinda weird but cool!",★★★★,6/6/2021,
,,Benny Sings,Music,Stones Throw,4/13/2021,Co-Sign,,"1, 4, 2, 8, 10","Indie Pop, Neo-Soul","Nick Hakim, Rex Orange County, Connan Mockasin, Mac DeMarco",★★★,6/13/2021,
,x,Spirit of the Beehive (Philly),"Entertainment, Death",Saddle Creek,4/13/2021,Co-Sign,,"7, 2, 8","Neo-Psychedelia, Noise Pop, Experimental Rock","Animal Collective, Palm, Black Midi, Empath",★★★★★,8/13/2021,
,,Yaya Bey,The Things I Can't Take With Me (EP),Big Dada,4/13/2021,Co-Sign,use clean edits!,"2, 5, 3","Neo-Soul, Alternative R&B","Liv.e, The Internet, Ravyn Lenae, Amber Mark, Thanya Iyer, Solange",★★★,6/13/2021,
,,Come Closer,Pretty Garbage,Pirates Press,4/13/2021,Pirate!,"4, 5, 8","1, 8*, 2","Alternative Rock, Jangle Pop","Dinosaur Jr., Superchunk, Lemonheads, Jawbreaker, Downtown Struts",★★★,6/13/2021,
,,Ruby Bones,Laser Tooth Tiger,Mint 400,4/13/2021,Pirate!,,"5, 2, 4, 3, 9",Indie Rock,"Cheerleader, Spoon, Tokyo Police Club, Bear Hands, The Shins",★★★,6/13/2021,
,,La Femme,Paradigmes,Disque Pointu / IDOL,4/13/2021,Planetary,"1, 3, 13 [3 & 13 cleans avail]","2, 8, 4, 3, 13",French Pop,"Stereolab, L’Imperatrice, Charlotte Gainsbourg, Anemone",★★★★,6/13/2021,
,,Milly,Wish Goes On (EP),Dangerbird,4/13/2021,Planetary,"2, 5 (clean edits avail.)","3, 2, 5, 1","Dream Pop, Indie Rock, Shoegaze","Swervedriver, Horse Jumper of Love, Built to Spill, Cloakroom, Duster",★★★★,6/13/2021,
,,Slow Down Molasses,Street Haunting [single],Self-Released,4/13/2021,Planetary,,,"Post-Punk, Art Rock, Noise Rock","Lithics, No Age, My Bloody Valentine, Crack Cloud, The Clash",★★★★,6/13/2021,
,,Stephen Fretwell,Embankment [single],Speedy Wunderground/PIAS,4/13/2021,Plantetary,,,Singer/Songwriter,"Radiohead, Jeff Buckley, Nick Drake, Mark Langegan",★★★,6/13/2021,
,,Silver Synthetic,Silver Synthetic,Third Man Records,4/13/2021,Shine On,,"2, 3, 4, 5, 1","Psychedelic Rock, Indie Rock","Woods, Kiwi Jr., OSEES, Bonny Doon, White Fence, King Gizzard & The Lizard",★★★,6/13/2021,
,,Francis of Delirium,Wading (EP),Dalliance,4/13/2021,Strange Loop / Vitriol,,"3, 1, 2","Indie Rock, Emo","Bully, Beths, Breeders, Lucy Dacus",★★★★,6/13/2021,
,,Hypoluxo,Hypoluxo,Terrible,4/13/2021,Terrorbird,4,"2, 3, 6, 9","Post-Punk, Indie Rock","Beach Fossils, Gang of Four, Ought, Preoccupations.",★★★★,6/13/2021,
,,Orions Belte,Villa Amorini,Jansen,4/13/2021,Terrorbird,,"3, 6, 7, 9","Psychedelic Rock, Indie Pop","Mild High Club, Crumb, Babe Rainbow",★★★★,6/13/2021,
,,Sorry,Twixtustwain (EP),Domino,4/13/2021,Terrorbird,1,"2, 3, 4","Art Pop, Trip Hop, Indie Rock","Jockstrap, Porridge Radio, Shame, A.G. Cook",★★★★,6/13/2021,
,,Yo Kinky,Yo Kinky (EP),Self-Released,4/13/2021,The Syndicate,,"3, 2, 1","Post-Punk, Garage Punk","Amyl & the Sniffers, NOTS, Palberta",★★★★,6/13/2021,
,,Boogarins,Manchaca Vol. 2,OAR,4/13/2021,Tiger Bomb,,"1, 2, 7, 9, 12","Psychedelic Rock, Neo-Psychedelia","Dungen, Temples, Tame Impala",★★★★,6/13/2021,
,,Douglas,Ashes,J'aime Trop,4/13/2021,Tiger Bomb,,"4, 2, 3, 11","Synthpop, Art Pop, Electropop","Kate Bush, Cocteau Twins, Fever Ray, Bat For Lashes",★★★,6/13/2021,
,,Tunic,Exhaling,Artoffact,4/13/2021,Tiger Bomb,,"1, 2, 3","Noise Rock, Post-Hardcore","Metz, Pile, exhalants, Cherubs",★★★★,6/13/2021,
,,Nick Hakim & Roy Nathanson,Small Things,NYXO,4/20/2021,Co-Sign,4,"3, 1, 5","Vocal Jazz, Neo-Soul","Moses Sumney, Blood Orange, Thundercat, Khruangbin",★★★,6/20/2021,
,,Cory Hanson,Pale Horse Rider,Drag City,4/20/2021,n/a,,"1, 2, 4, 5",Psychedelic Folk,"Goggs, White Fence, Ty Segall, Osees",★★★★,6/20/2021,
,,Mihi Nihil (Mee-Kee Nee-Keel),Mihi Nihil,Flora Toro,4/20/2021,Pirate!,,"7, 5, 2, 8","Dream Pop, Indie Rock, Post-Punk","Beach House, Cat Power, PJ Harvey, Lower Dens, Savages",★★★★,6/20/2021,
,,Field Music,Flat White Moon,Memphis Industries,4/20/2021,Planetary,3 (clean edit avail.),"1, 6, 3*",Progressive Pop,"The Shins, Maximo Park, Spoon, Super Furry Animals, The Futureheads, Wolf Parade",★★★,6/20/2021,
,,Caroline Kingsbury,Heaven's Just A Flight,Fortune Tellers,4/20/2021,Shine On,"1*, 2*, 4*,12, 13* (*=clean edit avail.)","2*, 10, 4*, 7, 15","Indie Pop, Art Pop, Indie Rock","Kate Bush, Chai, Aurora, Bat For Lashes, Caroline Polachek / Chairlift",★★★,6/20/2021,
,,Juan Wauters,Real Life Situations,Captured Tracks,4/20/2021,Terrorbird,"7, 17","2, 6, 7*, 8, 14","Singer/Songwriter, Indie Pop, Psychedelic Folk","Homeshake, Helado Negro, Mac Demarco, Kevin Morby",★★★★,6/20/2021,
,x,PEDAZO DE CARNE CON OJO (Philly!),Dun Dun,Citrus City,4/20/2021,Terrorbird,"1, 7, 9, 11","2, 3, 6, 8","Experimental Hip-Hop, Glitch Pop","ARTHUR, Vegyn, OTTO, Body Meat",★★★★,8/20/2021,
,,Sasha & the Valentines,So You Think You Found Love?,Oof Records,4/20/2021,Terrorbird,,"1, 4, 6, 7","Dream Pop, Indie Rock","Beach House, Molly Burch, Sun June, Tennis",★★★★,6/20/2021,
,,The Berries,Throne of Ivory,Run For Cover,4/20/2021,Terrorbird,"5, 8","1, 2, 7, 10","Indie Rock, Indie Pop","Turnover, Parquet Courts, Bugg, Spencer Radcliffe",★★★★,6/20/2021,
,,Cher Strauberry,Sampler [EP],Megaforce,4/20/2021,The Syndicate,"1, 3 (clean edits avail.)","1*, 2, 3*","Lo-Fi Indie Rock, Indie Punk, Indie Pop","Daniel Johnston, Baby FuzZ, Surfbort",★★★,6/20/2021,
,,Phoneboy,Nevermind,Self-Released,4/20/2021,The Syndicate,1 (clean edit avail.),"1*, 3, 2, 4, 6","Indie Rock, Indie Pop","Early Eyes, Breakup Shoes",★★★,6/20/2021,
,,Futo,Outstanding In His Field [EP],Marching Banana,4/20/2021,Tiger Bomb,,"1, 2, 5","Psychedelic Pop, Bedroom Pop","Sufjan Stevens, Hovvdy, Angelo De Augustine",★★★,6/20/2021,
,,Jess Joy,PATREEARCHY,Joyful Noise,4/20/2021,Tiger Bomb,3,"1, 2, 10",Art Pop,"Tune-Yards, Björk, Joanna Newsom",★★★,6/20/2021,
,,Silverware,No Plans,FreshWash,4/20/2021,Tiger Bomb,,"3, 2, 1, 7","Indie Pop, Art Pop, Indie Rock","Weyes Blood, Mitski, Sharon Van Etten, Miya Folick",★★★,6/20/2021,
,,Jeff Rosenstock,SKA DREAM,Polyvinyl,4/27/2021,Co-Sign,use clean edits,"3, 10, 1, 2, 9",Ska Punk,"Bomb The Music Industry!, Suicide Machines, The Specials, The Mighty Mighty Bosstones",★★★★★,6/27/2021,
,,Rochelle Jordan,Play With The Changes,Young Art,4/27/2021,Co-Sign,use clean edits,,,,★★★,6/27/2021,
,,Rata Negra,Una Vida Vulgar,La Vida Es Un Mus,4/27/2021,La Vida Es Un Mus,TBD - in Spanish though!,,"Post-Punk, Pop Punk","Belgrado, LA URSS, Priests",★★★★,6/27/2021,
,,RUDIMENTARY PENI,Great War,La Vida Es Un Mus,4/27/2021,La Vida Es Un Mus,TBD,,"Anarcho-Punk, Art Punk, Hardcore Punk","Crass, Poison Girls, Aus-Rotten",★★★★,6/27/2021,
,,Alfa Mist,Bring Backs,ANTI-,4/27/2021,Pirate!,,"1, 4, 9, 3, 5",Nu-Jazz,"Thundercat, Flying Lotus, Talib Kweli, Jordan Rakei, Nick Hakim",★★★★,6/27/2021,
,,Babygirl,Losers Weepers [EP],Sandlot/AWAL,4/27/2021,Pirate!,2 (clean edit avail.),"2*, 5, 3, 1","Indie Pop, Indie Rock","Samia, Dizzy, Anna of the North, Yumi Zouma, Hatchie, Clairo",★★★,6/27/2021,
,,The Armed,ULTRAPOP,Sargent House,4/27/2021,Pirate!,2 (clean edit avail.),"5, 7, 11, 12, 2*","Noise Rock, Post-Hardcore, Noise Pop","Metz, Spirit of the Beehive, Fucked Up, '68",★★★★★,6/27/2021,
,,Wild Powwers,What You Wanted,Self-Released,4/27/2021,Pirate!,4 (clean edit avail.),"2, 1, 3, 8, 7, 4*","Indie Rock, Grunge, Noise Rock","Death Valley Girls, Fuzz, Summer Cannibals, Japandroids, Bleached",★★★,6/27/2021,
,,Art d'Ecco,In Standard Definition,Paper Bag,4/27/2021,Planetary,,"1, 2, 5, 6","Glam Rock, Art Pop","Perfume Genius, U.S. Girls, MGMT, St. Vincent, Jenny Lewis, The Kills, Raveonettes, Death Valley Girls",★★★★,6/27/2021,
,,Lady Dan,I Am the Prophet,Earth Libraries,4/27/2021,Planetary,,"5, 7, 8, 1",Indie Folk,"Madeline Kenney, First Aid Kit, Jess Williamson, Nap Eyes",★★★,6/27/2021,
,,OSKA,Honeymoon Phase [EP],Nettwerk,4/27/2021,Planetary,,"4, 3, 6","Indie Pop, Indie Folk","Florist, Lomelda, Clairo, Kacey Musgraves",★★★,6/27/2021,
,,Dinosaur Jr.,Sweep It Into Space,Jagjaguwar,4/27/2021,Secretly,,"9, 4, 5","Indie Rock, Alternative Rock","Sebadoh, Meat Puppets, Pavement, J Mascis",★★★★,6/27/2021,
,,Shame,Live In the Flesh,Dead Oceans,4/27/2021,Secretly,,"2, 3, 7",Post-Punk,"IDLES, Protomartyr, Viagra Boys",★★★★,6/27/2021,
,,CLAMM,Beseech Me,Meat Machine,4/27/2021,Shine On,"2, 5, 6, 9","7, 4, 1","Garage Punk, Noise Rock","Total Control, King Gizzard And The Lizard Wizard, EXEK, Metz",★★★★,6/27/2021,
,,Hannah Jadagu,What Is Going On? [EP],Sub Pop,4/27/2021,Shine On,,"3, 4, 2",Indie Pop,"Soccer Mommy, Clairo, Snail Mail, Phoebe Bridgers",★★★,6/27/2021,
,,The Murlocs,Francesca [single],ATO,4/27/2021,Shine On,,,Garage Rock,"King Gizzard And The Lizard Wizard, ORB, Stonefield, Thee Oh Sees, Woods, EXEK",★★★★,6/27/2021,
,,Blood Lemon,Blood Lemon,Self-Released,4/27/2021,Syndicate,6,"4, 7, 2, 8","Indie Rock, Punk Rock","Fake Fruit, NOTS, Drahla",★★★,6/27/2021,
,,Calliope Musicals,Between Us [EP],Spaceflight,4/27/2021,Terrorbird,"1, 4","2, 3, 5","Psychedelic Pop, Experimental Pop, ""Party Folk""","Kate Bush, Caroline Rose, U.S. Girls, Talking Heads",★★★,6/27/2021,
,,JayWood,Some Days [EP],Captured Tracks,4/27/2021,Terrorbird,,all,"Psychdelic Pop, Funk, Indie Pop","Steve Lacy, Boy Pablo, Becca Mancari",★★★★,6/27/2021,
,,Kero Kero Bonito,Civilisation I / Civilisation II,Polyvinyl,4/27/2021,Terrorbird,,all,"Synthpop, Electropop","SOPHIE, Charli XCX, Grimes, Caroline Polachek",★★★★★,6/27/2021,
,,Luminous Kid,At The End of the Dream,The Satchi Six,4/27/2021,Terrorbird,,"2, 3, 7, 12","Indie Folk, Indie Pop","Phoebe Bridgers, Skullcrusher, Claud, Indigo Sparke",★★★,6/27/2021,
,,Sour Widows,Crossing Over [EP],Exploding In Sound,4/27/2021,Terrorbird,,all,Indie Folk,"Babehoven, Katy Kirby, Lomelda",★★★,6/27/2021,
,,New Madrid,New Madrid,Lemonade,4/27/2021,Tiger Bomb,,"1, 2, 3, 6","Jangle Pop, Indie Rock","Twin Peaks, Deerhunter, Futurebirds",★★★,6/27/2021,
,,Teenage Fanclub,Endless Arcade,Merge,4/27/2021,Tiger Bomb,,"1, 4, 5, 7, 8","Jangle Pop, Power Pop","Big Star, Orange Juice, Aztec Camera, The Wedding Present",★★★★,6/27/2021,
,x,Civic Mimic (NJ),Deep Clean [EP],Self-Released,4/27/2021,,,"1, 2, 3","Indie Rock, Art Punk","Public Eye, Uranium Club, Cheekface",★★★★,8/27/2021,
,,Indigo De Souza,"I Love My Mom [from 2018, reissue]",Saddle Creek,4/27/2021,,"1, 7",,"Indie Rock, Bedroom Pop","Cheekface, Girlpool, Horse Jumper of Love",★★★★,6/27/2021,
,x,Jodaki (Philly),Awk Rock,Self-Released,4/27/2021,,"1, others TBD","1*,","Indie Rock, Emo","Jeff Rosenstock, Car Seat Headrest, Weezer",★★★★,8/27/2021,
,x,No Soap Radio (NJ),No Soap Radio,Contrived Publications,4/27/2021,,TBD,"2, 1","Indie Rock, Indie Pop",,★★★★,8/27/2021,
,,The Nightingales,"Pigs On Purpose [from 1982, expanded reissue]",Fire Records,4/27/2021,,,,Post-Punk,"The Fall, A Certain Ratio, Wire",★★★★,6/27/2021,
,,Various Artists,The Comp Vol. 1,Wet Cassettes,4/27/2021,,1,,"Noise Rock, Garage Punk",,★★★★,6/27/2021,
,x,Yeet (Philly),WAR [EP],Self-Released,4/27/2021,,,all of them,"Experimental Rock, Noise Pop, Indie Rock","black midi, Osees, Palm, Uranium Club",★★★★★,8/27/2021,
,x,yung sham (Philly),Impromptu Fantasies,fishpeoplebirds,4/27/2021,,TBD,"3, 2, 7","Lo-Fi, Slowcore, Ambient Pop","Teethe, TAGABOW, Joyer, People I Love",★★★★,8/27/2021,
,,black midi,Cavalcade [advance tracks],Rough Trade,5/4/2021,Beggars Group,,,"Avant-Prog, Experimental Rock","Squid, Black Country, New Road, Slint",★★★★★,7/4/2021,
,,Dawn Richard,Second Line,Merge,5/4/2021,Co-Sign,use clean edits,"7, 4, 3, 5, 14","Alternative R&B, UK Bass, Hip House","Kelela, Jazmine Sullivan, Solange, NAO, FKA twigs, Jamila Woods",★★★,7/4/2021,
,,Leon Vynehall,"Rare, Forever",Ninja Tune,5/4/2021,Co-Sign,,"8, 7, 5, 3, 6","Tech House, Ambient Techno","Floating Points, Nicolas Jaar, Lapalux, Nosaj Thing, Shigeto",★★★,7/4/2021,
,,Los Retros,Looking Back [EP],Stones Throw,5/4/2021,Co-Sign,,"4, 1, 3, 2, 6",Indie Pop,"Chicano Batman, Crumb, Men I Trust, Toro Y Moi, Homeshake",★★★,7/4/2021,
,,Metronomy,The English Riviera (10th Anniversary Edition),Because Music,5/4/2021,Co-Sign,,"14, 13, 4, 7","Indie Pop, Indietronica","MGMT, Hot Chip, Django Django, Caribou, Friendly Fires, Cut Copy, LCD Soundsystem",★★★,7/4/2021,
,,Cheekface,We Need a Bigger Dumpster [single],New Professor,5/4/2021,Pirate!,,,"Indie Rock, Post-Punk","Parquet Courts, AJJ, The Front Bottoms, Bad Moves",★★★★★,7/4/2021,
,,Rosie Tucker,Sucker Supreme,Epitaph,5/4/2021,Pirate!,"1, 5","2, 6, 7, 9, 10","Indie Pop, Power Pop","Adult Mom, Girlpool, Mitski, Frankie Cosmos, Ratboys, Mamalarky",★★★★,7/4/2021,
,,Juliana Hatfield,Blood,American Laundromat,5/4/2021,Planetary,,"8, 2, 3, 7, 4","Indie Pop, Singer/Songwriter","Soccer Mommy, Liz Phair, Courtney Barnett, Angel Olsen, Alex Lahey, Jenny Lewis, Pip Blom, Best Coast",★★★,7/4/2021,
,,Kojaque,Town's Dead [advance tracks],Soft Boy/[PIAS],5/4/2021,Planetary,use clean edit!,,"Jazz Rap, Irish Hip-Hop","Injury Reserve, Zelooperz, clipping., Saba",★★★,7/4/2021,
,,sleepmakeswaves,These Are Not Your Dreams,Bird's Robe,5/4/2021,Planetary,,"4, 6, 9",Post-Rock,"This Will Destroy You, Explosions In The Sky, Mogwai, Caspian",★★★,7/4/2021,
,,TEKE::TEKE,Shirushi,Kill Rock Stars,5/4/2021,Planetary,,"2, 4, 8, 1","Experimental Rock, Garage Rock, Surf Rock","Haruomi Hosono, Acid Mothers Temple, CHAI, Fishmans, YELLOW MAGIC ORCHESTRA",★★★★,7/4/2021,
,,Glume,The Internet,Italians Do It Better,5/4/2021,Shine On,"11, 12","3, 6, 8, 2, 1",Synthpop,"Chromatics, Johnny Jewel, Julee Cruise",★★★★,7/4/2021,
,,Grave Flowers Bongo Band,Strength of Spring,Castle Face,5/4/2021,Shine On,,"4, 8, 2","Psychedelic Rock, Garage Rock","Ty Segall, Cory Hanson, WAND, Sic Alps, The Stooges",★★★★★,7/4/2021,
,,NOV3L,Non-Fiction [advance tracks],Flemish Eye,5/4/2021,Shine On,,"2, 11","Post-Punk, Art Punk","Crack Cloud, Preoccupations, Drahla, Omni",★★★★★,7/4/2021,
,,Ya Tseen,Indian Yard,Sub Pop,5/4/2021,Shine On,"6, 9 (clean edits avail.)","1, 6*, 8, 9*, 4, 5","Art Pop, Alternative R&B","Portugal. The Man, Tame Impala, Porches, Blood Orange",★★★,7/4/2021,
,,Cartalk,Pass Like Pollen,Lame-O,5/4/2021,Terrorbird,,"2, 3, 4, 9","Indie Rock, Alt-Country","Another Michael, Katy Kirby, Sun June, Ratboys",★★★,7/4/2021,
,,Dark Tea,Dark Tea,Fire Talk,5/4/2021,Terrorbird,,"2, 3, 6, 7, 12","Folk Rock, Indie Rock","TOLEDO, The Berries, Hovvdy, Cass McComb",★★★★,7/4/2021,
,,Crumb,Ice Melt,Crumb,5/4/2021,Tiger Bomb,,"2, 5, 7, 8","Dream Pop, Psychedelic Pop","Inner Wave, No Vacation, Homeshake",★★★★★,7/4/2021,
,,Matt Sweeney & Bonnie 'Prince' Billy,Superwolves,Drag City,5/4/2021,Tiger Bomb,3,"1, 4, 9, 11","Folk Rock, Americana","Smog/Bill Callahan, Silver Jews/Purple Mountains, Songs: Ohia/Magnolia Electric Co",★★★★,7/4/2021,
,,Tōth,You And Me And Everything,Northern Spy,5/4/2021,Tiger Bomb,"8, 12","1, 2, 5, 9","Folk Rock, Dream Folk (is this a thing?)","Arthur Russell, Andy Shauf, Drugdealer",★★★★,7/4/2021,
,x,Bel (Philly),Amelia [single],Self-Released,5/4/2021,,,,"Indie Pop, Indie Rock","Lucy Dacus, Waxahatchee, and Snail Mail",★★★★,9/4/2021,
,,Colleen,The Tunnel and the Clearing,Thrill Jockey,5/4/2021,,,"7, 1, 2","Ambient, Art Pop","Tim Hecker, Grouper",★★★,7/4/2021,
,,Ellis,Hospital [single],Self-Released,5/4/2021,,,,"Dream Pop, Bedroom Pop","Men I Trust, Porches, Momma",★★★,7/4/2021,
,,MJ Lenderman & Wednesday,Guttering [EP],Julia's War,5/4/2021,,2,"3, 4, 5","Garage Rock, Indie Folk","Spencer Radcliffe, Crisman, Shelf Life",★★★★,7/4/2021,
,x,Natalie McCool (Philly),Heaven [single],Fortress Sounds,5/4/2021,,,,Indie Pop,"Nilufer Yanya, U.S. Girls",★★★,9/4/2021,
,,Primitive Broadcast Service,Chameleon [single],Self-Released,5/4/2021,,,,Noise Rock,"Sonic Youth, Girl Band, Melvins",★★★★,7/4/2021,
,,Flying Lotus,Yasuke,Warp,5/11/2021,Co-Sign,,"2, 6, 26, 13","Electronic, Nu Jazz","Thundercat, Madlib, Teebs, Clams Casino, BADBADNOTGOOD, Nujabes",★★★★,7/11/2021,
,,Myd,Born a Loser,Because Music / Ed Banger,5/11/2021,Co-Sign,,"2, 10, 3, 4","Deep House, Synthpop","Metronomy, Jungle, Justice, SebastiAn, Roosevelt, FKJ, Cassius",★★★,7/11/2021,
,,Pom Pom Squad,Head Cheerleader [single],City Slang,5/11/2021,Co-Sign,use clean edit!,,"Indie Rock, Power Pop","Kathleen Hanna, Cherry Glazerr, Tacocat, Courtney Love, Illuminati Hotties",★★★,7/11/2021,
,,Electric Looking Glass,Somewhere Flowers Grow,We Are Busy Bodies,5/11/2021,Pirate!,,"1, 2, 3, 4, 7","Psychedelic Pop, Psychedelic Rock","Foxygen, The Lemon Twigs, Sunflower Bean, Babe Rainbow, Real Estate",★★★,7/11/2021,
,,Swim Camp,Stupid Thing/First Day Back [EP],Know Hope,5/11/2021,Pirate!,,"1, 2","Indie Rock, Slowcore","Alex G, Horse Jumper of Love, Field Medic, LVL UP, Hovvdy",★★★,7/11/2021,
,,The Mighty Mighty Bosstones,When God Was Great,Hellcat/Epitaph,5/11/2021,Pirate!,3 (clean edit avail.),"2, 7, 9, 11, 3*",Ska Punk,"Jeff Rosenstock, Rancid, the one hit they had",★★★,7/11/2021,
,,Iceage,Seek Shelter,Mexican Summer,5/11/2021,Planetary,4 (clean edit avail.),"1, 4*, 6, 9","Alternative Rock, Punk Blues","The Men, Ought, Priests, Shame, METZ, Savages, Ceremony",★★★★★,7/11/2021,
,,KALI,Circles [EP],Nettwerk,5/11/2021,Planetary,,"1, 4","Bedroom Pop, Indie Pop","beabadoobee, Wallows, Mallrat, St. Vincent",★★★,7/11/2021,
,,Paul Jacobs,Pink Dogs on the Green Grass,Blow the Fuse,5/11/2021,Planetary,,"1, 3, 5, 7","Pyschedelic Rock, Garage Rock","Pottery, Tiña, Juan Waters, Laundromat, Corridor, Squid",★★★★,7/11/2021,
,,The Babe Rainbow,Changing Colours,Eureka / Kobalt,5/11/2021,Planetary,TBD,"1, 2, 3,4","Psychedelic Pop, Psychedelic Rock","Mild High Club, Unknown Mortal Orchestra, of Montreal, King Gizzard & The Lizard Wizard, Connan Mockasin",★★★,7/11/2021,
,,Wavves,Hideaway [advance tracks],Fat Possum,5/11/2021,Planetary,,,"Indie Rock, Jangle Pop","Cloud Nothings, King Tuff, Ty Segall, Japandroids",★★★★,7/11/2021,
,,Lucas Aaron,Domino,Green Door Studios,5/11/2021,Shine On,,"11, 2, 1, 3, 7",Garage Rock,"King Tuff, Thee Oh Sees, Kiwi Jr. Cut Worms, Fake Fruit",★★★,7/11/2021,
,,Iron And Wine,Archive Series Vol 5 Tallahassee Recordings,Sub Pop,5/11/2021,Sub Pop,9,"2, 5, 6, 7, 1",Indie Folk,"Conor Oberst / Bright Eyes, Big Thief, Andrew Bird, Calexico, M. Ward",★★★,7/11/2021,
,,Anjimile,Reunion [EP],Father/Daughter,5/11/2021,Terrorbird,,"1, 2, 3",Chamber Folk,"Lomelda, Jay Som, SASAMI, Sufjan Stevens.",★★★,7/11/2021,
,,Mia Joy,Spirit Tamer,Fire Talk,5/11/2021,Terrorbird,,"4, 6, 7, 8",Dream Pop,"Ana Roxanne, Crumb, Grouper, Men I Trust, Jordana",★★★★,7/11/2021,
,,Squid,Bright Green Field,Warp,5/11/2021,Terrorbird,,"3, 5, 7, 11","Art Punk, Post-Punk, Krautrock","Black Country, New Road, Viagra Boys, black midi",★★★★★,7/11/2021,
,x,Remember Sports (Philly),Like A Stone,Father/Daughter,5/11/2021,The Syndicate,3 (clean edit avail.),"3*, 6","Indie Rock, Power Pop","Cayetana, Camp Cope, The Beths, Diet Cig",★★★★,9/11/2021,
,,Aim Low,Broken Sundial [EP],Amplitude Limitation,5/11/2021,Tiger Bomb,,"2, 3, 4","Post-Rock, Drone","Liars, SUUNS, Eluvium",★★★,7/11/2021,
,,Adrian Crowley,The Watchful Eye of the Star,Ba Da Bing,5/11/2021,,,"1, 4, 3","Indie Folk, Singer-Songwriter","Arab Strap, Matt Sweeney, Bill Callahan",★★★,7/11/2021,
,,Ganser,Look at the Sun [EP],Felte,5/11/2021,,,"5, 1, 4","Dance-Punk, Post-Punk","Girl Band, Algiers, Bartees Strange, Crack Cloud",★★★★★,7/11/2021,
,x,acid_freek (Philly),100%,Julia's War,5/12/2021,,,"4, 8, 10","Shoegaze, Ambient, Drone","TAGABOW, no friends",★★★★,9/12/2021,
,,Culled Hands,Culled Hands,Wet Cassettes,5/12/2021,,,,"Darkwave, Synthwave","Cabaret Voltaire,",★★★,7/12/2021,
,,Gaba Ghoul,Gaba Ghoul,Wet Cassettes,5/12/2021,,,,"""Fuzz Punk,"" Garage Punk, Horror Punk","Special Interest, Rudimentary Peni, Suicide",★★★,7/12/2021,
,x,Sweet Truth (NJ),Sweet Truth,Wet Cassettes,5/12/2021,,1,,Post-Punk,"Omni, Minutemen, DIIV",★★★★,9/12/2021,
,,The Goon Sax,In the Stone [single],Matador,5/18/2021,Beggars Group,,,"Indie Pop, Jangle Pop","Parsnips, The Stroppies, Beat Happening",★★★★,7/18/2021,
,,India Jordan,Watch Out! [EP],Ninja Tune,5/18/2021,Co-Sign,,"5, 1, 2","Breakbeat, House","ayda G, Octo Octa, Logic1000, Jacques Greene",★★★★,7/18/2021,
,,Marinero,Hella Love,Hardly Art,5/18/2021,Co-Sign,,"4, 6, 2","Latin Jazz, Jazz Fusion","Chicano Batman, Jerry Paper, Divino Niño, Connan Mockasin, Loving, Juan Wauters",★★★,7/18/2021,
,,St. Vincent,Daddy's Home,Loma Vista,5/18/2021,Co-Sign,,"8, 1, 5, 10, 2","Art Rock, Psychedelic Soul","David Bowie, Perfume Genius, Sleater-Kinney, Fiona Apple, U.S. Girls, Prince",★★★★,7/18/2021,
,,Tim Foljahn,I Dreamed A Dream,Cart/Horse,5/18/2021,Pirate!,6,"4, 1, 3, 5, 7",Psychedelic Folk,"Fruit Bats, Kurt Vile, Townes Van Zandt",★★★,7/18/2021,
,,MAN ON MAN,MAN ON MAN,Polyvinyl,5/18/2021,Shine On,"2, 5, 7 (clean edits avail.)","3, 1, 6","Indie Rock, Indietronica","Imperial Teen, Faith No More, Get Lost-era Magnetic Fields, DIIV",★★★,7/18/2021,
,,Current Joys,Voyager,Secretly Canadian,5/18/2021,Terrorbird,4,"2, 6, 7, 11",Indie Rock,"Car Seat Headrest, Alex G, Big Star, Coma Cinema",★★★★,7/18/2021,
,,Fiddlehead,Between the Richness,Run For Cover,5/18/2021,Terrorbird,,"3, 6, 10","Emo, Indie Rock","Drug Church, Gouge Away, Basement, Ceremony",★★★,7/18/2021,
,,PACKS,Take the Cake,Fire Talk,5/18/2021,Terrorbird,7,"3, 4, 5, 9","Dream Pop, Garage Rock","Pavement, IAN SWEET, Miss Grit, Bully",★★★★,7/18/2021,
,,Missing Sons,Missing Sons,Joyful Noise,5/18/2021,Tiger Bomb,,"1, 2, 3, 6",Instrumental Rock(?),"Ratatat, Maserati, The Album Leaf",★★★,7/18/2021,
,,Pardoner,Came Down Different,Bar None,5/18/2021,Tiger Bomb,"4, 8","1, 2, 3, 5, 9",Indie Rock,"Pavement, Parquet Courts, Pile, Polvo",★★★★,7/18/2021,
,x,Magic Cobra (Philly),Magic Cobra [EP],Sister Raygun,5/18/2021,,TBD,,"Psychedelic Rock, Garage Rock",,★★★★,9/18/2021,
,,Sons of Kemet,Black to the Future,Impulse,5/18/2021,,,"4, 6",Afro-Jazz,"Shabaka and the Ancestors, The Comet Is Coming",★★★★,7/18/2021,
digital,,Gruff Rhys,Seeking New Gods,Rough Trade,5/25/2021,Beggars,,"1, 3","Psychedelic Pop, Baroque Pop","Field Music, Teenage Fanclub, Mac Demarco",★★★,7/25/2021,
digital,,Mdou Moctar,Afrique Victim,Matador,5/25/2021,Beggars,,"1, 2, 4","Psychedelic Rock, Taureg Blues","Kikagaku Moyo, King Gizzard..., Allah-Las",★★★★,7/25/2021,
digital,,black midi,Cavalcade [advance tracks],Rough Trade,5/25/2021,Beggars Group,,,"Avant-Prog, Experimental Rock","Squid, Black Country, New Road, Slint",★★★★★,7/25/2021,
digital,,Anchorsong,Mirage,Tru Thoughts,5/25/2021,Co-Sign,,"10, 6, 8",Electronic,"Bonobo, Quantic, Daedelus, Jaga Jazzist, Thievery Corporation",★★★,7/25/2021,
digital,,Sons of Raphael,Full-Throated Messianic Homage,Because Music,5/25/2021,Co-Sign,,"1, 6, 3","Neo-Psychedelia, Psychedelic Pop","MGMT, The Lemon Twigs, King Tuff, Pond, Ty Segall, Black Lips",★★★,7/25/2021,
digital,x,Mannequin Pussy (Philly),Perfect [EP],Epitaph,5/25/2021,Pirate!,"2 (clean edit avail.), 4","1, 3, 5, 2*",Indie Rock,"Dilly Dally, Tacocat, Cherry Glazerr, Bully, Slothrust, Diet Cig, Pom Pom Squad",★★★★★,9/25/2021,
digital,,"Speak, Memory",Adirondack [EP],Clerestory AV,5/25/2021,Pirate!,,"2, 1",Math Rock,"Chon, Explosions In The Sky, El Ten Eleven, Elephant Gym",★★★,7/25/2021,
digital,,Brodka,BRUT,PIAS,5/25/2021,Planetary,,"2, 3","Art Pop, Avant-Pop","Mr. Twin Sister, TOPS, Sky Ferreira, Kim Petras, Rina Sawayama",★★★,7/25/2021,
digital,,Native Sun,Jesus / Off the Dial [single],Grand Jury,5/25/2021,Planetary,,bofadem,Garage Rock,"The Dirty Nil, Mudhoney, Bass Drum of Death, FIDLAR, Ty Segall",★★★★★,7/25/2021,
digital,,Star Moles,Camelot [EP],Earth Libraries,5/25/2021,Planetary,5,"1, 3, 4",Indie Pop,"Faye Webster, Frankie Cosmos, Lomelda, Adult Mom",★★★,7/25/2021,
digital,,Working Men's Club,X Remixes [EP],Heavenly/PIAS,5/25/2021,Planetary,,,"Dance-Punk, New Wave, Synthpop","New Order, Hot Chip, LCD Soundsystem, Simian Mobile Disco",★★★,7/25/2021,
digital,,Yoo Doo Right,Don't Think You Can Escape Your Purpose,Mothland,5/25/2021,Planetary,,"7, 5, 4, 3","Experimental Rock, Krautrock","DIIV, Enjoy, Beach Fossils, The Cure, Neu!",★★★,7/25/2021,
digital,,CHAI,WINK,Sub Pop,5/25/2021,Shine On,,"3, 2, 1, 6, 8","Indie Pop, Synthpop","Jay Som, Cibo Matto, The Go! Team, Kero Kero Bonito, Tom Tom Club",★★★★,7/25/2021,
digital,,Johanna Samuels,Excelsior!,Mama Bird,5/25/2021,Shine On,"1, 2 (edit avail.), 9","3, 4, 2*","Singer/Songwriter, Indie Folk","Sharon Van Etten, Angel Olsen, Big Thief, Julia Jacklin",★★★,7/25/2021,
dig + physical,,Marquis,Aurora,LADTK / Caroline,5/25/2021,Shine On,,"1, 10, 7, 9",Post-Punk,"Iceage, IDLES, Primal Scream, Wire, Shame, Ought",★★★★,7/25/2021,
digital,,Ducks Ltd.,Get Bleak [EP],Carpark,5/25/2021,Terrorbird,4 (edit avail),"1, 2, 5, 6","Indie Rock, Jangle Pop","Belle and Sebastian, The Smiths, Hypoluxo, Moontype",★★★★,7/25/2021,
digital,,Jessica Mindrum,"Restart, Begin [EP]",Self-Released,5/25/2021,Terrorbird,,,"Indie Folk, Singer-Songwriter","Tomberlin, Phoebe Bridgers, Adrianne Lenker, Haley Heynderickx",★★★,7/25/2021,
digital,,Lambchop,Showtunes,Merge,5/25/2021,Terrorbird,"6, 8","1, 2, 4, 5","Chamber Pop, Folk","Bill Callahan, Jeff Tweedy, Bonnie “Prince” Billy",★★★,7/25/2021,
digital,,Pixel Grip,ARENA,Feeltrip Records,5/25/2021,Terrorbird,"1 (edit avail.), 2, 6, 7, 8","1*, 4, 9, 10","EBM, Synthpop","Boy Harsher, Crystal Castles, Riki, Public Memory",★★★★★,7/25/2021,
digital,,Unwed Sailor,Truth or Consequences,Spartan,5/25/2021,Terrorbird,,"4, 6, 7",Post-Rock,"Explosions In The Sky, This Will Destroy You, El Ten Eleven",★★★,7/25/2021,
digital,,No Joy,Can My Daughter See Me From Heaven,Joyful Noise,5/25/2021,Tiger Bomb,,"1, 4","Dream Pop, Art Pop","Kate Bush, Japanese Breakfast, Weyes Blood",★★★★,7/25/2021,
digital,,A Certain Ratio,Emperor Machine [single],Mute,5/25/2021,,,,"Post-Punk, New Wave","New Order, LCD Soundsystem, Joy Division, Franz Ferdinand, Wire, Talking Heads",★★★,7/25/2021,
digital,x,Mesh (Philly),Mesh [EP],Born Yesterday,5/25/2021,,,ALL OF THEM,"Art Punk, Post-Punk","Wire, Joy Division, Natural Man, Uranium Club",★★★★★,9/25/2021,
digital,,Balkan Taksim,Disko Telegraf,Buda Musique,6/1/2021,Co-Sign,,"4, 5, 2, 9","Balkan Folk, Psychedelic Folk","Altin Gün, Tricky, Acid Arab, IKOQWE, Dengue Dengue Dengue, TootArd",★★★★,8/1/2021,
dig + cd,,"João Donato, Ali Shaheed Muhammad & Adrian Younge",João Donato JID007,Jazz is Dead,6/1/2021,Co-Sign,,"4, 9, 5",Brazilian Jazz,,★★★★,8/1/2021,
digital,,BLK JKS,Abantu / Before Humans,We Are Busy Bodies,6/1/2021,Pirate!,7,"1, 2, 5",Jazz-Rock,"Femi Kuti, Sons Of Kemet, Made Kuti, Tinariwen, KOKOROKO",★★★,8/1/2021,
digital,,Suzi Moon,Call the Shots [EP],Pirates Press,6/1/2021,Pirate!,2 (edit avail.),"1, 3, 2*",Punk Rock,"Civet, Turbulent Hearts, Stooges, Joan Jett, MC5, Dead Boys, The Interrupters",★★★,8/1/2021,
digital,,Livingmore,Take Me,Nomad Eel,6/1/2021,Planetary,,"1, 3, 2, 6",Indie Rock/Pop,"Lunarette, Eliza & The Delusionals, Sunflower Bean, Wolf Alice, Blondie, Soft Blue Shimmer, Yumi Zouma",★★★,8/1/2021,
digital,,The Bob Baker Sound,The Bob Baker Sound [EP],Rocktone,6/1/2021,Planetary,2,"1, 4","Folk Punk, Cowpunk (kind of idk)","Frank Turner, AJJ, Against Me, The Mountain Goats",★★★,8/1/2021,
digital,,John Dwyer & Various Artists,Moon-Drenched,Castle Face,6/1/2021,Shine On,,"1, 3","Jazz Fusion, Psychedelic Jazz-Rock","John Dwyer, Bent Arcana, Endless Garbage, CAN, Albert Ayler",★★★★,8/1/2021,
digital,,Muwosi,Of Compassion [EP],Leaving,6/1/2021,Shine On,,1,R&B,"Blood Orange, Madison McFerrin, Kindness, Kadhja Bonet, SZA",★★★,8/1/2021,
dig + cd,,Tristen,Aquatic Flowers,Mama Bird,6/1/2021,Shine On,4 (edit avail.),"1, 6, 4*",Indie Pop,"Jenny Lewis, Neko Case, Aldous Harding, Jessica Lea Mayfield,",★★★★,8/1/2021,
digital,,Aquarian Blood,Bending the Gold Hour,Goner,6/1/2021,Terrorbird,,"3, 4, 8, 9",Freak Folk,"Violent Femmes, Michael Beach, Father John Misty, The Pink Stones",★★★★,8/1/2021,
digital,,Bachelor,Doomin' Sun,Polyvinyl,6/1/2021,Terrorbird,8,"1, 3, 6, 10","Indie Rock, Indie Pop","Jay Som, Palehound",★★★★,8/1/2021,
digital,,Jorge Elbrecht,Presentable Corpse 002,O'Genesis,6/1/2021,Terrorbird,,"1, 3, 4, 7","Psychedelic Folk, Psychedelic Pop","XTC, The Beach Boys, King Gizzard and the Lizard Wizard",★★★★,8/1/2021,
digital,,Wombo,Keesh Mountain [EP],Fire Talk,6/1/2021,Terrorbird,,"4, 3, 2, 1",Post-Punk,"Dry Cleaning, Deeper, Palberta",★★★★,8/1/2021,
digital,,Cher Strauberry,Chering Is Caring,Megaforce,6/1/2021,The Syndicate,"2, 6, 16, 24, 25 (edits for 2 & 6 avail)","2*, 5, 6, 7, 9","Lo-Fi Indie Rock, Indie Punk, Indie Pop","Daniel Johnston, Baby FuzZ, Surfbort",★★★,8/1/2021,
digital,,Hailu Mergia & the Walias Band,Tezeta,Awesome Tapes From Africa,6/1/2021,Tiger Bomb,,"3, 4, 5, 7","Ethio-Jazz (Ethopian Jazz), Funk",,★★★,8/1/2021,
dig + cd,,Lou Barlow,Reason to Live,Joyful Noise,6/1/2021,Tiger Bomb,,"1, 2, 4, 7, 8","Indie Folk, Indie Rock","Dinosaur Jr., Sebadoh, Folk Implosion",★★★★,8/1/2021,
digital,,black midi,Cavalcade,Rough Trade,6/8/2021,Beggars Group,,"2, 5, 8, 4","Avant-Prog, Experimental Rock","Squid, Black Country, New Road, Slint",★★★★★,8/8/2021,
digital,,Hildegard,Hildegard,section1,6/8/2021,Co-Sign,8 (edit avail.),"1, 3, 2, 8, 4","Experimental Pop, UK Bass","Tirzah, Helena Deland, Grimes, Erika De Casier, Jessy Lanza, Braids",★★★,8/8/2021,
digital,,Mndsgn,Rare Pleasure,Stones Throw,6/8/2021,Co-Sign,,"4, 6, 3, 13",Psychedelic Soul,"Knxwledge, Teebs, TOKiMONSTA, Flying Lotus, Kaytranada, Thundercat",★★★,8/8/2021,
digital,,Overcoats,Used to Be Scared of the Dark [EP],Loma Vista / Concord,6/8/2021,Co-Sign,2,"3, 4, 1",Indie Pop,"Sylvan Esso, Tegan & Sara, Lucius, Maggie Rogers, HAIM",★★★,8/8/2021,
digital,,Velour Academy,CHISME,Self-Released,6/8/2021,Planetary,,"6, 4, 1, 2","Indie Rock, Indie Pop","Charly Bliss, Juliana Hatfield, illuminati hotties, Remember Sports, Blessed, Diet Cig",★★★,8/8/2021,
digital,x,Japanese Breakfast,Jubilee,Dead Oceans,6/8/2021,Secretly,,"2, 5, 3","Indie Pop, Chamber Pop","Jay Som, Cherry Glazerr, IAN SWEET, Soccer Mommy",★★★★,10/8/2021,
digital,,Marina Allen,Candlepower,Fire Records,6/8/2021,Shine On,,"1, 2, 4","Indie Folk, Alt-Country","Laura Marling, Arlo Parks, Faye Webster, Jessica Pratt, Katy Kirby",★★★,8/8/2021,
dig + cd,,N0V3L,Non-Fiction,Flemish Eye,6/8/2021,Shine On,,"2, 7, 11","Post-Punk, Art Punk","Crack Cloud, Preoccupations, Drahla, Omni",★★★★★,8/8/2021,
digital,,Ormiston,Hammer Down,Lisbon Lux,6/8/2021,Shine On,,"2, 6","Psychedelic Pop, Chillwave","Toro Y Moi, Le Couleur, Neon Indian, Washed Out, Hot Chip",★★★,8/8/2021,
digital,,Dazey and the Scouts,Maggot,Self-Released,6/8/2021,Terrorbird,"2, 6, 7","1, 3, 5","Indie Rock, Indie Punk, Queercore, Riot Grrl","Lala Lala, Jay Som, Sidney Gish, Bikini Kill",★★★★,8/8/2021,
digital,,Jeshua,Unreliable Narrator,Self-Released,6/8/2021,Terrorbird,,"2, 5, 10","Dream Pop, Indie Pop","Rex Orange County, Bedroom, Current Joys, Oscar Lang",★★★,8/8/2021,
digital,,Wallice,Off the Rails [EP],Self-Released,6/8/2021,Terrorbird,"1, 4 (edits avail)","2, 6, 5",Bedroom Pop,"Clairo, Soccer Mommy, The Beths",★★★,8/8/2021,
digital,,Greentea Peng,MAN MADE,EMI,6/8/2021,The Syndicate,"4, 5, 7, 9, 10, 11, 12, 13, 14 (EDITS AVAIL)","2, 3, 6","Neo-Soul, Psychedelic Soul, Trip-Hop","Lava La Rue, Lauryn Hill, Erykah Badu, Arlo Parks",★★★★,8/8/2021,
digital,,Love of Everything,Echo Frenz,Joyful Noise,6/8/2021,Tiger Bomb,,"2, 5, 6","Indie Pop, Lo-Fi Indie rock","Advance Base, Say Hi, Emperor X",★★★★,8/8/2021,
digital,,xffotocrime,OEA,Born Yesterday,6/8/2021,Tiger Bomb,,"2, 3. 5, 7",Indie Folk,"Elliott Smith, Trace Mountains, Spencer Radcliffe",★★★★,8/8/2021,
digital,,Big Chungus,Digital / Tape,Goodbye Boozy,6/8/2021,,"1, 3, 4, 5",2,"Garage Punk, Synth Punk",,★★★,8/8/2021,
digital,,Sweet Trip,"A Tiny House, In Secret Speeches, Polar Equals",Darla,6/8/2021,,,"11, 2, 5",Dream Pop,,★★★★,8/8/2021,
physical,,Bumbo Tinto's Brass Band,Bumbo Tinto's Brass Band,X! Records,6/10/2021,,,"4, 6","Experimental Rock, Garage Punk","Piranhas, Bad Thoughts, Cruelster, Preening",★★★★,8/10/2021,
CD,,CARTHIEFSCHOOL,CARTHIEFSCHOOL,Transduction,6/10/2021,,,"2, 5","Post-Hardcore, Noise Rock, Post-Punk","black midi, Black Eyes, tricot",★★★★,8/10/2021,
physical,,Chris Brokaw,Puritan,12XU,6/10/2021,,,"6, 2, 5","Indie Rock, Noise Rock","Guided by Voices, Sonic Youth",★★★★,8/10/2021,
physical,,COPY,Chosen Atmospheric Pieces,Gold Robot,6/10/2021,,,"1, 2, 6","Electronic, Ambient, Synths r cool",,★★★,8/10/2021,
physical,,"Danbert Nobacon, Kira Wood Cramer & The Axis of Dissent",Mesmerica Expect a Circus,Verbal Burlesque,6/10/2021,,"1, definitely others",,"Folk Punk, Alternative Rock",,★★★★,8/10/2021,
physical,,Dead Luke,The Electric Lukecifer,Nudie Records,6/10/2021,,,"3, 2",Psychedelic Rock,,★★★★,8/10/2021,
physical,,Death Hags,Big Grey Sun #3,Self-Released,6/10/2021,,,"3, 7","Psychedelic Pop, Dream Pop, Ambient","Beach House, Lush",★★★,8/10/2021,
CD,,Fruit Bats,The Pet Parade [physical only],Merge,6/10/2021,,,,,,★★★,8/10/2021,
physical,,Galactapus,I Intend to Stay,Self-Released,6/10/2021,,,"3, 1, 11","Experimental Rock, Garage Punk",,★★★,8/10/2021,
physical,,Girlfriends and Boyfriends,Fallacy of Fairness,Pop Era,6/10/2021,,,"1, 3",New Wave,"New Order, Duran Duran",★★★,8/10/2021,
CD,,Godspeed You! Black Emperor,G_d's PEE at State's End! [physical only],Constellation,6/10/2021,,,,,,★★★★,8/10/2021,
,,Jay Stone,Calibration of an Altered Mind,Gold Robot,6/10/2021,,probably all of them,,Abstract Hip-Hop,"Mac Miller, Earl Sweatshirt, Quelle Chris",★★★,8/10/2021,
vinyl,,King Gizzard & The Lizard Wizard,Fishing For Fishies Live & Demos [physical only],Mad Dragon Music,6/10/2021,,,,,,★★★★,8/10/2021,
physical,x,Leo Suarez,Feliciano,Heavy Relatives,6/10/2021,,,,"Jazz Improvisation, Solo Drumming, Experimental",,★★★,10/10/2021,
physical,,Marlaena Moore,"Pay Attention, Be Amazed",Victory Pool,6/10/2021,,,"1, 3",Indie Folk/Rock/Pop,"Chad VanGaalen, Courtney Barnett, Phoebe Bridgers",★★★,8/10/2021,
physical,,Maximum Ernst,Hallmark of a Crisis Period,ever/never,6/10/2021,,,,"Sound Collage, Noise, Drone",,★★★,8/10/2021,
dig + physical,,Night Slaves,THREE AND A HALF,Swimming Faith,6/10/2021,,,,"Garage Rock, Post-Punk",,★★★★,8/10/2021,
physical,,Other Houses,Twins Who Fence,Aagoo,6/10/2021,,,2,Indie Folk/Rock/Pop,,★★★,8/10/2021,
physical,,Patois Counselors,The Optimal Seat,ever/never,6/10/2021,,,"4, 8, 2",Post-Punk,"Protomartyr, Squid, Courting",★★★★,8/10/2021,
dig + physical,,Permanent Collection,Nothing Good Is Normal,Strangeway,6/10/2021,,,"4, 1, 7","Garage Punk, Post-Punk","The Wipers, MBV, Husker Du, Wire",★★★★,8/10/2021,
physical,,Science Man,Match Game,Swimming Faith,6/10/2021,,,,Noise Rock,,★★★★,8/10/2021,
physical,,The Linus Pauling Quarter,C is For Cthulu / My Desire,Self-Released,6/10/2021,,,,Heavy Psych,,★★★,8/10/2021,
physical,,The Muckers,Endeavor,Greenway,6/10/2021,,,"2, 10","Psychedelic Rock, Garage Rock, Indie Rock","Frankie & the Witch Fingers, King Gizzard",★★★★,8/10/2021,
physical,,TONED,The Private Sector,Shh puma,6/10/2021,,,,"Jazz Improvisation, Experimental",,★★★,8/10/2021,
physical,,Twin Trances,Chains [EP],Dirty Slacks,6/10/2021,,2,"1, 4","Sludge Metal, Noise Rock",,★★★,8/10/2021,
physical,,USA/Mexico,Del Rio,12XU,6/10/2021,,,1,NOISE,,★★★,8/10/2021,
physical,x,Vapour Theories (Philly [Bardo Pond side project]),Celestical Scuzz,Fire Records,6/10/2021,,,,"""Stoner Rock""","Bardo Pond (its a side project), Sleep",★★★,10/10/2021,
physical,,Voice Imitator,Plaza,12XU,6/10/2021,,,"10, 5","Experimental Rock, Noise Rock",,★★★,8/10/2021,
,,Wolf Eyes / Blank Hellscape,Winter Sunday / Concrete Walls [single],12XU,6/10/2021,,,,"Experimental, Noise, Industrial, Drone",,★★★,8/10/2021,
digital,,Alessandro Cortini,SCURO CHIARO,Mute,6/15/2021,Co-Sign,,"3, 2, 6, 4",Progressive Electronic,"Daniel Avery, Pye Corner Audio, Kaitlyn Aurelia Smith, Steve Hauschildt, Nine Inch Nails",★★★,8/15/2021,
digital,,Laura Stevenson,State [single],Don Giovanni,6/15/2021,Co-Sign,,,Indie Rock,"Lucy Dacus, Phoebe Bridgers, Hop Along, Julia Jacklin, Snail Mail",★★★★,8/15/2021,
digital,x,Flanafi and Ape School,The Knees Start to Go,Boiled,6/15/2021,Pirate!,,"3, 1, 4","Electronic, Psychedelic Folk","Nick Drake, Bibio, Six Organs Of Admittance, Boards Of Canada, Four Tet",★★★,10/15/2021,
digital,,Jim Ward,Daggers,Dine Alone,6/15/2021,Planetary,,"4, 5, 8",Indie Rock,"At The Drive-In, Sparta, Cursive, Thursday",★★★,8/15/2021,
digital,,Sarah Kinsley,The King [EP],Everybody's Music,6/15/2021,Planetary,,"1, 2",Indie Rock/Pop,"Jay Som, Boy Scouts, Tomemitsu, Frankie Cosmos",★★★,8/15/2021,
digital,,Tim Ayre,Modern Life [EP],Kittsune,6/15/2021,Planetary,,"2, 1",Psychedelic Pop,"Tame Impala, Mac DeMarco, Pond, Neon Indian, Miike Snow",★★★,8/15/2021,
digital,,CrowJane,Mater Dolorosa,Kitten Robot,6/15/2021,Shine On,7,"2, 4, 10",Art Pop,"Jenny Hval, Zola Jesus, Bat for Lashes, Cold Cave, Chromatics",★★★,8/15/2021,
digital,,Pacer,The Terror Of Other People,Self-Released,6/15/2021,Terrorbird,,"1, 2, 4",Indie Rock/Pop,"Field Medic, Chris Cohen, Hovvdy",★★★,8/15/2021,
digital,,Red Ribbon,Planet X,Danger Records,6/15/2021,Terrorbird,,"1, 6, 10",Indie Rock/Pop,"La Luz, Momma, Dolly Valentine",★★★,8/15/2021,
digital,,VEPS,Open the Door,Kanine,6/15/2021,Terrorbird,2,"1, 4, 6","Indie Pop, Indie Folk","Lala Lala, Forth Wanderers, Adult Mom",★★★★,8/15/2021,
digital,,Moonshine,"SMS For Location, Vol. 4",Forseen,6/22/2021,Co-Sign,,,"Afrobeat, Electro-Funk","Boddhi Satva, Pierre Kwenders, Bamao Yendé, Afro B, Keleketla!",★★★,8/22/2021,
digital,,TEMPOREX,Bowling,NBI,6/22/2021,Co-Sign,,,,"Toro Y Moi, Gus Dapperton, Dayglow",★★★,8/22/2021,
digital,,Various Artists,DC Dark Nights: Death Metal,Loma Vista,6/22/2021,Co-Sign,use edits,,,"HEALTH, Denzel Curry, IDLES, Manchester Orchestra, Chelsea Wolfe",★★★★,8/22/2021,
digital,,Angel Du$t,Bigger House [EP],Roadrunner,6/22/2021,Pirate!,4 (edit avail.),"1, 2, 3, 6","Indie Rock, Power Pop","Fiddlehead, Remo Drive, Title Fight, Criminal Hygiene, Quicksand, Turnstile",★★★,8/22/2021,
digital,,Deafheaven,Great Mass of Color [single],Sargent House,6/22/2021,Pirate!,,,,,★★★★,8/22/2021,
digital,,Deap Vally,American Cockroach [EP],Cooking Vinyl,6/22/2021,Pirate!,,"2, 3, 4",,"The Kills, Sleater-Kinney, Bully, Chastity Belt, The Pack AD, Karen O",★★★,8/22/2021,
digital,,The Rare Occasions,Big Whoop,Self-Released,6/22/2021,Pirate!,,"1, 3, 4, 5, 7","Power Pop, Garage Rock","Tokyo Police Club, Born Ruffians, The Shins, Early Eyes",★★★,8/22/2021,
digital,,Lightning Bug,A Color of the Sky,Fat Possum,6/22/2021,Planetary,,"2, 3, 6, 7",,"Feist, Frankie Rose, Cat Power, Jessica Pratt, Boy Scouts, French for Rabbits",★★★★,8/22/2021,
digital,,Superbloom,Pollen,Self-Released,6/22/2021,Planetary,,"4, 11, 2, 10","Indie Rock, Grunge","Hum, Fiddlehead, Nirvana, Teenage Wrist",★★★,8/22/2021,
digital,,The Lounge Society,Silk for the Starving [EP],Speedy Wunderground,6/22/2021,Planetary,,"3, 1","Post-Punk, Dance Punk","Crack Cloud, Drahla, Corridor, Snapped Ankles",★★★★,8/22/2021,
digital,,Whispering Sons,Several Others,PIAS,6/22/2021,Planetary,,"2, 9, 10","Post-Punk, Coldwave, Gothic Rock","Drab Majesty, Joy Division, Protomartyr, Preoccupations",★★★,8/22/2021,
digital,,Mykki Blanco,Broken Hearts and Beauty Sleep,Transgressive,6/22/2021,Planetary / Terrorbird,"4, 6 (edits avail.)","2, 7, 8",,"Princess Nokia, Cakes Da Killa, Le1f, Quay Dash, Blood Orange, Shamir",★★★,8/22/2021,
digital + CD,,King Gizzard & the Lizard Wizard,Butterfly 3000,KGLW,6/22/2021,Shine On,,,,,★★★★★,8/22/2021,
digital,,Scalping,Flood [EP],Houndstooth,6/22/2021,Shine On,,,,,★★★★,8/22/2021,
digital,,PWNT,Days In the Summer,Acrophase,6/22/2021,Terrorbird,,"5, 9, 14",Psychedelic Pop,"MGMT, Whitney, Jorge Elbrecht",★★★,8/22/2021,
digital,,Squirrel Flower,Planet (I),Polyvinyl,6/22/2021,Terrorbird,"2 (edit avail.), 4, 8","1, 2, 7, 11",,"Tomberlin, Mitski, Cate le Bon, Jay Som",★★★★,8/22/2021,
digital + CD,,The Catenary Wires,Birling Gap,Shelflife/Skep Wax,6/22/2021,Tiger Bomb,,"10, 4, 1",Indie Pop,"Belle and Sebastian, The Go-Betweens, The Essex Green",★★★,8/22/2021,
digital,,Bad Pop,Dark Metal [EP],Killing Moon,6/22/2021,Vitriol,2 (edit avail.),"2*, 1, 4, 5",,"The Pixies, Supergrass, Toyko Police Club",★★★,8/22/2021,
digital,,Liars,Big Appetite [single],Mute,6/22/2021,,,,,"Deerhunter, Preoccupations, Xiu Xiu, A Place To Bury Strangers, Beak>",★★★,8/22/2021,7/4/2021
digital,,Maple Glider,To Enjoy Is The Only Thing,Partisan,7/12/2021,Co-Sign,,"1, 6, 2, 3",Art Pop,"Weyes Blood, Cat Power, Sharon Van Etten, Mazzy Star, Bedouine",★★★★,9/12/2021,
digital,,Pom Pom Squad,Death of a Cheerleader,City Slang,7/12/2021,Co-Sign,"2*, 3*, 4, 5, 10 ( * = edit avail)","2*, 3*, 8, 11, 6","Indie Rock, Power Pop","Kathleen Hanna, Cherry Glazerr, Mannequin Pussy, Courtney Love, Illuminati Hotties",★★★★,9/12/2021,
digital + CD,,SPELLLING,The Turning Wheel,Sacred Bones,7/12/2021,Co-Sign,,"3, 1, 7, 9","Art Pop, Baroque Pop","Moses Sumney, Kate Bush, Kadhja Bonet, Sudan Archives, Natalie Prass, Joanna Newsom",★★★★,9/12/2021,
digital + CD,,the Mountain Goats,Dark In Here,Merge,7/12/2021,Co-Sign,,"4, 3, 2, 8","Folk Rock, Indie Folk","Okkervil River, Built To Spill, Wilco, The Hold Steady, Bright Eyes",★★★★,9/12/2021,
digital,,Lightman Jarvis Ecstatic Band,Banned,Anti-,7/12/2021,Pirate!,,"2, 4, 6, 10, 14","Indie Rock, Art Rock","Freak Heat Waves, Daniel Blumberg, Chad VanGaalen, Alex G, Nick Hakim",★★★,9/12/2021,
digital,,Olivia Kaplan,Tonight Turns To Nothing,Topshelf,7/12/2021,Pirate!,1,"2, 3, 5, 8","Indie Pop, Indie Folk","Cassandra Jenkins, Wilco, Big Thief, Joni Mitchell, Andy Shauf",★★★,9/12/2021,
digital,,Enumclaw,Jimbo Demo [EP],Youth Riot,7/12/2021,Planetary,4,"1, 3",Noise Rock,"Sonic Youth, Strange Ranger, Built To Spill, Editirix, Floatie",★★★★,9/12/2021,
digital,,Kojaque,Town's Dead,Soft Boy/[PIAS],7/12/2021,Planetary,use clean edits,"3, 12, 10, 5, 14","Jazz Rap, Irish Hip-Hop","Injury Reserve, Zelooperz, clipping., Saba",★★★★,9/12/2021,
digital,,L'Rain,Fatigue,Mexican Summer,7/12/2021,Planetary,1,"10, 4, 6",R&B,"Spellling, keiyaA, Jamilla Woods, Sudan Archives",★★★,9/12/2021,
digital + CD,,ISLAND,Yesterday Park,Frenchkiss,7/12/2021,Shine On,,"2, 1, 12, 4","Indie Rock, Indie Pop","Foals, Bombay Bicycle Club, The xx, Alt-J, Radiohead, The Amazons, Palace, Blossoms",★★★,9/12/2021,
digital,,LoneLady,Former Things,Warp,7/12/2021,Terrorbird,,"2, 6, 8",Synthpop,"Kelly Lee Owens, Jessy Lanza, Roisin Murphy",★★★,9/12/2021,
digital,,Spud Cannon,Good Kids Make Bad Apples,Good Eye,7/12/2021,Terrorbird,use clean edits,"1, 2, 5, 9","Power Pop, Pop Punk, Indie Pop","Mannequin Pussy, Lala Lala, Girlpool, Cherry Glazerr",★★★,9/12/2021,
digital,,Helvetia,Essential Aliens,Joyful Noise,7/12/2021,Tiger Bomb,14,"3, 5, 7, 12",Indie Rock,"Spirit Of The Beehive, Horse Jumper Of Love, Peaer",★★★★,9/12/2021,
digital,x,Birds of Maya,Valdez,Drag City,7/12/2021,,,"2, 1, 6","Garage Rock, Heavy Psych","Ty Segall, Osees, Stooges, Editrix, Fake Fruit",★★★★,11/12/2021,
digital,,The Goon Sax,Mirror II,Matador,7/13/2021,Beggars Group,,,"Indie Pop, Jangle Pop","Parsnips, The Stroppies, Beat Happening",★★★★,9/13/2021,
digital,,Hiatus Kaiyote,Mood Valiant,Brainfeeder/Ninja Tune,7/13/2021,Co-Sign,,"5, 9, 3",Neo-Soul,"Jamila Woods, Madison Mcferrin, Kadhja Bonet, The Internet, Jordan Rakei",★★★,9/13/2021,
digital,,John Carroll Kirby,Septet,Stones Throw,7/13/2021,Co-Sign,,,Jazz,"Robert Glasper, Herbie Hancock, Sam Gendel, Carlos Niño, Badge Epoque Ensemble",★★★,9/13/2021,
digital,,Half Waif,Mythopoetics,Anti-,7/13/2021,Pirate!,5,"2, 3, 7, 9",Art Pop,"Caroline Polachek, Austra, Chelsea Wolfe, FKA Twigs, Mitski",★★★,9/13/2021,
digital,,Turnstile,Turnstile Love Connection [EP],Roadrunner,7/13/2021,Pirate!,,"1, 3, 4",Post-Hardcore,"Touché Amoré, Basement, Turnover, Title Fight, Dogleg",★★★★,9/13/2021,
digital,,The Go! Team,Get Up Sequences Part One,Memphis Industries,7/13/2021,Planetary,,"2, 10, 8","Indie Pop, Indietronica","Kero Kero Bonito, Superorganism, CHAI, Los Campesinos!, Clap Your Hands Say Yeah",★★★,9/13/2021,
digital,,Faye Webster,I Know I'm Funny haha,Secretly Canadian,7/13/2021,Secretly,3 (edit avail),"3*, 6, 1","Alt-Country, Singer-Songwriter","Julia Jacklin, Big Thief, Stella Donnelly, Lucy Dacus",★★★★★,9/13/2021,
digital,,clipping.,Wriggle Expanded,Sub Pop,7/13/2021,Shine On,"ALL except *17, 18, 19, 20, 21, 22",CLEAN EDITS,Industrial Hip-Hop,"El-P, Death Grips, Open Mike Eagle, Run The Jewels",★★★★,9/13/2021,
digital + CD,,Drew Beskin,Problematic For the People,Super Canoe,7/13/2021,Shine On,,"4, 6, 8, 3",Indie Rock,"The Strokes, Car Seat Headrest, Tedo Stone, Phoenix, of Montreal",★★★,9/13/2021,
digital,,The Murlocs,Bittersweet Demons,ATO,7/13/2021,Shine On,,"1, 3, 2004",Garage Rock,"King Gizzard And The Lizard Wizard, Thee Oh Sees, Ty Segall,",★★★★,9/13/2021,
digital + CD,,Vacation Forever,Real Life Sux,Kravenworks,7/13/2021,Shine On,,"7, 4, 3, 6",Indie Pop,"The Drums, Pains of Being Pure At Heart, Wild Nothing",★★★,9/13/2021,
digital + CD,,A Place To Bury Strangers,Hologram [EP],Dedstrange,7/13/2021,Terrorbird,,"2, 3, 5","Shoegaze, Post-Punk","Ringo Deathstarr, The Jesus and Mary Chain, True Widow, and My Bloody Valentine",★★★★,9/13/2021,
digital,,Meggie Lennon,Sounds From Your Lips,Mothland,7/13/2021,Terrorbird,,"2, 6, 8",Indie Folk,"Faye Webster, Laura Marling, Joni Mitchel",★★★,9/13/2021,
digital,,Snapped Ankles,Forest of Your Problems,The Leaf Label,7/13/2021,Terrorbird,,"2, 5, 9","Post-Punk, Dance-Punk","King Gizzard and the Lizard Wizard, Spirit of the Beehive, Squid, Flat Worms.",★★★★,9/13/2021,
digital,,Typical Sisters,Love Beam,Joyful Noise,7/13/2021,Tiger Bomb,,"2, 5, 12",Experimental Jazz/Electronic,"Tortoise, Jeff Parker, Isotope 217",★★★★,9/13/2021,
digital,x,Moses Mosima,Cul De Sac,,7/13/2021,,,,R&B,,,11/13/2021,
digital,x,Sharing Contest,Slumber [EP],Nap Time,7/13/2021,,,,"Indie Rock, Slowcore",,,11/13/2021,
digital,,Tkay Maidza,"Last Year Was Weird, Vol. 3 [EP]",4AD,7/19/2021,Beggars,"3, 4, 5, 6","1, 2, 7, 8","Pop Rap, Neo-Soul","Princess Nokia, Genesis Owusu, Kari Faux",★★★★,9/19/2021,
digital,,Cochemea,Vol. II Baca Sewa,Daptone,7/19/2021,Co-Sign,,"3, 1, 8, 2","Spiritual Jazz-Funk, Mexican Jazz","Khruangbin, Antibalas, Menahan Street Band, Budos Band, Sharon Jones",★★★★,9/19/2021,
digital,,DJ 2-Tone Jones,Contraband From India,The Jones Collection,7/19/2021,Co-Sign,Use clean edits!,"3, 7, 10, 6","Jazz Rap, Boom Bap","De La Soul, Showbiz & AG, Madlib, Diamond D, DJ Shadow",★★★,9/19/2021,
digital,,Peyton,PSA,Stones Throw,7/19/2021,Co-Sign,2 - potentially others but clean edits avail.,"2*, 8, 1, 11, 4","Neo-Soul, Alt. R&B","Steve Lacy, Lava La Rue, Liv.e, The Internet, Kali Uchis, Kelela",★★★,9/19/2021,
digital,,Catbells,Wilderness [EP],SQFT,7/19/2021,Pirate!,3 (edit avail.),"1, 2, 3*",Indie Pop,"nna Burch, The Beths, Half Waif",★★★,9/19/2021,
digital,,Nigel Hall,Spiritual,Regime,7/19/2021,Pirate!,"1, 3, 5, 9, 12","2, 4, 10, 8","Spiritual Jazz, Neo-Soul","Thundercat, Lettuce, Alfa Mist, BADBADNOTGOOD, Trombone Shorty",★★★★,9/19/2021,
digital,,Alice Skye,I Feel Better But I Don't Feel Good,Bad Apples / Island Records,7/19/2021,Planetary,"1, 2*, 6* (* = edits avail.)","2*, 7, 8, 9","Indie Pop, Indie Rock","Waxahatchee, Hatchie, Eliza & The Delusionals, Ali Barter, Alex Lahey",★★★★,9/19/2021,
digital,,D.A. Stern,People Named Ben [EP],If This Then,7/19/2021,Planetary,,"4, 1","Indie Pop, Jangle Pop","Chris Cohen, Adult Jazz, Cate Le Bon, Swarming Branch",★★★,9/19/2021,
digital,,Wavves,Hideaway,Fat Possum,7/19/2021,Planetary,"1*, 2, 3*, 4*, 6 (* = edits avail.)","3, 4, 9","Indie Rock, Jangle Pop","Cloud Nothings, King Tuff, Ty Segall, Japandroids",★★★★,9/19/2021,
digital + CD,,Bobby Gillespie and Jehnny Beth,Uptopian Ashes,Third Man,7/19/2021,Shine On,,"1, 3, 5, 8","Chamber Pop, Art Rock","Primal Scream, Savages, Angel Olsen, Anna Calvi, Afghan Whigs",★★★,9/19/2021,
digital,x,Kurt Vile & The Violators,Run Run Run [single],Verve,7/19/2021,Shine On,,,Garage Rock,"The Velvet Underground, The War On Drugs, Kevin Morby, Ty Segall, Destroyer, Woods, Real Estate, Amen Dunes",★★★★,11/19/2021,
digital,,Mudhoney,Every Good Boy Deserves Fudge: 30th Anniversary Deluxe Edition,Sub Pop,7/19/2021,Shine On,13,"16, 3, 2, 6, 8","Grunge, Garage Rock","Dinosaur Jr., early Nirvana, The Velvet Underground, The Stooges,",★★★★,9/19/2021,
CD + digital,,Send Medicine,By Telepathy & Reputation,Very Possible,7/19/2021,Shine On,,"1, 2, 4, 6, 7","Psychedelic Rock, Psychedelic Pop","King Gizzard, Lemon Twigs, Woods, Jack White, Foxygen, Babe Rainbow",★★★,9/19/2021,
digital,,Fly Golden Eagle,Almond Milk [EP],Telefono,7/19/2021,Terrorbird,,"1, 2","Neo-Psychedelia, Psychedelic Pop Rock","Andy Shauf, Bahamas, Unknown Mortal Orchestra",★★★,9/19/2021,
digital + CD,,Jodi,Blue Heron,Sooper,7/19/2021,Terrorbird,,"1, 5, 10","Singer-Songwriter, Indie Folk, Alt-Country","Andrew Bird, Faye Webster, Mount Eerie",★★★,9/19/2021,
digital,,Yves Tumor,The Asymptotical World [EP],Warp,7/19/2021,Terrorbird,,"1, 4, 6","Neo-Psychedelia, Noise Pop","eartheater, Blood Orange, serpentwithfeet",★★★★★,9/19/2021,
CD + digital,,Rodrigo Amarante,Drama,Polyvinyl,7/19/2021,The Syndicate,,"2, 6, 10, 8, 3",Brazilian Pop/Indie Rock,,★★★,9/19/2021,
digital + CD,,Acid Dad,Take It From the Dead,Greenway Records / Reverberation Appreciation Society,7/19/2021,Tiger Bomb,"1, 2","2, 3, 4, 6","Garage Rock, Neo-Psychedelia","Thee Oh Sees, Beach Fossils, Twerps",★★★★,9/19/2021,
digital,,Old Moon,Altars,A La Carte,7/19/2021,,,"4, 1, 2","Post-Punk, Dream Pop","Radar Eyes, Dead Moon, Death Bells, Doused",★★★★,9/19/2021,
vinyl,x,Astute Palate,Astute Palate,Petty Bunco,7/20/2021,,"4, 6",,Garage Rock,,★★★★,11/20/2021,
digital + CD,x,chino,Best of Firsts,Sister Raygun,7/20/2021,,TBD,,"Punk Rock, Indie Rock",,★★★★,11/20/2021,
CD,,Dave McMurray,Grateful Deadication,Blue Note,7/20/2021,,,,Jazz,,★★★★,9/20/2021,
CD,,Dog Sisters,Unleashed,T Rexords,7/20/2021,,8,"1, 11, 9, 11","Lo-Fi Indie Rock, Punk Rock, Comedy Rock","The Dead Milkmen, The Moldy Peaches, Daniel Johnston",★★★,9/20/2021,
digital + CD,,Half Japanese,Crazy Hearts,Fire,7/20/2021,,,,Noise Rock,,★★★,9/20/2021,
vinyl,,Headroom,"Rubber Match [7""]",Petty Bunco,7/20/2021,,,,"Experimental, Noise",,★★★,9/20/2021,
vinyl,x,Hypnotizing Chickens,"Hypnotizing Chickens [7""]",Petty Bunco,7/20/2021,,TBD,,"Garage Punk, Experimental Rock, Noise Rock",,★★★★,11/20/2021,
vinyl,x (kind of),John Sharkey III,Shoot Out the Cameras,12XU,7/20/2021,,,,Folk Rock,,★★★,11/20/2021,
CD,,Julian Lage,Squint,Blue Note,7/20/2021,,,,Jazz,,★★★,9/20/2021,
digital + CD,x,Kohoutek,Jurad,Cardinal Fuzz,7/20/2021,,,,Experimental Rock,,★★★,11/20/2021,
cd,,Martin Gore,The Third Chimpanzee [EP],Mute,7/20/2021,,,,Ambient Techno,,★★★,9/20/2021,
digital + CD,x,Mike Polizze,Long Lost Solace Find,Paradise of Bachelors,7/20/2021,,,,"Folk Rock, Singer/Songwriter",,★★★,11/20/2021,
vinyl,,No Friends Band,To All My Friends,Baggage Claim,7/20/2021,,,,Experimental Rock,,★★★,9/20/2021,
vinyl,x,Strapping Fieldhands,Across the Susquehanna,Petty Bunco,7/20/2021,,,,Psychedelic Rock,,★★★★,11/20/2021,
digital + CD,,The Chills,Scatterbrain,Fire,7/20/2021,,TBD,,Indie Pop,,★★★,9/20/2021,
digital + CD,,Various Artists,Blue Note Re:imagined,Blue Note,7/20/2021,,TBD,,"Jazz-Funk, Nu Jazz",,★★★★,9/20/2021,
vinyl,,Viktor Timofeev,Palace of Peace and Reconciliation,Lo Bit Landscapes,7/20/2021,,,,Amibent Space Music (idk lol),,★★★,9/20/2021,
digital,,DARKSIDE,Spiral,Matador,7/27/2021,Beggars,,,"Art Rock, Neo-Psychedelia","Nicolas Jaar, Floating Points, Kelly Lee Owens",★★★,9/27/2021,
digital,,My Idea,That's My Idea [EP],Hardly Art,7/27/2021,Co-Sign,"4*, 3","4*, 1, 2, 5",Indie Pop/Rock,"Frankie Cosmos, Palberta, Colleen Green, Girlpool, Ian Sweet",★★★★,9/27/2021,
digital + CD,,Ora the Molecule,Human Safari,Mute,7/27/2021,Co-Sign,,"3, 4, 7, 8","Indie Pop, Art Pop","The Knife, Austra, Bat For Lashes, Yeasayer, Björk, Róisín Murphy",★★★★,9/27/2021,
digital,,Descendents,9th & Walnut,Epitaph,7/27/2021,Pirate!,"4, 15","1, 3, 6, 12, 13",Punk Rock,"All, Bad Religion, Off!, Face to Face",★★★,9/27/2021,
digital,,Piroshka,Love Drips & Gathers,Bella Union / [PIAS],7/27/2021,Planetary,,"3, 5, 1",Indie Pop/Rock,"Lush, Elastica, Modern English, Japanese Breakfast, Beach House, Slowdive, Moose",★★★,9/27/2021,
digital,,Stephen Fretwell,Busy Guy,Speedy Wunderground / [PIAS],7/27/2021,Planetary,"6, 9, 10","3, 4, 5",Singer/Songwriter,"Radiohead, Jeff Buckley, Nick Drake, Mark Langegan",★★★,9/27/2021,
digital,,Deantoni Parks,A Self [EP],Leaving,7/27/2021,Shine On,,"4, 2","Glitch Hop, Downtempo","Four Tet, Flying Lotus, Burial, Kelly Lee Owens",★★★,9/27/2021,
digital,,Anika,Change,Sacred Bones,7/27/2021,Terrorbird,,"1, 3, 4, 7","Avant-Pop, Post-Punk, Dub","Nico, Molly Nilsson, Broadcast, Marie Davidson",★★★★,9/27/2021,
digital,,Dusted,III,Self-Released,7/27/2021,Terrorbird,,"1, 5, 7",Lo-Fi Indie Folk,"Holy Fuck, Sufjan Stevens, Andy Shauf",★★★,9/27/2021,
digital,,LIPS,I Don't Know Why I Do Anything,Self-Released,7/27/2021,Terrorbird,"3, 7","1, 4, 5",Art Punk,"Kero Kero Bonito, Ian Sweet, Palberta, Miss Grit",★★★★,9/27/2021,
digital + CD,,Molly Burch,Romantic Images,Captured Tracks,7/27/2021,Terrorbird,,"1, 3, 6, 7","Indie Pop, Nu-Disco","Faye Webster, Blondie, Japanese Breakfast",★★★★,9/27/2021,
digital,,Ashley Shadow,Don't Slow Me Down [Single],Felte,7/27/2021,Tiger Bomb,,,Folk,"Big Thief, Angel Olsen, Jessica Pratt",★★★,9/27/2021,
digital + CD,,Mega Bog,"Life, and Another",Paradise of Bachelors,7/27/2021,Tiger Bomb,,"2, 3, 4, 7",Art Pop,"Cate Le Bon, Aldous Harding, Laurie Anderson, Destroyer",★★★,9/27/2021,
digital,,Melted Bodies,Enjoy Yourself With Friends,Sweatband,7/27/2021,,"6, possibly others TBD",,Avant-Garde Electro-Punk/Metal?????,"Mr. Bungle, Machine Girl, Xiu Xiu, Graf Orlock",★★★★,9/27/2021,
digital,,Stuck,City of Police [single],Exploding In Sound,7/27/2021,,,,Post-Punk,"Deeper, USA Nails, Mesh, Ganser, Pardoner",★★★★,9/27/2021,
digital,,Upper Wilds,Venus,Thrill Jockey,7/27/2021,,,"2, 7, 6, 3",Noise Rock,"Frankie & The Witch Fingers, FACS, Writhing Squares",★★★★,9/27/2021,
digital,,Dry Cleaning,Bug Eggs / Tony Speaks [single],4AD,8/3/2021,Beggars,,,Post-Punk,"Do Nothing, Goat Girl, Squid, Yard Act, Crack Cloud",★★★★,10/3/2021,
digital + CD,,"Brian Jackson, Ali Shaheed Muhammad & Adrian Younge",Brian Jackson JID008,Jazz Is Dead,8/3/2021,Co-Sign,,"8, 4, 2, 5",Jazz-Funk,"Gil Scott-Heron, Gary Bartz, Ahmad Jamal, Herbie Hancock",★★★★,10/3/2021,
digital,,LUMP,Animal,Partisan / Chrysalis,8/3/2021,Co-Sign,,"3, 8, 2, 4","Art Pop, Indie Pop","Laura Marling, Aldous Harding, Nilüfer Yanya, Broadcast, The Weather Station",★★★★,10/3/2021,
digital,,Marcey Yates & XOBOI,Culxr House: Freedom Summer,Saddle Creek,8/3/2021,Co-Sign,use clean edits,"5, 1, 8",Hip-Hop/Neo-Soul,"Slum Village, Illa J, Oddisee, Blu, Phonte",★★★,10/3/2021,
digital + CD,,TORRES,Thirstier,Merge,8/3/2021,Co-Sign,,"1, 2, 4, 6, 7","Alt. Rock, New Wave","Lucy Dacus, PJ Harvey, Hop Along, Kate Bush, Snail Mail, Julien Baker",★★★★,10/3/2021,
digital,,Lakes,Start Again,Know Hope,8/3/2021,Pirate!,"2, 7, 11","3, 5, 8, 9, 12","Indie Pop, Midwest Emo","American Football, Gulfer, Minus The Bear, Owen, Into It Over It, Foxing",★★★,10/3/2021,
digital,,Black Plastic,Club Grotesque,Cleopatra,8/3/2021,Planetary,6,"12, 11, 1, 3, 8","Darkwave, EBM","Cold Cave, Choir Boy, Drab Majesty, John Frusciante, ODESZA, BRONSON, Omar Rodrigues-Lopez",★★★,10/3/2021,
digital,,Death Valley Girls,Street Venom [Deluxe - originally from 2014],Suicide Squeeze,8/3/2021,Shine On,,"2, 3, 1","Garage Rock, Riot Grrrl","Bully, Sheer Mag, Coathangers, Ty Segall",★★★★,10/3/2021,
digital,,METZ,Live at the Opera House,Sub Pop,8/3/2021,Shine On,,"2, 5, 10, 9",Noise Rock,"Cloud Nothings, Protomartyr, Preoccupations, Women",★★★★,10/3/2021,
digital + CD,,Samia,Scout [EP],Grand Jury,8/3/2021,Shine On,,"1, 2","Bedroom Pop, Singer/Songwriter","Clairo, Lucy Dacus, Soccer Mommy, beabadoobee, Frankie Cosmos",★★★★,10/3/2021,
digital,,King Woman,Celestial Blues,Relapse,8/3/2021,Terrorbird,"6, 8","2, 3, 7",Atmospheric Sludge/Doom Metal,"Emma Ruth Rundle, Chelsea Wolfe, NOTHING, True Widow",★★★,10/3/2021,
digital,,Mamalarky,Meadow / Moss [single],Fire Talk,8/3/2021,terrorbird,,,"Psychedelic Pop, Indie Rock","Slow Pulp, Melody's Echo Chamber, Crumb",★★★★,10/3/2021,
digital + CD,,Poise,Vestiges,Self-Released,8/3/2021,Terrorbird,3,"2, 5, 10","Indie Rock, Indie Pop","The Beths, Cloud Nothings, Caroline Rose",★★★,10/3/2021,
digital,,Skirts,Great Big Wild Oak,Double Double Whammy,8/3/2021,Terrorbird,,"2, 6, 10","Indie Folk, Bedroom Pop","Spencer Radcliffe, Alex G., Snail Mail",★★★★,10/3/2021,
digital,,Jelani Aryeh,I'VE GOT SOME LIVING TO DO,Imperial,8/3/2021,The Syndicate,"9, 10, 12 - edits avail.","3, 4, 7, 10*","Alt. R&B, Indie Pop","Steve Lacy, Kevin Abstract, Gus Dapperton",★★★,10/3/2021,
digital,,26 Bats!,Portal Party,Kremblems,8/3/2021,Tiger Bomb,"4*, 5, 8, 10","4*, 9, 14, 16, 7, 6","Trip-Hop, Alt. Soul","L'rain, Hiatus Kiayote, Crumb",★★★,10/3/2021,
digital,,koleżanka,place is,Bar/None,8/3/2021,Tiger Bomb,6,"1, 4, 5, 7","Indie Pop, Synthpop","Broadcast, Helena Deland, Hannah Cohen",★★★,10/3/2021,
digital,,Ada Lea,damn [single],Saddle Creek,8/3/2021,,,,"Indie Rock, Singer/Songwriter","Hand Habits, Squirrel Flower, IAN SWEET",★★★★,10/3/2021,
digital,,CIVIC TV,black moon [single],Flemish Eye,8/3/2021,,,,"Art Rock, Dark Ambient","King Krule, Crumb, Sandy G, Beck",★★★,10/3/2021,
digital,,mui zyu,a wonderful thing vomits [EP],Father/Daughter,8/3/2021,,,2,Dream Pop,"Broadcast, Beach House, Oneohtrix Point Never",★★★,10/3/2021,
digital + CD,,Desire Marea,Desire,Mute,8/9/2021,Co-Sign,"3*, 9*","2, 4, 3*","Deconstructed Club, Art Pop","ANOHNI, Shygirl, Arca, Lafawndah, Eartheater",★★★,10/9/2021,
digital,,Lakou Mizik & Joseph Ray,Leave the Bones,Anjunadeep,8/9/2021,Co-Sign,,"6, 4, 8, 2","Rara Music, Electronic","Ibibio Sound Machine, Keleketla!, KOKOKO!, Songhoy Blues, Gang Gang Dance",★★★,10/9/2021,
digital,,"Sycco (pronounced ""psycho"")",Sycco's First EP,Future Classic,8/9/2021,Co-Sign,7*,"2, 3, 4, 6",Psychedelic Bedroom Pop,"King Princess, Overcoats, Maggie Rogers, Benee, Remi Wolf, Alice Ivy",★★★,10/9/2021,
digital,,The Poets of Rhythm,Discern / Define [20th anniversary reissue],Daptone,8/9/2021,Co-Sign,,"1, 3, 4, 9, 5",Deep Funk,"Menahan Street Band, Budos Band, El Michels Affair, The Souljazz Orchestra, The Bamboos",★★★★,10/9/2021,
digital,,Supernowhere,Gestalt,Topshelf,8/9/2021,Pirate!,,"2, 1, 3, 6, 7",Indie Rock,"Radiohead, Stereolab, Palm, Duster",★★★★,10/9/2021,
digital,,Sam Mehran,Cold Brew,Weird World,8/9/2021,Shine On,,"4, 8, 1, 2","Indie Rock, Neo-Psych","Test Icicles, Outer Limits Recordings, Tame Impala",★★★,10/9/2021,
digital + CD,,Theory of Why,Pomegranate,Self-Released,8/9/2021,Shine On,,"2, 1, 6, 7","Indie Rock, Post-Punk","Hop Along, Death Valley Girls, Tune-Yards, TWEN",★★★,10/9/2021,
digital + CD,,Tombstones In Their Eyes,Looking For a Light,Kitten Robot / Somewherecold,8/9/2021,Shine On,,"2, 3, 1, 5","Shoegaze, Space Rock","Black Angels, METZ, Nothing, Primal Scream, My Bloody Valentine",★★★★,10/9/2021,
digital + CD,,LIARS,The Apple Drop,Mute,8/9/2021,Shine On / Pirate,7*,"4, 3, 5","Art Rock, Post-Punk","Deerhunter, Preoccupations, A Place To Bury Strangers, Beak>, Clinic",★★★★,10/9/2021,
digital,,GLOR1A,Metal [EP],Invisible,8/9/2021,Terrorbird,"4, 5, 6","1, 5*, 6*","Exp. Pop, Electropop","Gaika, Eartheater, Yves Tumor, Arca",★★★,10/9/2021,
digital + CD,,Shiny Joe Ryan,Shiny's Democracy,Spinning Top,8/9/2021,Terrorbird,5,"3, 7, 9",Psychedelic Rock/Pop,"Pond, Father John Misty, Tame Impala.",★★★,10/9/2021,
digital,,Foxing,Draw Down the Moon,Grand Paradise/Hopeless,8/9/2021,The Syndicate,,"10, 5, 3, 4, 9",Indie Rock/Pop,"American Football, Gulfer, Minus The Bear, Owen, Into It Over It",★★★,10/9/2021,
digital,x,Kississippi,Mood Ring,Triple Crown,8/9/2021,The Syndicate,,"1, 4, 2",Indie Pop/Rock,"Diet Cig, IAN SWEET, illuminati hotties",★★★★,12/9/2021,
digital,,burr oak,Late Bloomer,Self-Released,8/9/2021,Tiger Bomb,,"3, 2, 5, 4","Indie Folk, Indie Pop","Julia Jacklin, Katy Kirby, Hand Habits",★★★★,10/9/2021,
digital,,Salsa Chest,Activity,Joyful Noise,8/9/2021,Tiger Bomb,,"2, 3, 6, 9, 11","Exp. Pop, Indietronica","Dan Deacon, Jerry Paper, Thick Paint",★★★,10/9/2021,
digital,,Treeboy & Arc,Life Preserver [EP],Speedy Wunderground,8/9/2021,,,"1, 4",Post-Punk,"Preoccupations, Corridor, Women, Marbled Eye",★★★★,10/9/2021,
digital + CD,,Iran,Aemilia,Aagoo,8/12/2021,,,"1, 7","Exp. Rock, Krautrock, Psychedelic Rock","King Gizzard, Mdou Moctar, Osees",★★★,10/12/2021,
digital + CD,,JOBS,Endless Birthdays,Ramp Local,8/12/2021,,,"2, 6, 9","Exp. Rock, Art Rock","Deerhoof, This Heat, Dirty Projectors",★★★,10/12/2021,
digital + CD,,The Umbrellas,The Umbrellas,Slumberland,8/12/2021,,,"2, 6, 7",Indie Pop/Rock,"UV-TV, The Catenary Wires, Ducks Ltd.",★★★,10/12/2021,
digital + CD,,Thiago Nassif,Mente,Gearbox,8/12/2021,,,"1, 4, 10","Alt. Rock, Troicalica, Exp. Rock","EPICAC Troical Banda, Negro Leo, Carabobina",★★★,10/12/2021,
digital + CD,,Various Artists,A Tribute To Really Red: Teaching You the Fear...Again,CIA Records,8/12/2021,,TBD,"16, 7, 11","Punk Rock, Hardcore Punk, Garage Rock","Mudhoney, The Cops, The Dicks",★★★★,10/12/2021,
digital + CD,,Yellow Bulb,Data Reject,Stick Figure Recordings,8/12/2021,,,"1, 6",Industrial,"The Body, Uniform, HEALTH",★★★,10/12/2021,
digital,,A Great Big Pile of Leaves,Pono,Topshelf,8/17/2021,Pirate!,,"3, 2, 7, 5, 1","Indie Rock, Midwest Emo","Into It Over It, Hippo Campus, Foxing, Minus The Bear, Foals, Tigers Jaw",★★★★,10/17/2021,
digital,,Lingua Ignota,SINNER GET READY,Sargent House,8/17/2021,Pirate!,2,"4, 7, 3","Avant-Folk, Neoclassical Darkwave","Chelsea Wolfe, Swans, Diamanda Galas, Nick Cave, Emma Ruth Rundle",★★★★,10/17/2021,
digital,,Quicksand,Distant Populations,Epitaph,8/17/2021,Pirate!,4,"1, 6, 5, 7",Post-Hardcore,"Metz, Refused, Jawbox, Fake Names, Rival Schools, Failure",★★★,10/17/2021,
digital,,"Alan Vega, Ben Vaughn, Palmyra Delran & Barb Dwyer",After Dark,In The Red,8/17/2021,Planetary,,"1, 6, 3","Blues Rock, Rock and Roll, Proto-Punk","Suicide, Nick Cave, Pere Ubu, Rowland S. Howard, Swell Maps",★★★★,10/17/2021,
digital,,Jackie Hayes,There's Always Going to Be Something,Self-Released,8/17/2021,Planetary,3 (edit avail.),"1, 2",Bedroom Pop/Rock,"Jordana, Blu Detiger, Rebounder, Santigold",★★★,10/17/2021,
digital,,Cartel Madras,The Serpent And The Tiger [EP],Sub Pop,8/17/2021,Shine On,use clean edits!!!,clean edits!!,"Exp. Hip-Hop, Trap, HArdcore Hip-Hop","Princess Nokia, Shad, M.I.A., Kindness",★★★,10/17/2021,
digital,,Gost,Rites of Love and Reverence,Century Media,8/17/2021,Shine On,,"9, 6, 4",Industrial Rock,"HEALTH, A Place To Bury Strangers, Xiu Xiu, Blanck Mass",★★★,10/17/2021,
digital,,Sam Gendel & Sam Wilkes,Music For Saxofone And Bass Guitar More Songs,Leaving,8/17/2021,Shine On,,"3, 1, 4",Ambient Jazz,"Pharaoh Sanders, Kamasi Washington, Stevie Wonder",★★★,10/17/2021,
digital + CD,,Ginger Root,City Slicker [EP],Acrophase,8/17/2021,Terrorbird,,"2, 4, 6","City Pop, Indie Pop","Unknown Mortal Orchestra, boy pablo, Toro Y Moi",★★★,10/17/2021,
digital,,Joe Taylor Sutkowski,Of Wisdom & Folly,Danger Collective,8/17/2021,Terrorbird,,"10, 6, 1","Slowcore, Indie Rock","Dirt Buyer, Waveform, Horse Jumper of Love",★★★★,10/17/2021,
digital,,Media Jeweler,The Sublime Scripture of Being Alive,Fire Talk,8/17/2021,Terrorbird,,"3, 5, 7",Post-Punk,"Snapped Ankles, Crack Cloud, Hypoluxo, Wombo",★★★★,10/17/2021,
digital,,Ament,I Should Be Outside,Moneywrench,8/17/2021,The Syndicate,4,"2, 3, 7","Alt. Rock, Post-Punk",,★★★,10/17/2021,
digital + CD,,alexalone,ALEXALONEWORLD,Polyvinyl,8/17/2021,Tiger Bomb,,"1, 6, 7, 8",Shoegaze,"Boris, Sonic Youth, Low, Slint, Yo La Tengo",★★★★,10/17/2021,
digital,,SUUNS,Clarity [single],Joyful Noise,8/17/2021,Tiger Bomb,,,Art Rock,,★★★★,10/17/2021,
digital,,Wednesday,Twin Plagues,Orindal,8/17/2021,Tiger Bomb,2 (edit avail.),"5, 9, 7, 2*","Indie Rock, Shoegaze","Swirlies, Great Grandpa, Dilly Dally, Hop Along",★★★★,10/17/2021,
digital,,The Other Each Other,Glass Case,Paper Dice,8/17/2021,Vitriol,,"2, 5, 7, 8",Psychedelic Rock,"King Gizzard and the Lizard Wizard, Moon Duo, Phantogram",★★★,10/17/2021,
digital,,Stuck,Content That Makes You Feel Good [EP],Exploding In Sound,8/17/2021,,,,Post-Punk,"Deeper, USA Nails, Mesh, Ganser, Pardoner",★★★★,10/17/2021,
digital,,The Tin Can Collective,Axiomatic Alarm Clock,Tin Can Records,8/17/2021,,10,"8, 14",Indie Rock,"Jeff Rosenstock, AJJ, Say Anything, Pixies",★★★,10/17/2021,
digital,,Vanishing Twin,Phase One Million [single],Fire,8/17/2021,,,,Neo-Psychedelia,"Beak>, Broadcast, Jane Weaver",★★★,10/17/2021,
digital,,Eyedress,Mulholland Drive,Lex,8/23/2021,Co-Sign,"2, 5, 6, 7, 9, 11, 12, 13 (edits avaiL)","3, 11, 8, 9",Hypnagogic Pop,"Mac DeMarco, King Krule, The Garden, Mild High Club, Craft Spells, Current Joys",★★★★,10/23/2021,
digital,,Shannon & the Clams,Year of the Spider,Easy Eye Sound / Concord,8/23/2021,Co-Sign,,"5, 3, 2, 7, 13","Garage Rock, Psychedelic Pop","Brittany Howard, King Khan, Death Valley Girls, Nick Waterhouse, Tijuana Panthers, Woods",★★★★★,10/23/2021,
digital,,La Bonte,Don't Let This Define Me,Self-Released,8/23/2021,Force Field,,"7, 2, 4","Indie Rock, Slowcore",,★★★★,10/23/2021,
digital,,Lorkin O'Reilly,Marriage Material,Team Love,8/23/2021,Force Field,,"2, 3","Indie Folk, Singer/Songwriter","Sufjan Stevens, Mount Eerie, Nick Drake",★★★★,10/23/2021,
digital,,Darrin Bradbury,Artvertisement,ANTI-,8/23/2021,Pirate!,"11, 12","1, 2, 4, 7, 8","Indie Folk, Singer/Songwriter","Violet Femmes, AJJ, Cheekface, The Front Bottoms, John Prine, Jeremy Ivey",★★★,10/23/2021,
digital,,Pile,"Songs Known Together, Alone",Exploding In Sound,8/23/2021,Pirate!,10,"4, 7, 8, 11","Indie Rock, Indie Folk","Titus Andronicus, Japandroids, Cymbals Eat Guitars, Fidlar, Speedy Ortiz, Metz",★★★,10/23/2021,
digital,,Swerve,Ruin Your Day,Self-Released,8/23/2021,Pirate!,6,"1, 4, 5, 9","Indie Rock, Punk Rock","Teenage Fanclub, Nada Surf, Deer Tick, Built To Spill",★★★,10/23/2021,
digital,,The Bronx,Bronx VI,Cooking Vinyl,8/23/2021,Pirate!,"5, 9","2, 3, 4, 7","Punk Rock, Melodic Hardcore","Turnstile, Refused, Queens of the Stone Age, The Menzingers",★★★,10/23/2021,
digital,,NRVS,I Like You [EP],Attawalpa,8/23/2021,Planetary,3 (edit avail.),"4, 1","Art Rock, Post-Punk","Wolf Alice, Attawalpa, The Paddingtons, Shuga",★★★,10/23/2021,
digital,,Angel Olsen,Aisles (EP),Jagjaguwar,8/23/2021,Secretly,,,Synthpop,"Sharon Van Etten, Julia Jacklin, Lucy Dacus",★★★★,10/23/2021,
digital,,Brogan Bentley,Diapason Rex,Leaving,8/23/2021,Shine On,5 (edit avail.),"1, 3, 4, 8","Breakbeat, Atmospheric DnB","Washed Out, Oneohtrix Point Never, Arca, early Aphex Twin",★★★,10/23/2021,
digital + CD,,Johnny & the Man Kids,"Home, Wherever That May Be",Admirable Traits,8/23/2021,Shine On,,"2, 6, 7","Indie Pop, Jangle Pop","Vampire Weekend, Current Joys, The Drums, Dayglow",★★★,10/23/2021,
digital,,Women of the Night,Sub Rosa,Declared Goods,8/23/2021,Shine On,12,"3, 6, 8","Indie Rock, Folk Rock, Post-Punk","TV Priest, Kevin Morby, Oh Sees, Brian Jonestown",★★★★,10/23/2021,
digital,,Bnny,Everything,Fire Talk,8/23/2021,Terrorbird,4,"2, 5, 11","Indie Pop, Indie Rock","Dehd, Mitski, Lala Lala, Mia Joy",★★★★,10/23/2021,
digital + CD,,girlpuppy,Swan,Royal Mountain,8/23/2021,Terrorbird,4,"2, 3, 5",Indie Pop/Rock,"Bachelor, Soccer Mommy, Phoebe Bridgers, Snail Mai",★★★,10/23/2021,
digital,,Mae Powell,Both Ways Brighter,Park the Van,8/23/2021,Terrorbird,"2, 6, 9, 10, 12 (edits avail.)","7, 11, 13",Indie Pop/Folk,"Faye Webster, Frankie Cosmos, Soccer Mommy",★★★,10/23/2021,
digital,,Morly,Til I Start Speaking,Cascine,8/23/2021,Terrorbird,,"2, 6, 8",Indie Pop,"Aurora, Lapsley, Lucy Dacus",★★★,10/23/2021,
digital,,Zelma Stone,The Best [EP],Self-Released,8/23/2021,Terrorbird,,"1, 3, 5",Indie Pop/Rock,"Frances Quinlan, Faye Webster, Stella Donnelly",★★★★,10/23/2021,
digital,,FLEECE,Stunning & Atrocious,Self-Released,8/23/2021,The Syndicate,,"2, 3, 5",Indie/Psychedelic Pop,"Post Animal, Babe Rainbow, Mild High Club",★★★,10/23/2021,
digital,,HEALTH,DISCO4+,Loma Vista / Concord,8/23/2021,The Syndicate,8,,Post-Industrial,"Liars, Xiu Xiu, Public Memory, Lightning Bolt",★★★★,10/23/2021,
digital,,Justus Proffit,SpeedStar,Bar/None,8/23/2021,Tiger Bomb,,"4, 6, 7, 10","Indie Rock, Indie Folk","Sparklehose, Strange Ranger, Cass McCombs, The Microphones",★★★★,10/23/2021,
digital,,Tropical Fuck Storm,Deep States,Joyful Noise,8/23/2021,Tiger Bomb,"2, 5","8, 3, 7, 9","Art Punk, Exp. Rock","Daughters, Guerilla Toss, Tom Waits",★★★★★,10/23/2021,
digital,,Chubby & the Gang,The Mutt's Nuts,Partisan,8/30/2021,Co-Sign,"1, 2","15, 14, 3, 6",Garage Punk,"Shame, IDLES, The Bronx, Protomartyr, Jeff Rosenstock, Angel Du$t, Iceage",★★★★,10/30/2021,
digital + CD,,Indigo De Souza,Any Shape You Take,Saddle Creek,8/30/2021,Co-Sign,10*,"3, 8, 10*, 2, 7","Indie Rock, Dream Pop","Cheekface, Girlpool, Horse Jumper of Love",★★★★,10/30/2021,
digital,,Joon Moon,Chrysalis,LDDC / Musique Sauvage,8/30/2021,Co-Sign,TBD,"4, 6, 8","Pop Soul, Neo-Soul","Jon Batiste, Prince, Sharon Jones, Pointer Sisters, Danger Mouse",★★★,10/30/2021,
digital,,Kiefer,When There's Love Around,Stones Throw,8/30/2021,Co-Sign,,"2, 3, 6, 11","Jazz Fusion, Instrumental Hip-Hop","Butcher Brown, Kamaal Williams, Sam Gendel, Potatohead People, Knxwledge, Resavoir",★★★,10/30/2021,
digital,,Deafheaven,Infinite Granite,Sargent House,8/30/2021,Pirate!,,"1, 2, 3, 7",Shoegaze,"Nothing, Slowdive, AFI, Alcest",★★★★★,10/30/2021,
digital,,Madi Diaz,History of a Feeling,Anti,8/30/2021,Pirate!,"1, 5, 7*, 10","7*, 2, 4, 6",Indie Pop/Rock,"Angel Olsen, Liz Phair, Jenny Lewis, Tegan and Sara, St. Vincent",★★★★,10/30/2021,
digital,,Teenage Bottlerocket,Sick Sesh!,Fat Wreck Chords,8/30/2021,Pirate!,"1, 4, 5, 9","2, 3, 12","Pop Punk, Punk Rock","Ramones, Screeching Weasel, Descendents, The Queers, The Lillingtons",★★★,10/30/2021,
digital + CD,,Atlantic Canyons,See the Hue,Self-Released,8/30/2021,Shine On,,"2, 1, 5, 6",Indie Pop,"Weyes Blood, Blonde Redhead, Chromatics, Japanese Breakfast",★★★,10/30/2021,
digital,,Sonny & The Sunsets,New Day With New Possibilities,Rocks In Your Head,8/30/2021,Shine On,,"3, 9, 2, 1","Alt-Country, Indie Pop","Woods, Kevin Morby, Big Thief, Fleet Foxes, Grizzly Bear",★★★★,10/30/2021,
digital + CD,,Breeze,Only Up,Hand Drawn Dracula,8/30/2021,Terrorbird,,"2, 4, 5","Dream Pop, New Wave, Post-Punk","Happy Mondays, Primal Scream, Gang of Four",★★★,10/30/2021,
digital + CD,,Children Collide,Time Itself,Spinning Top,8/30/2021,Terrorbird,,"3, 7, 10","Garage Rock, Indie Rock","King Gizzard and the Lizard Wizard, Spirit of the Beehive, Nirvana",★★★★,10/30/2021,
digital,,Feng Suave,So Much For Gardening [EP],Self-Released,8/30/2021,Terrorbird,,"4, 1, 2",Psychedelic Soul/Pop,"Bill Withers, Homeshake, Jeshua, Ginger Root",★★★,10/30/2021,
digital,,Nala Sinephro,Space 1.8,Warp,8/30/2021,Terrorbird,,"3, 5, 6","Jazz Fusion, Ambient","Floating Points, Alice Coltrane, Flying Lotus",★★★,10/30/2021,
digital,x,Little Hag,Breakfast EP,Bar/None,8/30/2021,The Syndicate,ALL (edits 1 & 2),"1*, 2*",Indie Rock/Pop,"Julia Jacklin, Oceanator, Pom Pom Squad",★★★,12/30/2021,
digital,x,Little Hag,Leash,Bar/None,8/30/2021,The Syndicate,"3, 7, 8, 10","2, 3*, 7*, 11",Indie Rock/Pop,"Julia Jacklin, Oceanator, Pom Pom Squad",★★★,12/30/2021,
digital,,SUUNS,The Witness,Joyful Noise,8/30/2021,Tiger Bomb,2,"3, 4, 5, 6","Art Rock, Indietronica","Exploded View, The KVB, Clinic, Thom Yorke",★★★★,10/30/2021,
digital,,Dorothy,I Confess / Softness,Sealed,8/30/2021,,,,Synthpop,"Stereolab, Chromatics, Automatic",★★★★,10/30/2021,
digital,,Julien Baker,Little Oblivions (Remixes) [EP],Matador,9/7/2021,Beggars,,,Indietronica,,★★★★,11/7/2021,
digital,,Steve Gunn,Other You,Matador,9/7/2021,Beggars,,,"Folk Rock, Psychedelic Rock",,★★★★,11/7/2021,
digital,,DJ Seinfeld,Mirrors,Ninja Tune,9/7/2021,Co-Sign,,"3, 6, 7, 2",Progressive House,"Ross From Friends, Project Pablo, Jayda G, Palms Trax",★★★★,11/7/2021,
digital,,Griffith James,Griffith James,Self-Released,9/7/2021,Co-Sign,use clean edits,,"Indie Pop, Psychedelic Pop","Tennis, Benny Sings, Jens Lekman, Harry Nilsson, The Magnetic Fields",★★★,11/7/2021,
digital,,ill peach,EXCUSE US WHILE WE FIND OUR MINDS [EP],Pop Can,9/7/2021,Co-Sign,,"1, 4, 2","Indie Pop, Electropop","Beabadoobee, Soccer Mommy, Sylvan Esso, Let's Eat Grandma, Claud",★★★,11/7/2021,
digital,,Little Simz,Sometimes I Might Be Introvert,Age 101,9/7/2021,Co-Sign,use clean edits!,"2, 1, 4, 12, 15","UK Hip-Hop, Jazz Rap, Neo-Soul","Sampa The Great, Slowthai, Rapsody, Haviah Mighty, Noname",★★★★★,11/7/2021,
digital,,Common Sage,It Lives and It Breathes,No Sleep,9/7/2021,Pirate!,,"2, 3, 9","Post-Hardcore, Emo","Balance and Composure, Title Fight, Foxing, Stay Inside",★★★,11/7/2021,
digital,,Sincere Engineer,Bless My Psyche,Hopeless,9/7/2021,Pirate!,"3, 9 (edits avail.)","7, 1, 8, 5, 10","Emo, Indie Rock","Tigers Jaw, Ratboys, Bully, Remember Sports, Illuminati Hotties",★★★,11/7/2021,
digital + CD,,Turnstile,GLOW ON,Roadrunner,9/7/2021,Pirate!,,"1, 2, 5, 8, 9, 13",Post-Hardcore,"Citizen, Touche Amore, Basement, Turnover, Ceremony, Blood Orange",★★★★★,11/7/2021,
digital,,Slow Leaves,Holiday [EP],Birthday Cake,9/7/2021,Planetary,,"3, 5",Indie Folk,"Jim James, Bonnie “Prince” Billy, Big Thief, Kurt Vile, Iron & Wine",★★★,11/7/2021,
vinyl,,Fake Fruit,Fake Fruit,Rocks In Your Head,9/7/2021,Shine On,,"1, 3, 8, 10",Post-Punk,"Death Valley Girls, Amyl & The Sniffers, Chastity Belt, Bully, Protomartyr",★★★★,11/7/2021,
vinyl,,Scalping,Flood [EP],Houndstooth,9/7/2021,Shine On,,,,,★★★★,11/7/2021,
digital + CD,,We Were Promised Jetpacks,Enjoy the View,Big Scary Monsters,9/7/2021,Shine On,,"2, 6, 7, 8",Indie Rock,"The National, The Snuts, Frightened Rabbit, The Arab Strap, Mogwai",★★★,11/7/2021,
digital + CD,,Bad Waitress,No Taste,Royal Mountain,9/7/2021,Terrorbird,"2, 4, 7","1, 6, 8","Post-Punk, Art Punk","Bratmobile, THICK, The Muslims",★★★★,11/7/2021,
digital,,Deeper,Auto-Pain: Deluxe,Fire Talk,9/7/2021,Terrorbird,"5, 9, 11","1, 3, 10",Post-Punk,"Preoccupations, Omni, Protomartyr, Wire",★★★★,11/7/2021,
digital + CD,,Julia Bardo,"Bauhaus, L'Appartamento",Wichita Recordings,9/7/2021,Terrorbird,,"6, 8, 3, 7","Indie Pop, Singer/Songwriter","Katy J Pearson, Whyte Horses, Sinead O Brien",★★★★,11/7/2021,
digital + CD,,Adulkt Life,Book of Curses,What's Your Rupture?,9/7/2021,The Syndicate,"2, 4, 6 (edits avail digitally)","8, 1, 6*, 4*, 2*",Post-Punk,"Birds of Maya, LICE, TV Priest, Ganser",★★★★,11/7/2021,
digital,,FLOSSING,Queen of the Mall [EP],Brace Yourself,9/7/2021,The Syndicate,,"2, 3, 4","Post-Punk, Electropunk","The Wants, BODEGA, deep tan, Famous",★★★★,11/7/2021,
digital,,Half Gringa,Sevenwater [single],Self-Released,9/7/2021,Tiger Bomb,use clean edit!,clean edit,Indie Folk,"Jesca Hoop, Neko Case, Shannen Moser, early Waxahatchee",★★★,11/7/2021,
digital,,John Vanderslice,Ethical Jute Mouse: Lost Songs From Tiny Telephone 2001-2021,Tiny Telephone,9/7/2021,Tiger Bomb,"4, 14","3, 10, 13, 16, 17","Indie Rock/Pop/Folk, Singer/Songwriter","The Mountain Goats, Magnetic Fields, Chad VanGaalen",★★★★,11/7/2021,
vinyl,,Buck Gooter,Head In A Bird Cage,Ramp Local,9/7/2021,,,,,,,11/7/2021,
digital,,CIVIC TV,local talent [single],Flemish Eye,9/7/2021,,,,"Alt. Rock, Dark Ambient",,★★★,11/7/2021,
digital + CD,,Cured Pink,Current Climate,ever/never,9/7/2021,,,"1, 2","Exp. Rock, Art Punk, Post-Punk","EXEK, Squid, Eddy Current Supression Ring",★★★★★,11/7/2021,
digital + CD,x,Dinosaur Eyelids,Sticker Famous,,9/7/2021,,TBD,,Alt. Rock,,★★★,1/7/2022,
digital + CD,,Double Celled Organism,Double Celled Organism,Team Love,9/7/2021,,,,"Avant-Garde Folk, Jazz-Folk",,★★★,11/7/2021,
digital + CD,,Double Celled Organism,Time and Other Things That Don't Exist,Team Love,9/7/2021,,,,"Avant-Garde Folk, Symphonic Folk",,★★★,11/7/2021,
digital + CD,,Fly Pan Am,Frontera,Constellation,9/7/2021,,,,"Post-Rock, Exp. Rock",,★★★★,11/7/2021,
digital + CD,,Folk Devils,Forever [EP],Optic Nerve,9/7/2021,,TBD,,Post-Punk,"Protomartyr, The Fall",★★★,11/7/2021,
vinyl,x,Golden Apples,Shadowland,Lame-O,9/7/2021,,,,,,,1/7/2022,
digital + CD,,Loudness War,Dream Popped,Self-Released,9/7/2021,,,"2, 3, 4","Power Pop, Garage Rock","Weezer, Ty Segall, CFM, Wand",★★★,11/7/2021,
digital + CD,,Sandro Galileo,Ribelle Di Mare,Eraserhood Sound,9/7/2021,,,"2, 3, 5, 1","Instrumental Soul, Funk",,★★★★★,11/7/2021,
digital + CD,,T. Griffin,The Proposal (Original Soundtrack),Constellation,9/7/2021,,,,"Film Score, Ambient",,★★★,11/7/2021,
digital,,Thirdface,Villians [single],Exploding In Sound,9/7/2021,,,,"Hardcore Punk, Powerviolence","Soul Glo, exhalants",★★★★,11/7/2021,
digital + CD,,TV Moms,Buzz Mallory,Self-Released,9/7/2021,,7,"2, 3, 7, 9","Garage Rock, Grunge","Mudhoney, Nirvana",★★★★,11/7/2021,
vinyl,,Vicious Fence,Primitives / Humanoid Front,Total Life Society,9/7/2021,,,,,,,11/7/2021,
digital,,King Krule,"You Heat Me Up, You Cool Me Down",True Panther Sounds / Matador,9/14/2021,Beggars,6,,"Art Rock, Neo-Psychedelia","Mac Demarco, The Microphones, Dean Blunt",★★★★★,11/14/2021,
digital,,Maston with L'èclair,Souvenir,Innovative Leisure,9/14/2021,Co-Sign,,"5, 7, 3, 8",Psychedelic Pop,"Allah-Las, Vinyl Williams, Mildlife, Night Beats, Woods",★★★,11/14/2021,
digital,,Park Hye Jin,Before I Die,Ninja Tune,9/14/2021,Co-Sign,"7, 8, 9, 10 (edits avail.)","1, 2, 6, 15","Hip House, Cloud Rap","aeji, Channel Tres, Octo Octa, Against All Logic, Baltra, M.I.A.",★★★★,11/14/2021,
digital,,Face to Face,No Way Out But Through,Fat Wreck Chords,9/14/2021,Pirate!,,"2, 1, 5, 4",Punk Rock,"Lagwagon, Alkaline Trio, Bouncing Souls, Bad Religion",★★★,11/14/2021,
digital,,Slothrust,Parallel Timeline,Dangerbird,9/14/2021,Pirate!,6 (edit avail.),"1, 2, 3, 4, 6*",Indie Rock/Pop,"Bully, Cherry Glazerr, Wolf Alice, St. Vincent, Charly Bliss",★★★★,11/14/2021,
digital,,Confusions,Grounds,Earth Libraries,9/14/2021,Planetary,7,"1, 2, 6",Psychedelic Pop/Rock,"Dr. Dog, The Flaming Lips, Sparks, Mercury Rev, The Shins, Animal Collective, Joanna Newsom, Brian Eno, Brian Wilson",★★★,11/14/2021,
digital,,Gotts Street Park,Diego [EP],Blue Flowers / PIAS,9/14/2021,Planetary,,"1, 3",Instrumental Hip-Hop,"BADBADNOTGOOD, Khruangbin, The Internet, WHY?, Earl Sweatshirt, The Roots, MIKE",★★★★,11/14/2021,
digital,,Rosie Lowe,Now You Know,Blue Flowers / PIAS,9/14/2021,Planetary,5,"3, 7, 2",Neo-Soul,"Arlo Parks, Charlotte Day Wilson, Lianne La Havas, Sudan Archives, Solange, Erykah Badu, Kadhja Bonet",★★★,11/14/2021,
digital,,Strange Parade,The Watchers,Large Idea,9/14/2021,Planetary,,"2, 4, 5","Alt. Rock, Indie Folk","Kurt Vile, Meat Puppets, My Morning Jacket, Strand of Oaks",★★★,11/14/2021,
digital,,Low,HEY WHAT,Sub Pop,9/14/2021,Shine On,,"6, 4, 9, 1, 3, 2","Post-Industrial, Ambient Pop","Bon Iver, Mercury Rev, Slint, Songs: Ohia, Bill Callahan",★★★★★,11/14/2021,
digital + CD,,Amyl & the Sniffers,Comfort to Me,ATO,9/14/2021,Terrorbird,"1, 4 (edit avail.)","1, 4",Garage Punk,"Surfbort, Black Lips, Osees",★★★★★,11/14/2021,
digital,,Colleen Green,Cool,Hardly Art,9/14/2021,Terrorbird,6,"1, 2, 4, 7","Indie Pop, Singer/Songwriter","Tacocat, Rilo Kiley, Peach Kelli Pop",★★★,11/14/2021,
digital + CD,,Homeshake,Under the Weather,Sinderlyn,9/14/2021,Terrorbird,,"2, 5, 10","Hypnagogic Pop, Bedroom Pop","Ginger Root, Unknown Mortal Orchestra, Mild High Club",★★★★,11/14/2021,
digital,,Shelter Boy,Failure Familiar,Cascine,9/14/2021,Terrorbird,"4, 5","2, 9, 11","Bedroom Pop, Surf Pop","Mac DeMarco, Boy Pablo, No Vacation",★★★,11/14/2021,
digital + CD,,Sister.,something / nothing,Self-Released,9/14/2021,Terrorbird,,"1, 2, 4",Indie Folk,"Adrianne Lenker, Lomelda, Alex G",★★★,11/14/2021,
digital,,Nordista Freeze,Big Sky Pipe Dream,Self-Released,9/14/2021,The Syndicate,,"1, 2, 8, 3, 5",Indie Pop/Rock,,★★★,11/14/2021,
digital,,Berry,Vault of Light,Joyful Noise,9/14/2021,Tiger Bomb,"1, 9","2, 3, 5, 6","Indie Pop, Psychedelic Pop","Yellow Ostrich, Villagers, Royal Canoe",★★★★,11/14/2021,
digital + CD,,Matthew E. White,K Bay,Domino,9/14/2021,Tiger Bomb,,"1, 2, 3, 7, 9",Art Pop/Rock,"Natalie Prass, Lambchop, Julia Holter, Allan Toussaint",★★★★,11/14/2021,
digital,,Slime Ring,SLM_RNG_EP (EP),Marching Banana,9/14/2021,Tiger Bomb,,"1, 2, 5, 6",Experimental Pop,"Palm, Yasunori Mitsuda, Peaer, Slint",★★★★,11/14/2021,
digital + CD,,José González,Local Valley,Mute,9/21/2021,Co-Sign,"10, 13","5, 2, 1, 4","Singer/Songwriter, Indie Folk","Iron & Wine, Nick Drake, Fleet Foxes, Damien Jurado, Westerman",★★★★,11/21/2021,
digital,,Machinedrum,Psyconia [EP],Ninja Tune,9/21/2021,Co-Sign,2 (edit avail.),"1, 3, 5","Drum N Bass, Breakbeat, House","Hudson Mohawke, Rustie, Lapalux, TOKiMONSTA",★★★★,11/21/2021,
digital,,Mild High Club,Going Going Gone,Stones Throw,9/21/2021,Co-Sign,"3, 10, 11 (edits avail.)","11, 2, 6, 8","Jazz-Pop, Psychedelic Pop","Connan Mockasin, Homeshake, Los Retros, Allah-Las, Jerry Paper",★★★★,11/21/2021,
digital,,Fotocrime,Heart of Crime,Profound Lore,9/21/2021,Pirate!,,"4, 3, 7, 1, 2","Post-Punk, Darkwave","Duran Duran, Liars, Death Bells, New Order, A Place To Bury Strangers",★★★,11/21/2021,
digital,x,Moor Mother,Black Encyclopedia of the Air,Anti-,9/21/2021,Pirate!,"5*, 6, 7, 8, 9*, 12","4, edits of 5 & 9",Abstract/Experimental Hip-Hop,"Pink Siifu, Kate Tempest, clipping., Shabazz Palaces, Alfa Mist",★★★★,1/21/2022,
digital,,"You, Me, and Everyone We Know",Something Heavy,Know Hope,9/21/2021,Pirate!,"1, 3, 6, 8, 10","9, 7, 2, 5","Power Pop, Indie Rock","Cheekface, Mannequin Pu*sy, Say Anything, The Front Bottoms, Motion City Soundtrack, Jeff Rosenstock",★★★,11/21/2021,
digital,,Captain Rico & The Ghost Band,The Forgotten Memory Of The Beaches,Spider Music,9/21/2021,Planetary,,"5, 3, 6",Surf Rock,"Dick Dale, Los Straitjackets, Shadowy Men On A Shadowy Planet, Davie Allan, The Ventures, The Surfaris, The Shadows",★★★,11/21/2021,
digital,,Keaton Henson,Fragments [EP],PIAS,9/21/2021,Planetary,,"2, 3, 7","Indie Folk, Singer/Songwriter","Sufjan Stevens, Phoebe Bridgers, Noah Gundersen, S. Carey",★★★,11/21/2021,
digital,,Mini Trees,Always In Motion,Run For Cover,9/21/2021,Terrorbird,5,"1, 4, 6, 7","Indie Pop, Dream Pop","Long Beard, Sun June, Squirrel Flower",★★★★,11/21/2021,
digital,,The Beths,"Auckland, New Zealand, 2020",Carpark,9/21/2021,Terrorbird,,"1, 5, 8","Indie Rock, Power Pop","Best Coast, Soccer Mommy, Hop Along",★★★★,11/21/2021,
digital,,Tipa Tipo,El Chari [EP],Self-Released,9/21/2021,Terrorbird,,"1, 2",Latin Indie Pop,"Ginger Root, Feng Suave, Michelle Blades",★★★,11/21/2021,
digital,,Boy Willows,BANGS [EP],Nettwerk,9/21/2021,The Syndicate,"4, 5, 6 (edits avail.)","2, 3","Ambient Pop, Bedroom Pop",,★★★,11/21/2021,
digital,,Cuneiform,Reverse,Self-Released,9/21/2021,The Syndicate,,"3, 5, 6",Industrial Rock,,★★★,11/21/2021,
digital,,Ashley Shadow,Only the End,Felte,9/21/2021,Tiger Bomb,,"2, 3, 4, 9","Indie Folk, Singer/Songwriter","Big Thief, Angel Olsen, Jessica Pratt",★★★,11/21/2021,
digital,,Native Soul,Teenage Dreams,Awesome Tapes From Africa,9/21/2021,Tiger Bomb,,"3, 4, 8","Deep House, Experimental Electronic","Teno Afrika, Kabza de Small, Vigro Deep, Mr. JazziQ",★★★,11/21/2021,
digital,,Scott Lavene,Milk City Sweethearts,Nothing Fancy,9/21/2021,,TBD,"2, 1, 4, 8","Post-Punk, Art Punk","Yard Act, The Cool Greenhouse, Silverbacks",★★★★,11/21/2021,
digital,,Parquet Courts,Sympathy For Life [advance tracks],Rough Trade,9/28/2021,Beggars,,,"Indie Rock, Dance-Punk",,★★★★★,11/28/2021,
digital,,Injury Reserve,By the Time I Get to Phoenix,Self-Released,9/28/2021,Co-sign,use clean edits!,"2, 10, 3","Experimental Hip-Hop, Glitch Hop","JPEGMAFIA, Danny Brown, BROCKHAMPTON, Black Midi, Death Grips",★★★★★,11/28/2021,
digital,,Metronomy,Posse EP Vol 1,Because Music,9/28/2021,Co-Sign,1,"3, 2, 4","Indietronica, Indie Pop","Hot Chip, Caribou, Tame Impala, Phoenix, Mac Demarco",★★★,11/28/2021,
digital,,Algara,Absortos En El Tedio Eterno,La Vida Es Un Mus,9/28/2021,La Vida Es Un Mus,,"1, 4, 5, 6, 7, 11",Garage Punk,,★★★★,11/28/2021,
digital,,KOMA,Internment Failure,La Vida Es Un Mus,9/28/2021,La Vida Es Un Mus,,"1, 2, 7",Hardcore Punk,,★★★★,11/28/2021,
digital,,Stingray,Feeding Time [EP],La Vida Es Un Mus,9/28/2021,La Vida Es Un Mus,,,Hardcore Punk,,,11/28/2021,
digital,,Black Cat Revue,The Ballad of Django & Fuzz [EP],Mint 400,9/28/2021,Pirate!,,"2, 3, 4","Garage Rock, Psychedelic Rock","Black Lips, Fuzz, Tijuana Panthers, Allah-Las",★★★,11/28/2021,
digital,,Cheekface,Emphatically Mo' (b-sides) [EP],New Professor,9/28/2021,Pirate!,,"3, 1, 2, 4",Indie Rock,"Pavement, Bad Moves, Jeff Rosenstock, Parquet Courts, The Front Bottoms",★★★★★,11/28/2021,
digital,,Frames,Every Room,Know Hope,9/28/2021,Pirate!,"3, 5 (edits avail.)","4, 2, 9, 6, 3*",Emo-pop,"Beabadoobee, Tigers Jaw, Julien Baker, Hop Along, Sydney Sprague, Diet Cig",★★★,11/28/2021,
digital,,Laura Jane Grace,At War With The Silverfish [EP],Polyvinyl,9/28/2021,Pirate!,"3*, 5*, 6","2, 7, edits of 3, 5","Folk Punk, Punk Rock","Against Me!, The Mountain Goats, PJ Harvey, Lydia Loveless, Bully, Julien Baker",★★★,11/28/2021,
digital,,Aunty Social,It Looks Friendly [EP],Nettwerk,9/28/2021,Planetary,"1, 3 (edits avail.)","1, 2","Indie Pop, Art Pop","Nilüfer Yanya, Chairlift, Lorde, Mallrat, G Flip",★★★,11/28/2021,
digital,,Film School,We Weren't Here,Sonic Ritual,9/28/2021,Planetary,,"1, 2, 3, 6","Shoegaze, Post-Punk","Nation Of Language, A Place To Bury Strangers, Autolux, Slowdive",★★★★,11/28/2021,
digital,,Man or Astro-Man?,"""Space 1991"" / ""10th Planet"" (b/w)",Earth Libraries,9/28/2021,Planetary,,,"Space/Surf Rock, Indie Rock","Los Straitjackets, Dick Dale & His Del Tones, Davie Allan & The Arrows, Shadowy Men On A Shadowy Planet",★★★★,11/28/2021,
digital + CD,,Broken Baby,Late Stage Optimism,Poor Man Records,9/28/2021,Shine On,"2*, 3, 5, 8","7, 1, 11, 6, 8, 2*","Indie Pop, Post-Punk","Diet Cig, Bully, Tacocat, Sheer Mag, Amyl & The Sniffers, Yeah Yeah Yeahs",★★★,11/28/2021,
digital + CD,,Grady Strange,Getting Stranger,Perpetual Doom,9/28/2021,Shine On,1,"11, 3, 7","Indie Folk, Garage Rock, Lo-Fi Indie Rock","Twin Peaks, King Gizzard & the Lizard Wizard, JEFF The Brotherhood",★★★★,11/28/2021,
digital,,Radiant Baby,Pantomime,Lisbon Lux,9/28/2021,Shine On,6,"1, 2, 5, 3","New Wave, Psychedelic Pop","MGMT, Hot Chip, LCD Soundsystem, Kate Bush",★★★,11/28/2021,
digital,,Stranded,Midnight Sun,Double Phantom,9/28/2021,Shine On,,"2, 4, 6, 1",Post-Punk,"Protomartyr, The Fall, Gun Club, Liars, Iceage, TV Priest, Shame, R.E.M",★★★★,11/28/2021,
digital + CD,,a,one hand on the steering wheel the other sewing a garden,Saddle Creek,9/28/2021,Terrorbird,,"1, 2, 4",Indie Folk,"Pheobe Bridgers, Helena Deland, Adrianne Lenker",★★★★,11/28/2021,
digital,,The Shivas,Feels So Good // Feels So Bad,Tender Loving Empire,9/28/2021,Terrorbird,,"1, 2, 4, 7",Psychdelic Rock,"The Nude Party, Oh Sees, Dehd",★★★★,11/28/2021,
digital,,Conditioner,Conditioner,Self-Released,9/28/2021,The Syndicate,,,"Indie Pop, Jazz Pop",,★★★,11/28/2021,
digital,,The Greeting Committee,Dandelion,Harvest,9/28/2021,The Syndicate,5 (edit avail.),"1, 2, 5*, 8",Indie Pop/Rock,"Hippo Campus, HUNNY, Peach Pit",★★★,11/28/2021,
digital + CD,,Sufjan Stevens & Angelo De Augustine,A Beginner's Mind,Asthmatic Kitty,9/28/2021,Tiger Bomb,,"1, 3, 5, 7, 12, 13",Indie Folk,"Nick Drake, José González, Elliott Smith",★★★★,11/28/2021,
digital + CD,,The Ophelias,Crocus,Joyful Noise,9/28/2021,Tiger Bomb,6,"2, 3, 4",Indie Pop,"Rilo Kiley, Tomberlin, Jesca Hoop, Sidney Gish",★★★★,11/28/2021,
digital,x,Joyer,Perfect Gray,Julia's War,9/28/2021,,,"7, 3","Indie Rock, Slowcore","A Country Western, TAGABOW, Duster",★★★★,1/28/2022,
digital,,Maxshh,Bonus Flowers,Exploding In Sound,9/28/2021,,,"1, 2","Math Rock, Indie Folk, Exp. Rock","Palm, The Microphones, Hella",★★★★,11/28/2021,
digital,,Wasp Factory,rippyman [EP],Breadhouse Records,9/28/2021,,"3, 4","1, 2",Noise Punk,"Sonic Youth, Birds of Maya",★★★★,11/28/2021,
digital,,Andy Shauf,Wilds,ANTI-,10/5/2021,Pirate!,,"1, 2, 3, 9","Indie Pop, Singer/Songwriter","Father John Misty, Wilco, Andrew Bird, Cass McCombs, Foxwarren",★★★,12/5/2021,
digital,,El Valerie,Last Night Was Confidential,Mint 400,10/5/2021,Pirate!,,"4, 1, 2","Indie Pop, Singer/Songwriter","Lido Pimienta, Ani DiFranco, Catbells",★★★,12/5/2021,
digital,,Hovvdy,True Love,Grand Jury,10/5/2021,Planetary,,"2, 11, 5, 9",Indie Pop,"Spencer Radcliffe, Alex G, Horse Jumper of Love, Field Medic",★★★,12/5/2021,
digital,,Public Service Broadcasting,Bright Magic,PIAS,10/5/2021,Planetary,,"4, 5, 9","Art Rock, Indietronica","Daft Punk, Kraftwerk, New Order, Kero Kero Bonito, Primal Scream, DAF, Blood Orange, Gary Numan",★★★,12/5/2021,
digital,,Slow Down Molasses,Minor Deaths,Noyes Records / Divine Schism,10/5/2021,Planetary,1,"3, 4, 6","Noise Pop, Indie Rock, Post-Punk"," Lithics, No Age, My Bloody Valentine, Crack Cloud, The Clash",★★★★,12/5/2021,
digital,,Yard Act,The Overload [single],Zen F.C.,10/5/2021,Planetary,use clean edit!,,"Art Punk, Post-Punk","Fontaines D.C., Fat White Family, Courting, Working Men's Club",★★★★★,12/5/2021,
digital + CD,,Alex Orange Drink,Everything Is Broken Maybe That's OK,Freeman Street / Shea Stadium,10/5/2021,Shine On,,"4, 3, 8","Indie Rock, Folk Punk","White Reaper, Titus Andronicus, AJJ, King Tuff",★★★,12/5/2021,
digital,,Death Valley Girls,It's All Really Kind Of Amazing [single],Suicide Squeeze,10/5/2021,Shine On,,,Garage Rock,"Bully, Sheer Mag, Shannon & The Clams, Coathangers, Ty Segall",★★★★,12/5/2021,
digital,,Shannon Lay,Geist,Sub Pop,10/5/2021,Shine On,,"1, 2, 5, 3, 9",Indie Folk,"Woods, Sharon Van Etten, Big Thief / Adrianne Lenker, Julia Jacklin",★★★★,12/5/2021,
digital,,Various Artists,I’LL BE YOUR MIRROR: A TRIBUTE TO THE VELVET UNDERGROUND & NICO,Verve,10/5/2021,Shine On,,"5, 2, 9, 3",Rock & Pop (various),"ft. Kurt Vile, Courtney Barnett, Fontaines D.C., Iggy Pop, Matt Berninger of The National, Sharon Van Etten",★★★★★,12/5/2021,
digital + CD,,Ducks Ltd.,Modern Fiction,Carpark,10/5/2021,Terrorbird,"1, 4 (edits avail.)","3, 1*, 4*",Jangle Pop,"Belle and Sebastian, The Smiths, Hypoluxo, Moontype",★★★★,12/5/2021,
digital + CD,,Gustaf,Audio Drag for Ego Slobs,Royal Mountain,10/5/2021,Terrorbird,,"1, 2, 3, 6","Art Punk, Post-Punk","Public Practice, Palberta, Ought",★★★★★,12/5/2021,
digital + CD,,Pond,9,Spinning Top,10/5/2021,Terrorbird,,"2, 3, 4, 5",Psychedelic Pop,"Tame Impala, King Gizzard and the Lizard Wizard, The Garden",★★★★,12/5/2021,
digital + CD,,Tirzah,Colourgrade,Domino,10/5/2021,Terrorbird,,"2, 3, 8, 9","Minimal Wave, Art Pop","Half Waif, Okay Kaya, Kelela, Smerz, Erika De Casier",★★★★,12/5/2021,
digital,,Future Crib,Full Time Smile,Self-Released,10/5/2021,Tiger Bomb,,"2, 5, 9, 10","Jangle Pop, Indie Rock","A. Savage, Stephen Malkmus, Bonny Doon",★★★,12/5/2021,
digital,,illuminati hotties,Let Me Do One More,Snack Shack Tracks / Hopeless Records,10/5/2021,Tiger Bomb,4,"1, 2, 3, 5, 10","Indie Rock, Indie Pop","Bully, Speedy Ortiz, Ian Sweet, Pom Pom Squad",★★★★,12/5/2021,
digital + CD,,BUMMER,Dead Horse,Thrill Jockey,10/5/2021,,,"1, 2, 3","Post-Hardcore, Noise Rock","exhalants, Tunic, Meat Wave, USA Nails",★★★★,12/5/2021,
digital,,Philip Frobos,Vague Enough To Satisfy,Upset The Rhythm,10/5/2021,,,"2, 4","Post-Punk, Indie Rock, Exp. Rock","Omni, Squid, Eyedress, Wire",★★★★,12/5/2021,
digital + CD,,The Body & BIG|BRAVE,Leaving None but Small Birds,Thrill Jockey,10/5/2021,,,,Experimental Folk,,★★★★,12/5/2021,
digital,,Taraka,Welcome to Paradise Lost,,10/11/2021,Force Field,,"5, 7, 9","Noise Pop, Post-Punk",Prince Rama,★★★★,12/11/2021,
digital,x,Grant Pavol,Reflections [EP],Accidental Popstar,10/11/2021,,,"6, 4",Psychedelic Folk,"Animal Collective, Nick Drake, Arthur Russell",★★★★,2/11/2022,
digital,,Atmosphere,WORD?,Rhymesayers,10/12/2021,Co-Sign,use clean edits,"4, 6, 3, 14",Hip-Hop,"Run The Jewels, Childish Gambino, Open Mike Eagle, Billy Woods",★★★,12/12/2021,
digital,,Boy Scouts,Wayfinder,Anti-,10/12/2021,Pirate!,,"4, 3, 9, 1",Indie Folk,"Bachelor, Angel Olsen, Sharon Van Etten, Girlpool, Jay Som, Andy Shauf, Florist",★★★★,12/12/2021,
digital,,Destroy Boys,"Open Mouth, Open Heart",Hopeless,10/12/2021,Pirate!,"1, 2, 10, 12 (edits avail.)","1*, 2*, 10*, 8, 3, 11","Punk Rock, Riot Grrrl","Mannequin Pussy, Pom Pom Squad, Against Me!, The Regrettes, THICK, illuminati hotties",★★★★,12/12/2021,
digital,,The World is a Beautiful Place & I am No Longer Afraid to Die,Illusory Walls,Epitaph,10/12/2021,Pirate!,11,"2, 3, 9","Post-Rock, Midwest Emo","Foxing, Manchester Orchestra, Tigers Jaw, Into It. Over It., Touche Amore",★★★★,12/12/2021,
digital,,audiobooks,Astro Tough,Heavenly/PIAS,10/12/2021,Planetary,"4, 5","1, 2, 9",Synthpop,"Raf Rundell, Crack Cloud, Dry Cleaning, Sorry, Pom Poko, Insecure Men, Kraftwerk, Bat For Lashes",★★★★,12/12/2021,
digital,,Royel Otis,Campus,House Anxiety / Ourness,10/12/2021,Planetary,,"1, 2","Indie Rock, Psychedelic Pop","MGMT, The Strokes, Hippo Campus, Wavves, Clap Your Hands Say Yeah, Islands, San Cisco, Surf Curse",★★★★,12/12/2021,
digital,,Matt Maltese,Good Morning It's Now Tomorrow,Nettwerk,10/12/2021,Planetary / Shine On,6,"4, 1, 2, 9",Psychedelic Pop,"Drugdealer, Mild High Club, Tomemitsu, Homeshake, Orla Gartland, BOYO",★★★★,12/12/2021,
digital + CD,,Explosions In The Sky,Big Bend (An Original Soundtrack For Public Television) ,Temporary Residence Ltd.,10/12/2021,Shine On,,"2, 5, 10, 1","Post-Rock, Film Score","Mogwai, Sigur Ros, Low, Nothing, Godspeed You Black Emperor",★★★,12/12/2021,
digital,,Novelty Island,How Are You Coping With This Century? ,Think Like A Key,10/12/2021,Shine On,,"5, 3, 1, 8",Psychedelic Pop,"Big Star, Real Estate, Belle & Sebastian, Lemon Twigs, Tobias Jesso Jr.",★★★,12/12/2021,
digital,,Lala Lala,I Want the Door to Open,Hardly Art,10/12/2021,Terrorbird,7 (edit avail.),"1, 2, 3, 5",Indie Pop/Rock,"Ian Sweet, Forth Wanderers, Illuminati Hotties",★★★,12/12/2021,
digital,,Often,Dirty Saint,Self-Released,10/12/2021,Terrorbird,,"4, 5, 6",Art Pop,"Ah-Mer-Ah-Su, Anjimile, and Lala Lala",★★★,12/12/2021,
digital,,S. Raekwon,Where I'm at Now,Father/Daughter,10/12/2021,Terrorbird,"3, 6, 7","1, 2, 8",Indie Pop,"Japanese Breakfast, the 1975, Caroline Polachek",★★★,12/12/2021,
digital,,Fotoform,Horizons,Dismal Nitch,10/12/2021,Tiger Bomb,,"2, 3, 4, 7","Darkwave, Post-Punk","Cold Cave, Drab Majesty, The Chromatics, Soft Kill",★★★,12/12/2021,
digital,,Helvetia,Helvetia Presents Sudden Hex,Joyful Noise,10/12/2021,Tiger Bomb,,"3, 10, 11, 13, 14",Lo-Fi Indie Rock,"Spirit Of The Beehive, Horse Jumper Of Love, Guided By Voices",★★★★,12/12/2021,
digital,,Advertisement,The Matador [single],Fire Talk,10/12/2021,,,,"Indie Rock, Art Rock","Iceage, Pardoner, Toner",★★★★★,12/12/2021,
digital + CD,,Canid,Claim,Self-Released,10/14/2021,,,,,,★★★,12/14/2021,
digital + CD,,CARTHIEFSCHOOL,kenjimiyazawa,Transduction,10/14/2021,,,,,,★★★★,12/14/2021,
digital + CD,,Vanishing Twin,Ookii Gekkou,Fire,10/14/2021,,,,,,★★★★,12/14/2021,
digital,,"Black Country, New Road",Chaos Space Marine [single],Ninja Tune,10/19/2021,Co-Sign,,,"Art Rock, Progressive Pop","black midi, Squid, PVA, Ought",★★★★★,12/19/2021,
digital,,Sundur,Somewhere There's Music,Self-Released,10/19/2021,Co-Sign,,"12, 2, 5, 3","Trip-Hop, Nu Jazz","Portishead, Morcheeba, Sade, Massive Attack, Thievery Corporation",★★★,12/19/2021,
digital,,Dean Wareham,I Have Nothing To Say To The Mayor Of L.A.,Double Feature,10/19/2021,Pirate!,2 (edit avail.),"1, 6, 3, 9","Indie Rock, Alt-Country","Luna, Dean & Britta, Magnetic Fields, Belle & Sebastian, Teenage Fanclub, The Chills",★★★,12/19/2021,
digital,,Xenia Rubinos,Una Rosa,ANTI-,10/19/2021,Pirate!,,"4, 5, 6, 7, 9","Art Pop, Experimental Pop","tUnE-yArDs, St. Vincent, M.I.A., Dawn Richard, CocoRosie",★★★★,12/19/2021,
digital,,Zeph,Scared of Everything [EP],Neon Gold,10/19/2021,Pirate!,,"5, 3, 1, 6",Indie Pop,"Claud, Beabadoobee, Chloe Moriondo, mxmtoon, Clairo, Broods, Cavetown",★★★,12/19/2021,
digital,,Apophis,Apophis,Coyote Records,10/19/2021,Planetary,,"2, 3, 1, 6",Psychedelic Pop,"LUMIÈRE, MGMT, Kevin Morby, Dr. Dog, Albert Hammond Jr.",★★★,12/19/2021,
digital,,Cate Le Bon,Running Away [single],Mexican Summer,10/19/2021,Planetary,,,Psychedelic Pop,"White Fence, Jessica Pratt, Weyes Blood, Nico, DRINKS, Gruff Rhys, Woods",★★★★,12/19/2021,
digital,,Church Girls,Still Blooms,Anchor Eighty Four,10/19/2021,Planetary,8,"2, 6, 4","Punk Rock, Power Pop","Mannequin Pussy, White Fang, Sleater-Kinney, Remember Sports, Iluminatti Hotties, Bad Moves, Japanese Breakfast, Dude York",★★★,12/19/2021,
digital,,Guided By Voices,It's Not Them. It Couldn't Be Them. It Is Them!,GBVinc,10/19/2021,Planetary,,"2, 3, 15, 14, 9",Indie Rock,"Car Seat Headrest, Ty Segall, Bob Mould, Superchunk, Sebadoh, The Who, Big Star, Wire",★★★,12/19/2021,
digital,,Mo Troper,Dilettante,Self-Released,10/19/2021,Planetary,"2*, 3*, 8","4, 16, 19, 24, 2*",Power Pop,"Mikal Cronin, Big Star, Teenage Fanclub, Tony Molina, Strange Ranger, The Berries, Sloan, Superdrag",★★★,12/19/2021,
digital,,ONETWOTHREE,ONETWOTHREE,Kill Rock Stars,10/19/2021,Planetary,,"6, 8, 1, 2, 3","Dance-Punk, Art Punk","Delta 5, The Raincoats, ShitKid, Kleenex, Warpaint, Stereolab",★★★,12/19/2021,
digital,,Post-Modern Connection,Clustered Umbrella [EP],Self-Released,10/19/2021,Planetary,,"1, 2",Psychedelic Pop,"Djo, Dan Mangan, Crumb, James Vincent McMorrow, Modern Nature, Wand, Inner Wave, Her’s, Good Morning",★★★,12/19/2021,
digital,,The Lounge Society,Last Breath [single],Speedy Wunderground / PIAS,10/19/2021,Planetary,,,"Post-Punk, Dance-Punk","Crack Cloud, Drahla, Corridor, Snapped Ankles, Television, Wire, IDLES",★★★★★,12/19/2021,
digital,,Tricky Woo,Sometimes I Cry,Blow the Fuse,10/19/2021,Planetary,,"2, 4, 7, 10",Garage Rock,"The Stooges, Rocket From The Crypt, The Gories, Dirtbombs, Radio Birdman, Murder City Devils",★★★★,12/19/2021,
digital,,Dark Mark Vs. Skeleton Joe,Dark Mark Vs. Skeleton Joe ,Kitten Robot / Rare Bird,10/19/2021,Shine On,,"2, 7, 4, 1, 12","Art Rock, Synth Punk","Spiritualized, The Horrors, Afghan Whigs, Nine Inch Nails, Chromatics, Nick Cave",★★★,12/19/2021,
digital,,Jeff Tweedy,C'mon America / UR-60 Unsent [single],Sub Pop,10/19/2021,Shine On,,,"Singer/Songwriter, Folk","Wilco [duh], The Felice Brothers, Cass McCombs, Father John Misty",★★★★,12/19/2021,
digital,,Julia Shapiro,Zorked,Suicide Squeeze,10/19/2021,Shine On,"4*, 8*, 7","2, 1, 3","Shoegaze, Indie Rock","Chastity Belt, Wednesday, Bleached, Slow Pulp, Mazzy Star, Jessica Lea Mayfield, Lala Lala, Bachelor, Fake Fruit & Death Valley Girls",★★★★,12/19/2021,
digital,,MF Robots,Break the Wall,BBE,10/19/2021,Shine On,,"4, 8, 5, 13","Funk, Neo-Soul","DaM-FunK, Durand Jones & The Indications, Thundercat, Prince",★★★,12/19/2021,
digital,,Nolan Potter,Music Is Dead,Castle Face,10/19/2021,Shine On,,3,"Progressive Rock, Psychedelic Rock","OSees, King Crimson, Tame Impala, Pond, Woods",★★★★,12/19/2021,
digital,,TV Priest,Lifesize / All Thing [single],Sub Pop,10/19/2021,Shine On,,,Post-Punk,"Fontaines DC, IDLES, Protomartyr",★★★★,12/19/2021,
digital,x,Another Michael,Unplugged Music and Big Sessions,Run For Cover,10/19/2021,Terrorbird,,"1, 2, 5, 6",Indie Folk/Pop,"Dr. Dog, Trace Mountains, Local Natives, Porches ",★★★,2/19/2022,
digital,,Deerhoof,"Actually, You Can",Joyful Noise,10/19/2021,Terrorbird,,"1, 2, 4, 6",Experimental Pop,"Palm, Vampire Weekend, Battles",★★★★,12/19/2021,
digital,,Furrows,Fisher King,Self-Released,10/19/2021,Terrorbird,,"1, 3, 9","Indie Pop, Jangle Pop","The Velvet Underground, Ducks Ltd., Hovvdy",★★★,12/19/2021,
digital,,Spirit Was,Heaven's Just A Cloud,Danger Collective,10/19/2021,Terrorbird,,"1, 3, 10","Indie Rock, Post-Hardcore","LVL UP, Microphones, Pile, Stove",★★★★,12/19/2021,
digital,,Surfbort,Keep On Truckin',Inner Freak,10/19/2021,The Syndicate,"1, 2, 3, 5, 8, 11","3, 7, 6",Garage Punk,"Amyl & the Sniffers, Gee Tee, Warthog, the Spits",★★★★,12/19/2021,
digital,,Kaley Rutledge,Tender Heart,Tone Tree Music,10/19/2021,Tiger Bomb,,"2, 3, 4, 6, 7",Indie Folk/Pop,"Katy Kirby, Esther Rose, Jess Williamson, Ada Lea",★★★,12/19/2021,
digital,,Odonis Odonis,Spectrums,Felte,10/19/2021,Tiger Bomb,7,"2, 3, 5, 10",Electro-Industrial,"Nine Inch Nails, HEALTH, Liars, Daughters, Nitzer Ebb",★★★,12/19/2021,
digital,,Hand Habits,Fun House,Saddle Creek,10/26/2021,Co-Sign,11,"7, 2, 4, 5",Indie Folk,"Angel Olsen, Phoebe Bridgers, Julien Baker, Tomberlin, Sasami, King Tuff",★★★★,12/26/2021,
digital,,Ross From Friends,Tread,Brainfeeder,10/26/2021,Co-Sign,,"1, 2, 10, 5","Garage, House","Jayda G, Against All Logic, DJ Seinfeld, India Jordan",★★★★,12/26/2021,
digital,,Angel Du$t,YAK: A Collection of Truck Songs,Roadrunner,10/26/2021,Pirate!,2,"1, 11, 6, 3, 4, 12","Indie Rock, Power Pop","Fiddlehead, Chubby and The Gang, Car Sear Headrest, Slaughter Beach Dog, Turnstile",★★★★,12/26/2021,
digital,,Jackson+Sellers,Breaking Point,ANTI-,10/26/2021,Pirate!,,"5, 6, 1","Garage Rock, Rock and Roll","Margo Price, Lilly Hiatt, Lydia Loveless, Heartless Bastards",★★★,12/26/2021,
digital,,Jordana & TV Girl,Summer's Over [EP],Grand Jury,10/26/2021,Planetary,3,"1, 2, 5",Indie Pop,"Claud, Clairo, Still Woozy, SALES, mxmtoon, The Go! Team, Cults, Ian Sweet, Alex G, Soccer Mommy",★★★,12/26/2021,
digital,,La Femme,Paradigmes : suppléments,Disque Pointu / IDOL,10/26/2021,Planetary,,"16, 19, 24",French Pop,"Stereolab, L’Imperatrice, Charlotte Gainsbourg, Anemone, Melody’s Echo Chamber, M83, Cate Le Bon, Devendra Banhart",★★★,12/26/2021,
digital,,Tonstartssbandht,Petunia,Mexican Summer,10/26/2021,Planetary,"2, 4 (edits avail.)","1, 3, 7",Psychedelic Rock,"Grateful Dead, Amen Dunes, Moon Duo, Walter TV, Perfume Genius, Wand",★★★,12/26/2021,
digital,,Together Pangea,DYE,Nettwerk,10/26/2021,Planetary / Pirate,"7, 8","5, 11, 1, 12","Indie Rock, Garage Rock","Wavves, Yuck, White Reaper, King Tuff, Ty Segall, FIDLAR",★★★,12/26/2021,
digital,,Good Morning,Barnyard,Polyvinyl,10/26/2021,Shine On,"2, 8 (edits avail.)","12, 10, 3, 4",Indie Rock,"Car Seat Headrest, Current Joys, Spoon, The Strokes",★★★★,12/26/2021,
digital,,Liily,TV Or Not TV,Flush,10/26/2021,Shine On,,"3, 2, 11, 10, 6","Indie Rock, Post-Punk","Parquet Courts, early Liars, Protomartyr, The Fall",★★★★,12/26/2021,
digital,,Sprints,Manifesto [EP],Nice Swan,10/26/2021,Shine On,,"3, 2, 4, 1",Post-Punk,"Bully, PJ Harvey, PINS, TV Priest",★★★★,12/26/2021,
digital,,Black Marble,Fast Idol,Sacred Bones,10/26/2021,Terrorbird,,"1, 3, 8, 10","Coldwave, Synthpop","Choir Boy, Chromatics, Drab Majesty",★★★★,12/26/2021,
digital + CD,,Cuffed Up,Asymmetry [EP],Royal Mountain Records,10/26/2021,Terrorbird,2,"1, 3, 4","Post-Punk, Noise Rock","The Joy Formidable, IDLES, Sonic Youth, The Pixies",★★★★,12/26/2021,
digital,,La Luz,La Luz,Hardly Art,10/26/2021,Terrorbird,,"1, 2, 3, 4, 7","Neo-Psychedelia, Surf Rock","The Shivas, Habibi, Shannon and The Clams, Chastity Belt",★★★★,12/26/2021,
digital,,Animal Collective,Prester John [single],Domino,10/26/2021,The Syndicate,,,Neo-Psychedelia,"Dan Deacon, Of Montreal, Deerhunter",★★★★,12/26/2021,
digital,,BODEGA,Doers [single],What's Your Rupture?,10/26/2021,The Syndicate,,,Art Punk,"Omni, Do Nothing, B Boys, Yard Act",★★★★,12/26/2021,
digital,,Henry Chadwick,We All Start Again,Swoon City Music,10/26/2021,Tiger Bomb,,"1, 2, 4, 5",Indie Rock/Pop,"Andy Shauf, Teenage Fanclub, Pernice Brothers",★★★,12/26/2021,
digital,,Pepe Deluxé,Phantom Cabinet Vol. 1,Catskills,10/26/2021,Tiger Bomb,,"1, 4, 5, 7",Progressive Pop,"Lemon Jelly, The Go! Team, Negativland",★★★,12/26/2021,
digital,,CIVIC TV,BLACK MOON,Flemish Eye,10/26/2021,,,"4, 5","Art Rock, Dark Ambient","N0V3L, Iceage, Fiver, FACS",★★★★,12/26/2021,
digital,,cumgirl8,RIPcumgirl8 [EP],DERO Arcade,10/26/2021,,"1, 4","2, 3",Post-Punk,"Knife Wife, Nots, Sneaks, Silicone Prairie",★★★★,12/26/2021,
digital + vinyl (12),x,Emily Robb,How to Moonwalk,Petty Bunco,10/26/2021,,,,Exp. Rock,,★★★★,2/26/2022,
,,feeble little horse,Hayday,Julia's War,10/26/2021,,TBD,"3, 10, 4, 9","Noise Pop, Indie Rock","Wednesday, Spirit of the Beehive, Sonic Youth, They Are Gutting a Body of Water",★★★★,12/26/2021,
digital,,Kohti Tuhoa,"Väkivaltaa 7""",La Vida Es Un Mus,10/26/2021,,TBD but not in English,,Hardcore Punk,,★★★★,12/26/2021,
digital,,Parquet Courts,Sympathy For Life,Rough Trade,10/26/2021,,,,,,★★★★★,12/26/2021,
digital,,Quarantine,Agony,La Vida Es Un Mus,10/26/2021,,TBD,,Hardcore Punk,,★★★★,12/26/2021,
digital,x (partially),Various Artists,Skunk'd Gunk,Dihd Records,10/26/2021,,,,"Freak Folk, No Wave, & more",,★★★★,12/26/2021,
digital,,Coco,Coco,First City Artists / AWAL,11/2/2021,Co-Sign,,"3, 2, 5, 4",Indie Pop,"Weyes Blood, Lucius, Broken Social Scene, Whitney, Sharon Van Etten",★★★★,1/2/2022,
digital,,Geese,Projector,Partisan,11/2/2021,Co-Sign,,"2, 3, 5, 6","Indie Rock, Art Punk","Talking Heads, Parquet Courts, Omni, Television, Sonic Youth, The Strokes",★★★★,1/2/2022,
digital,,Lunar Vacation,Inside Every Fig Is A Dead Wasp,Keeled Scales,11/2/2021,Co-Sign,,"9, 8, 3, 2","Dream Pop, Indie Pop","Alvvays, Hop Along, The Beths, Snail Mail, SALES",★★★★,1/2/2022,
digital,,Big D and the Kids Table,Do Your Art,SideOneDummy,11/2/2021,Pirate!,"7, 18","2, 3, 8",Ska Punk,"Rancid, Less Than Jake, The Mighty Mighty BossToneS, The Suicide Machines",★★★,1/2/2022,
digital,,Latvian Radio,Phooey!,Belpid,11/2/2021,Pirate!,,"2, 1, 6, 7, 10",Power Pop,"Elvis Costello, Replacements, Decemberists, Big Star, REM ",★★★,1/2/2022,
digital,,The Technicolors,Cinema Sublimina,OneRPM,11/2/2021,Pirate!,,"2, 5, 8, 3, 6","Indie Rock, Dance-Rock","The Strokes, Franz Ferdinand, Bad Suns, Arctic Monkeys, The Happy Fits",★★★,1/2/2022,
digital,,Abby Sage,Fears of Yours & Mine,Nettwerk,11/2/2021,Planetary,4,"2, 3, 1","Indie Pop, Singer/Songwriter","Hana Vu, Madeline Kenney, MUNYA, Lala Lala",★★★,1/2/2022,
digital,,Mia Doi Todd,Ten Views Of Music Life,City Zen,11/2/2021,Planetary,,"1, 2, 6","Avant-Folk, Singer/Songwriter","Kadhja Bonet, Jessica Pratt, Vashti Bunyan, Joan Baez, Grouper",★★★,1/2/2022,
digital,,Clinic,Fantasy Island,Domino,11/2/2021,Shine On,,"2, 4, 5, 9",Neo-Psychedelia,"Liars, Black Angels, Broadcast, Stereolab, Oneohtrix Point Never,",★★★★,1/2/2022,
digital,,Goodbye Honolulu,Goodbye Honolulu,Stray Dog,11/2/2021,Shine On,8,"7, 3, 9",Indie Rock,"Arctic Monkeys, Wavves, Weezer, JEFF The Brotherhood, Alvvays",★★★★,1/2/2022,
digital,,The Gloomies,Let Me Know When It's Over,Self-Released,11/2/2021,Shine On,"1, 3, 6","2, 5, 7, 8, 9","Indie Rock, Surf Punk","Dirty Projectors, The Strokes, MGMT, Cults, Small Black",★★★,1/2/2022,
digital,,Charlotte Cornfield,Highs in the Minuses,Double Double Whammy,11/2/2021,Terrorbird,"7, 10, 11","2, 8, 9",Indie Folk/Pop,"Ada Lea, The Weather Station, Hannah Georgas",★★★,1/2/2022,
digital,,Marissa Nadler,The Path of the Clouds,Sacred Bones,11/2/2021,Terrorbird,,"1, 3, 4, 11","Psychedelic Folk, Singer/Songwriter","Chelsea Wolfe, Emma Ruth Rundle, Julia Holter",★★★,1/2/2022,
digital,,Naomi Alligator,Concession Stand Girl [EP],Carpark,11/2/2021,Terrorbird,,"1, 3",Lo-Fi Indie Folk,"Kimya Dawson, Babehoven, Anna McClellan",★★★,1/2/2022,
digital,,Wet,Letter Blue,AWAL,11/2/2021,Terrorbird,,"3, 4, 6","Alternative R&B, Alt-Pop","The Japanese House, MUNA, Sjowgren",★★★,1/2/2022,
digital,,Xeno & Oaklander,Vi/deo,Dais Records,11/2/2021,Terrorbird,,"1, 2, 3","Synthpop, Minimal Wave","Cabaret Voltaire, Black Marble, Chromatics",★★★,1/2/2022,
digital,x,The War On Drugs,I Don't Live Here Anymore,Atlantic,11/2/2021,The Syndicate,,"6, 3, 8, 1","Indie Rock, Americana","Kurt Vile, Real Estate, Cass McCombs, Woods",★★★★,3/2/2022,
digital,,Naytronix,Other Possibilities,OAR,11/2/2021,Tiger Bomb,,"1, 3, 4, 6",Neo-Psychedelia,"Panda Bear, Toro Y Moi, Twin Shadow",★★★,1/2/2022,
digital,,The Convenience,Accelerator,Winspear,11/2/2021,Tiger Bomb,,"1, 2, 4, 5","Psychedelic Pop, Dream Pop","TOPS, Dayglow, Q, Barrie, Mk.gee, Crumb",★★★★,1/2/2022,
digital,,Lewsberg,In Your Hands,Self-Released / 12XU,11/2/2021,,,,"Indie Rock, Art Punk","Ought, Parquet Courts, Television, Modern Lovers",★★★★★,1/2/2022,
digital,x,Penny Be,self-titled,self-released,11/2/2021,,1,,"Indie Rock, Power Pop, Grunge, Indie Folk",,★★★★,3/2/2022,
digital + CD,,HARD FEELINGS,HARD FEELINGS,Domino,11/9/2021,Co-Sign,,"2, 8, 7",Alternative Dance,"Hot Chip, The Juan Maclean, LCD Soundsystem, Kelly Lee Owens",★★★,1/9/2022,
digital,,Emma Ruth Rundle,Engine of Hell,Sargent House,11/9/2021,Pirate!,,"1, 2, 4, 5, 6","Singer/Songwriter, Contemporary Folk","Wye Oak, Sharon Van Etten, Kate Bush, PJ Harvey, Chelsea Wolfe",★★★★,1/9/2022,
digital,,Greer,Happy People [EP],Epitaph,11/9/2021,Pirate!,,"1, 3, 2","Power Pop, Indie Rock","Wallows, Twin Peaks, Bad Suns, Peach Pit, Real Estate",★★★★,1/9/2022,
digital,,Guilty Giraffe,Pacing,Mint 400,11/9/2021,Pirate!,6,"1, 3, 5","Indie Rock, Noise Rock","No Age, A Place to Bury Strangers, Cloud Nothings",★★★,1/9/2022,
digital,,Swim Camp,Fishing in A Small Boat,Know Hope,11/9/2021,Pirate!,6,"3, 1, 10, 8",Slowcore,"Alex G, Hovvdy, LVL UP, Horse Jumper of Love, Trace Mountains, Real Estate",★★★★,1/9/2022,
digital,,Kidi Band,So Good,Earth Libraries,11/9/2021,Planetary,,"1, 3, 5, 8",Avant-Pop,"Local Natives, Dirty Projectors, Warpaint, Tune-Yards, Deerhoof",★★★★,1/9/2022,
digital,,MUNYA,Voyage to Mars,Luminelle,11/9/2021,Planetary,,"2, 3, 4, 5, 6","Indie Pop, Dream Pop","Hana Vu, Melody’s Echo Chamber, Anemone, Men I Trust, Stereolab",★★★,1/9/2022,
digital,,The Parrots,Dos,Heavenly/PIAS,11/9/2021,Planetary,"1*, 9, 11","3, 4, 6, edit of 1",Garage Rock,"The War On Drugs, Neu!, Bass Drum Of Death, Japandroids, Cloud Nothings",★★★,1/9/2022,
digital,,Nation of Language,A Way Forward,PIAS,11/9/2021,Planetary / The Syndicate,,"2, 3, 6, 5, 9","Synthpop, New Wave","Small Black, Cold Cave, The Soft Moon, White Lies, Porridge Radio, John Maus, Future Islands, CHVRCHES, LCD Soundsystem, New Order, The National",★★★,1/9/2022,
digital,,Hana Vu,Public Storage,Ghostly International,11/9/2021,Secretly,"3, 5, 10","12, 5, 10","Indie Pop, Dream Pop","Jay Som, MUNYA, Madeline Kenny",★★★★,1/9/2022,
digital,x,The Mary Veils,Somewhere Over The Rowhome [EP],PNKSLM,11/9/2021,Shine On,,"2, 1",Garage Rock,"Wand, Cory Hanson, Ty Segall, King Gizzard And The Lizard Wizard",★★★★,3/9/2022,
digital,,Hyd,Hyd [EP],PC Music,11/9/2021,Terrorbird,,"1, 2, 3","Electropop, Art Pop","Alaska Reid, Caroline Polachek, Caro",★★★,1/9/2022,
digital,,Sinead O' Brien,GIRLKIND [single],Self-Released,11/9/2021,Terrorbird,,,Post-Punk,,★★★★,1/9/2022,
digital,,Wooze,Get Me To A Nunnery [EP],Young Poet,11/9/2021,Terrorbird,,"1, 2, 3, 5","Dance-Punk, Avant-Pop","Working Mens Club, The Orielles, Gustaf",★★★★,1/9/2022,
digital,,Generationals,ILEANA [EP],Polyvinyl,11/9/2021,Tiger Bomb,4 (edit avail.),2. 4*,"Indie Pop, Psychedelic Pop","Toro Y Moi, STRFKR, Born Ruffians",★★★★,1/9/2022,
digital,,Medicore,Microdose Singles [EP],Dangerbird,11/9/2021,Tiger Bomb,,1,Indie Rock,"Sleater-Kinney, Liz Phair, Stef Chura",★★★★,1/9/2022,
digital,,Nylon Smile,Waiting For Oblivion,Citrus City,11/9/2021,Tiger Bomb,,"2, 3, 5, 6",Experimental Pop,"Pendant, Hovvdy, Florist, Sloping",★★★★,1/9/2022,
digital,,NECKBOLT,Midwestern Drawl,Self-Released,11/9/2021,US / THEM Group,,"2, 5, 8",Experimental Rock,"Exhalants, Power Pyramid, Hella",★★★★,1/9/2022,
digital,,IDLES,Crawler,Partisan,11/16/2021,Co-Sign,"4*, 5, 8*, 13, 14","7, 8*, 9, 2, 3, 4*",Post-Punk,"Shame, Protomartyr, Ought, Fontaines D.C., Pixies, Nick Cave & The Bad Seeds",★★★★★,1/16/2022,
digital,,Keys N Krates,Original Classic,Last Gang,11/16/2021,Co-Sign,"2, 7, 11 (edits avail.)","4, 2*, 7*, 3",,"RL Grime, Flosstradamus, Baauer, TNGHT, Machinedrum",★★★,1/16/2022,
digital,,Logic1000,In The Sweetness Of You [EP],Because Music,11/16/2021,Co-Sign,,"2, 5, 3","Deep House, UK Garage","India Jordan, Jayda G, Four Tet, Octo Octa, Caribou, Ross From Friends",★★★,1/16/2022,
digital + CD,,Chime School,Chime School,Slumberland Records,11/16/2021,Force Field,TBD,"2, 9","Indie Rock, Jangle Pop","The Umbrellas, Ducks Ltd. Motorists",★★★,1/16/2022,
digital,,Quiet Takes,"Weekly, Weakly [EP]",Self-Released,11/16/2021,Pirate!,,"1, 2, 3, 5",Dream Pop,"Azure Ray, Bat For Lashes, Cat Power, Feist, Angel Olsen, Rhye ",★★★,1/16/2022,
digital,x,Suntitle,In a Dream,Know Hope,11/16/2021,Pirate!,4,"2, 3, 1, 9","Post-Hardcore, Pop Punk","Basement, Fiddlehead, Citizen, Nothing, Teenage Wrist, Turnover, Only Sibling",★★★,3/16/2022,
digital,,Various Artists,At the Movies II,Mint 400,11/16/2021,Pirate!,,"1, 2, 6, 9, 12, 20",,,★★★★,1/16/2022,
digital,x,Empath,Born 100 Times / Diamond Eyelids [single],Fat Possum,11/16/2021,Planetary,,,Noise Pop,"Lucinda Williams, No Age, The Spirit of the Beehive, FEELS, Control Top, Katie Day",★★★★★,3/16/2022,
digital,,"Joan As Police Woman, Tony Allen, and Dave Okumu",The Solution is Restless ,PIAS,11/16/2021,Planetary,,"3, 7","Art Pop, Art Rock","Bat For Lashes, Cate Le Bon, Thom Yorke, PJ Harvey, Sudan Archives, Cat Power",★★★★,1/16/2022,
digital,,Penelope Isles,Which Way to Happy,Bella Union / PIAS,11/16/2021,Planetary,3,"1, 4, 5, 7","Indie Pop, Psychedelic Pop","Angel Olsen, Piroshka, Melody’s Echo Chamber, Pom Poko, Black Country, New Road, Squid",★★★★,1/16/2022,
digital,,Phantom Limb,Pastoral,Earth Libraries,11/16/2021,Planetary,,"5, 6, 8",Garage Rock,"Ty Segall, The Chats, Royal Headache, The Coathangers, Surfbort",★★★★,1/16/2022,
digital + CD,,JRCG,Ajo Sunshine,Castle Face,11/16/2021,Shine On,,"3, 2","Experimental Rock, Noise Rock","Total Control, White Fence, Dreamdecay",★★★★,1/16/2022,
digital + CD,,Kills Birds,Married,KRO,11/16/2021,Shine On,9,"1, 2, 4, 3 & 11","Post-Punk, Noise Pop","Bully, Amyl & the Sniffers, Protomartyr, IDLES, Yeah Yeah Yeahs, Dream Wife",★★★★,1/16/2022,
digital + CD,,Louie Short,Omw 4ev,444%,11/16/2021,Shine On,,"2, 3, 1, 5, 8","Indie Folk, Indie Pop","Andy Shauf, Hovvdy, Christian Lee Hutson, Cass McCombs, Big Thief,",★★★,1/16/2022,
digital + CD,,The Dodos,Grizzly Peak,Polyvinyl,11/16/2021,Shine On,"3, 7","2, 1, 9, 5",,"Dirty Projectors, The Walkmen, Animal Collective, Fleet Foxes, Grizzly Bear",★★★,1/16/2022,
digital,,Cola,Blank Curtain [single],Fire Talk,11/16/2021,Terrorbird,,,Art Punk,"Ought, U.S. Girls, Uranium Club, Parquet Courts",★★★★★,1/16/2022,
digital,,Lionlimb,Spiral Groove,Bayonet,11/16/2021,Terrorbird,,"2, 3, 6, 10",Psychedelic Pop,"Trace Mountains, Julia Shapiro, Drug Dealer",★★★★,1/16/2022,
digital,,Makthaverskan,För Allting,Run For Cover,11/16/2021,Terrorbird,,"1, 2, 5, 10","Dream Pop, Post-Punk","Savages, Anika, Alvvays, Iceage",★★★★,1/16/2022,
digital,,NNAMDÏ ,Are You Happy? [EP],Sooper Records,11/16/2021,Terrorbird,"3, 5","1, 2, 4","Art Pop, Alt. R&B","Open Mike Eagle, Lala Lala, Anjimile ",★★★,1/16/2022,
digital,,Oberhofer,Smothered,Telefono,11/16/2021,Terrorbird,,"7, 8, 9",Indie Pop/Rock,"Django Django, Surfer Blood, Beach Fossils",★★★★,1/16/2022,
digital,,Claire Cronin,Bloodless,Orindal,11/16/2021,Tiger Bomb,,"1, 3, 5, 8",Indie Folk,"Indigo Sparke, Gia Margaret, Sam Amidon",★★★★,1/16/2022,
digital,,Constant Smiles,Paragons,Sacred Bones,11/16/2021,,,"2, 9, 4","Synthpop, Coldwave","Cold Beat, Dummy, Chime School",★★★★,1/16/2022,
digital,x,hectic zeniths,The Clock King,,11/16/2021,,,,"Instrumental Hip-Hop, Downtempo, Trip Hop","Blue Sky Black Death, Balam Acab, Gold Panda",★★★,3/16/2022,
digital,,Snail Mail,Valentine,Matador,11/19/2021,Beggars,"1, 2, 10","5, 8, 3","Indie Rock, Indie Pop","Japanese Breakfast, Soccer Mommy, Faye Webster",★★★★,1/19/2022,
digital,,Beach House,Once Twice Melody: Chapter 1 [EP],Sub Pop,11/19/2021,Shine On,,1,Dream Pop,"My Bloody Valentine, Low, Grizzly Bear, Cults, Lower Dens",★★★★,1/19/2022,
digital,x,Jodaki,A Portrait of the Artist As a Dumb Man [single],Self-Released,11/19/2021,,use clean edit!,,"Indie Rock, Power Pop","Jeff Rosenstock, Car Seat Headrest, Weezer",★★★★,3/19/2022,
digital,x,The Goodbye Party,Stray Sparks,Double Double Whammy,11/19/2021,,,"3, 10, 5",Indie Folk,"Lomelda, Big Thief, James Blake",★★★★,3/19/2022,
digital + CD,,Chris Liebing,Another Day,Mute,11/22/2021,Co-Sign,,"1, 3, 2, 4","Minimal Techno, Synthwave","Jon Hopkins, Daniel Avery, Aphex Twin, Gary Numan",★★★★,1/22/2022,
digital,,Mitski,The Only Heartbreaker [single],Dead Oceans,11/22/2021,Co-Sign,,,Indie Rock,"Japanese Breakfast, Phoebe Bridgers, Snail Mail, Lucy Dacus, Julien Baker",★★★★★,1/22/2022,
digital,,Fine Place,This New Heaven,Night School,11/22/2021,Force Field,,"2, 5, 6","Synthpop, Post-Punk","Pop. 1280, Vivian Girls, Beach House",★★★★,1/22/2022,
digital,,Deap Vally,Marriage,Cooking Vinyl,11/22/2021,Pirate!,"1, 9 (edits avail.)","3, 4, 11, 12, 1*, 9*","Garage Rock, Indie Rock","The Kills, Sleater-Kinney, Bully, Chastity Belt, The Pack AD, Karen O",★★★★,1/22/2022,
digital,,Jim Lindberg,Songs From the Elkhorn Trail,Epitaph,11/22/2021,Pirate!,1 (edit avail.),"2, 3, 4, 1*","Alt. Rock, Punk Rock","Brian Fallon, Laura Jane Grace, Frank Turner, Dave Hause, The Hold Steady, Pennywise ",★★★,1/22/2022,
digital,,The Antlers,Losing Light [EP],ANTI,11/22/2021,Pirate!,,"1, 3, 4","Dream Pop, Slowcore","Beach House, Grizzly Bear, Bon Iver, Fleet Foxes, Wolf Parade, Destroyer, Sigur Rós",★★★★,1/22/2022,
digital,,Tom Barrett,Five Songs [EP],Mint 400,11/22/2021,Pirate!,,"1, 3, 4","Indie Rock, Slowcore","Lou Barlow, Yo La Tengo, Deerhunter, Stephen Malkmus",★★★★,1/22/2022,
digital,,Chillingsworth,Chillingsworth Surfingham [EP],Atom Records,11/22/2021,Planetary,,"1, 4, 3",Surf Rock,"Los Straitjackets, Man Or Astro-Man?, Link Wray, Dick Dale, King Khan, The Gories, The Ventures",★★★★,1/22/2022,
digital,,Pip Blom,Welcome Break,Heavenly / PIAS,11/22/2021,Planetary,,"1, 3, 4, 5, 6","Indie Rock, Power Pop","Alvvays, Alex Lahey, Waxahatchee, The Breeders, Courtney Barnett",★★★★,1/22/2022,
digital,,Sleep Diet,Void Everywhere [EP],Self-Released,11/22/2021,Planetary,,"1, 3","Lo-Fi Indie Rock, Slowcore","Low, Red House Painters, Sparklehorse, Codeine, Hovvdy, Alex G, Field Medic, Runnner",★★★★,1/22/2022,
digital,,sleepmakeswaves,Live At The Metro,Bird's Robe,11/22/2021,Planetary,,"2, 3, 7, 8",Post-Rock,"This Will Destroy You, Explosions In The Sky, Mogwai, Caspian",★★★,1/22/2022,
digital,,Damon Albarn,"The Nearer The Fountain, More Pure The Stream Flows",Transgressive / PIAS,11/22/2021,Planetary / The Syndicate,,"1, 3, 8, 10, 11","Art Pop, Ambient Pop","Gorillaz, Blur, James Blake, Sampha, Mount Kimbie",★★★,1/22/2022,
digital,,CIVIC,Future Forecast,ATO,11/22/2021,Shine On,"6, 12","5, 1, 3",Garage Punk,"Parquet Courts, The Men, Liily, King Gizzard And The Lizard Wizard",★★★★,1/22/2022,
digital,,Sam Wilkes,One Theme And Subsequent Improvisation,Leaving,11/22/2021,Shine On,,"5, 1, 6",Avant-Garde Jazz,"Pharoah Sanders, Alice Coltrane, Flying Lotus, Miles Davis",★★★★,1/22/2022,
digital,,Sweeping Promises,Pain Without a Touch [single],Sub Pop,11/22/2021,Shine On,,,Post-Punk,"Omni, Uranium Club, Pylon, Alien Nosejob",★★★★,1/22/2022,
digital,,VALERAS,Tell Me Now [EP],The Liquid Label,11/22/2021,Shine On,,"1, 3",Indie Pop/Rock,"Japanese Breakfast, Wolf Alice, MUNA, Dream Wife, CHVRCHES",★★★,1/22/2022,
digital,,"Mandy, Indiana",...EP [EP],Fire Talk,11/22/2021,Terrorbird,"2, 5","1, 2*, 3","Post-Punk, EBM","Tiña, The Lounge Society, Yard Act ",★★★★,1/22/2022,
digital,,Mr Twin Sister,Al Mondo Azul,Twin Group,11/22/2021,Terrorbird,,"1, 5, 6","Funktronica, Alt. R&B, Synthpop","Fever Ray, Nite Jewel, Blue Hawaii, Ava Luna",★★★,1/22/2022,
digital + CD,,Mike Adams at His Honest Weight,Oscillate Wisely (10th Anniversary Edition),Joyful Noise,11/22/2021,Tiger Bomb,,"1, 3, 4",Indie Rock,"Pedro The Lion/David Bazan, The Sea and Cake, Starflyer 59",★★★,1/22/2022,
digital,,Swansea Sound,Live At The Rum Puncheon,HHBTM/Skep Wax,11/22/2021,Tiger Bomb,,"1, 9, 2, 6","Indie Rock, Indie Pop","Television Personalities, The Wedding Present, The Pastels, The Go-Betweens",★★★★,1/22/2022,
digital,,Tōth,DEATH [EP],Northern Spy,11/22/2021,Tiger Bomb,,"1, 3, 5",Art Pop,"Andy Shauf, Sam Evian, Arthur Russell",★★★,1/22/2022,
digital,,Renée Reed,J'ai rêvé [EP],Keeled Scales,11/22/2021,,,,Psychedelic Folk,"Mega Bog, Marina Allen, Ada Lea, Lael Neale",★★★,1/22/2022,
digital,,The Nurse,Discography 1983-1984,La Vida Es Un Mus,11/22/2021,,TBA,,Japanese Hardcore,,★★★★,1/22/2022,
digital,,Unidad Ideológica,Unidad Ideológica,La Vida Es Un Mus,11/22/2021,,TBA,"1, 6",Hardcore Punk,,★★★★,1/22/2022,
digital,,White Stains,Make Me Sick,La Vida Es Un Mus,11/22/2021,,TBA,,Hardcore Punk,,★★★★,1/22/2022,
digital,,Aesop Rock & Blockhead,Garbology,Rhymesayers,12/1/2021,Co-Sign,USE CLEAN EDITS,"2, 9, 7, 5","Abstract Hip-Hop, Boom Bap","Atmosphere, Del The Funky Homosapien, Blackalicious, MF DOOM",★★★,2/1/2022,
digital,,Land of Talk,Calming Night Partner [EP],Saddle Creek,12/1/2021,Co-Sign,,"2, 3, 1",Indie Rock,"Big Thief, Broken Social Scene, Angel Olsen, Wye Oak, Middle Kids, Ohmme",★★★★,2/1/2022,
digital + CD,,Various Artists,Remixes JID010,Jazz Is Dead,12/1/2021,Co-Sign,,"3, 8, 7, 6",Various forms of Jazz,"Cut Chemist, Georgia Anne Muldrow, Shigeto, Pink Siifu, Madlib",★★★★,2/1/2022,
digital,,Woolbright,Carousel [EP],Self-Released,12/1/2021,Pirate!,"4, 6 (edits avail.)","1, 2, 4*, 6*","Indie Rock, Emo-Pop","Ratboys, Wednesday, Great Grandpa, Land of Talk, Hop Along, Mannequin Pu*sy",★★★★,2/1/2022,
digital,,Houeida Hedfi,Fleuves de l'Âme,Phantasy Sound/PIAS,12/1/2021,Planetary,,"4, 2",Arabic Folk Music,"The Knife, Sarah Neufeld, Julia Holter, Joanna Newsom, Hiroshi Yoshimura, Susumu Yokota, Hans Zimmer",★★★,2/1/2022,
digital,,Infinite Coles,Destiny,Don't Sleep/PIAS,12/1/2021,Planetary,,"1, 4",Neo-Soul,"Sampha, serpentwithfeet, Moses Sumney, L’Rain, Half Waif, Solange, FKA Twigs, Joy Orbison, Everything Is Recorded",★★★,2/1/2022,
digital,,Pick a Piper,Sea Steps,Tin Angel,12/1/2021,Planetary,,"3, 1","Art Pop, Indietronica","Dntel, Julia Holter, Julianna Barwick, Björk, Tim Hecker, Lauren Halo, Spellling",★★★,2/1/2022,
digital,,Sprints,How Does The Story Go? [single],Nice Swan,12/1/2021,Shine On,,,Post-Punk,"Bully, PJ Harvey, PINS, Le Tigre, TV Priest",★★★★,2/1/2022,
digital,,Time Wharp,Ingenue [EP],Leaving,12/1/2021,Shine On,,"1, 3","Ambient Pop, Synth Jazz (?)","Jenny Hval, Kaitlyn Aurelia Smith, Julia Holter, Prefuse 73",★★★★,2/1/2022,
digital,,Low Life,From Squats to Lots: The Agony & XTC of Low Life,Goner,12/1/2021,Terrorbird,"3, 5, 6, 7, 10","1, 2, 8",Post-Punk,"Total Control, Marbled Eye, Death Bells, Royal Headache",★★★★,2/1/2022,
digital,,Narrow Head,Satisfaction,Run For Cover,12/1/2021,Terrorbird,,"1, 3, 4","Shoegaze, Alternative Rock","Teenage Wrist, Slow Crush, Superheaven",★★★,2/1/2022,
digital,,Riki,Gold,Dais,12/1/2021,Terrorbird,,"2, 6, 9","Synthpop, Darkwave","Kate Bush, Xeno & Oakland, Pet Shop Boys, early-80s Madonna",★★★★,2/1/2022,
digital,,Richard Dawson & Circle,Henki,Domino,12/1/2021,The Syndicate,,"5, 6, 1","Art Rock, Progressive Rock",,★★★,2/1/2022,
digital,,Macie Stewart,Mouth Full of Glass,Orindal,12/1/2021,Tiger Bomb,2 (edit avail.),"1, 3, 2*",Indie Folk,"Julien Baker, Adrienne Lenker, Lomelda, Bedouine",★★★,2/1/2022,
digital + CD,,Half String,A Fascination With Heights [reissue],Independent Project,12/7/2021,AMAPAC,,"9, 5, 2, 3, 14","Indie Rock, Shoegaze","Built To Spill, Low, My Bloody Valentine",★★★★,2/7/2022,
digital + CD,,Sun Atoms,Let There Be Light,Little Cloud,12/7/2021,AMAPAC,8,"1, 4","Alt. Rock, Psychedelic Rock","Spacemen 3, Brian Jonestown Massacre, Moon Duo",★★★,2/7/2022,
digital,,Fairmont,A Retrospective 2011-2021,Mint 400,12/7/2021,Pirate!,,"1, 2, 3, 4, 9",Indie Rock/Alt. Rock,"Say Hi, Ben Gibbard, Guided By Voices, Destroyer, Weezer",★★★,2/7/2022,
digital,,The Buttshakers,Arcadia,Underdog,12/7/2021,Pirate!,,"1, 2, 3, 5","Rhythm & Blues, Soul","Mavis Staples, Alabama Shakes, Sharon Jones & The Dap Kings, Menahan Street Band",★★★,2/7/2022,
digital,,Nell & The Flaming Lips,Where The Viaduct Looms,Bella Union/PIAS,12/7/2021,Planetary,,"1, 8",Neo-Psychedelia,"The Flaming Lips, Nick Cave, Penelope Isles, Thom Yorke, Hand Habits, Low",★★★,2/7/2022,
digital,,Saint Etienne,Her Winter Coat [EP],Heavenly / PIAS,12/7/2021,Planetary,,"1, 3, 2",Art Pop,"Everything But The Girl, Björk, Portishead, Stereolab, Ivy, The Cardigans",★★★★,2/7/2022,
digital,,Yard Act,Payday [single],Zen F.C.,12/7/2021,Planetary,,,Post-Punk,"Fontaines D.C., Fat White Family, Courting, Working Men's Club",★★★★,2/7/2022,
vinyl,,Meadow House,This should not be happening,Feeding Tube,12/7/2021,TBD,,,Lo-Fi Experimental Music??,Daniel Johnston,★★★★,2/7/2022,
digital,,Julie Doiron,I Thought Of You,You've Changed,12/7/2021,Terrorbird,,"1, 2, 9","Singer/Songwriter, Indie Rock","Mirah, Land of Talk, Lomelda",★★★★,2/7/2022,
CD + digital,,Nisa,Time to Plant Tears [EP],Self-Released,12/7/2021,Terrorbird,,"2, 4, 5",Indie Rock/Pop,"J Harvey, Soccer Mommy, Sydney Sprague, Phoebe Bridgers",★★★★,2/7/2022,
digital,,Phoebe Rings,Phoebe Rings [EP],Self-Released,12/7/2021,Terrorbird,,"1, 3, 4",Indie Pop,"Merk, Lips, Lawrence Arabia",★★★,2/7/2022,
digital,,Wombo,One of These [single],Fire Talk,12/7/2021,Terrorbird,,,Indie Rock,"Dry Cleaning, Deeper, Palberta",★★★★,2/7/2022,
digital,,Cassandra Jenkins,(An Overview on) An Overview on Phenomenal Nature,Ba Da Bing!,12/7/2021,Tiger Bomb,,"5, 6, 1, 8","Cont. Folk, Singer/Songwriter","David Berman, Hand Habits, Destroyer, Sun June",★★★,2/7/2022,
vinyl,,Agrio with Pete Simonelli,The Thin Man,Broken Clover,12/7/2021,,,,"Post-Rock, Spoken Word","Slint, Black Country, New Road, John Cale",★★★★,2/7/2022,
vinyl,,Attic Ted,The Pandemic Single,Crazy Records,12/7/2021,,,,"Post-Punk, Exp. Rock",,★★★,2/7/2022,
digital,,Can,Live In Brighton 1975,Mute,12/7/2021,,,,Krautrock,"NEU!, Faust, Suicide, John Cale, The Fall",★★★★,2/7/2022,
vinyl,,Eye O,Continua,Broken Clover,12/7/2021,,,,"Exp. Rock, Post-Punk, Krautrock","Black Country, New Road, Squid, Black Eyes",★★★★★,2/7/2022,
vinyl,x,Florry,Big Fall,12XU,12/7/2021,,,"6, 1","Alt-Country, Psychedelic Folk, Cosmic Americana",,★★★★,4/7/2022,
vinyl,,J. Lansdowne,J. Lansdowne,Self-Released,12/7/2021,,,,"Psychedelic Rock, Folk Rock",,★★★,2/7/2022,
vinyl,,June of 44,Revisionist: Adaptations & Future Histories In The Time Of Love And Survival,Broken Clover,12/7/2021,,,,"Alt. Rock, Post-Punk",,★★★★,2/7/2022,
digital + CD,,Matthew Shipp,Codebreaker,TAO Forms,12/7/2021,,,,Avant-Garde Jazz,,★★★,2/7/2022,
vinyl,,PINK MEXICO,Idiot Piss Illiterate,Broken Clover,12/7/2021,,"1, 2, 4, 5, 6, 7",3,Garage Punk,"Frankie & the Witch Fingers, Loudness War, Adult Books",★★★★,2/7/2022,
vinyl,,PUNGENT,The Blotched Moon,Broken Clover,12/7/2021,,,,"Free Jazz, Psychedelic Jazz",,★★★★,2/7/2022,
vinyl,,The Cripples,Handbag,Self-Released,12/7/2021,,,,Synth Punk,"Suicide, Thee Oh Sees",★★★★,2/7/2022,
vinyl,,Viewer,True Friend Record,Feeding Tube,12/7/2021,,,,Avant-Folk,,★★★,2/7/2022,
digital,,Jockstrap,50/50 [single],Rough Trade,12/15/2021,Beggars,not clean!,,"Glitch Pop, Breakbeat","Injury Reserve, the Garden, Body Meat",★★★★,2/15/2022,
digital,,Superchunk,Endless Summer [single],Merge,12/15/2021,Co-Sign,,,Indie Rock,"The Thermals, Dinosaur Jr., Guided By Voices",★★★★,2/15/2022,
digital,,Grade 2,Graveyard Island: Acoustic Sessions,Hellcat/Pirates Press,12/15/2021,Pirate!,2,"5, 1, 4","Folk Punk, Punk Rock","Frank Turner, Fontaines D.C. Lars Frederiksen ",★★★★,2/15/2022,
digital,,Portraits of Sawyer,Whatever You May Say,Self-Released,12/15/2021,Pirate!,5 (edit avail.),"2, 7, 4",Alt. Rock,"Destroyer, Beck, Iron & Wine, Andrew Bird ",★★★,2/15/2022,
digital,,Bully,Just For Love [single],Sub Pop,12/15/2021,Shine On,,,Indie Rock/Pop,"Amyl & The Sniffers, Soccer Mommy, Waxahatchee, Diet Cig, Tacocat",★★★★,2/15/2022,
digital,,King Gizzard And The Lizard Wizard,Neu Butterfly 3000 (Peaches Remix) b/w Shanghai Dub (The Scientist Remix) [single],KGLW,12/15/2021,Shine On,,,Neo-Psychedelia,"Peaches, The Scientist, Thee Oh Sees / OSees, Ty Segall",★★★★,2/15/2022,
digital,,Various Artists,Nocturnes,Midnight Special,12/15/2021,Terrorbird,,"1, 2, 5",French Pop,"Laure Briard, Cléa Vincent, Michelle Blades ",★★★★,2/15/2022,
digital,,Arguing With Hurricanes,Arguing With Hurricanes [EP],Joyful Noise,12/15/2021,Tiger Bomb,2,"1, 3",Dream Pop,"Beach House, El Ten Eleven",★★★,2/15/2022,
digital,x,Bug Love,Judge,Self-Released,12/15/2021,,TBD,,Indie Pop,,★★★,4/15/2022,
digital,x,Doused,Murmur,Flesh & Bone,12/15/2021,,,,"Shoegaze, Dream Pop",,★★★★,4/15/2022,
digital,x,Doused,Murmur (Extended),Flesh & Bone,12/15/2021,,,,"Various electronic genres, Drum n Bass, Breakbeat",,★★★★,4/15/2022,
digital,x,Jo Kusy,MOP CHALK_ Wet Genius,Kooze Kastle,12/15/2021,,TBD,,"Lo-Fi Indie Rock, Garage Rock, Psych Pop",,★★★★,4/15/2022,
digital,x,Max Black,The Outside,Self-Released,12/15/2021,,,,,,★★★,4/15/2022,
digital,x,NEGLIGEE,What Becomes of Those of Us Who Cannot Love,Self-Released,12/15/2021,,,,"Coldwave, Darkwave",,★★★,4/15/2022,
digital,x,Nonfiction,I Painted This One Blue,Self-Released,12/15/2021,,,,,,★★★★,4/15/2022,
digital,x,Perils,Live At the Grape Room,Self-Released,12/15/2021,,TBD,,"Garage Rock, Grunge, Psychedelic Rock","Mudhoney, Melvins",★★★,4/15/2022,
digital,x,Port Henry,Laugh Without a Sound,Self-Released,12/15/2021,,,,,,★★★,4/15/2022,
digital,x,rentboy,Radio,Self-Released,12/15/2021,,TBD,,"Deep House, Synthpop",,★★★,4/15/2022,
digital,x,Sam Silbert,Down On Silverlake,Self-Released,12/15/2021,,,,,,★★★,4/15/2022,
digital,x,wife boy,black tea // sle7en,Self-Released,12/15/2021,,TBD,,Emo-Pop,,★★★,4/15/2022,